python3: can't open file '/home/onikita/projects/nobonk/glm_kotlin.py': [Errno 2] No such file or directory
2026-08-28 11:30:03 | PASS 7 · AlertPolicy.kt — generation failed, reverted
2026-08-28 11:31:14 | ===== nobonk-glm-loop started (pid 3303508) =====
2026-08-28 11:31:14 | PASS 1 · Nms.kt — coding-lane hardening…
GLM_OK: rewrote app/src/main/java/ai/genwhy/nobonk/ml/Nms.kt (2410 chars)
2026-08-28 11:31:38 | PASS 1 · Nms.kt — generated; running tests…
2026-08-28 11:31:54 | PASS 1 · Nms.kt — TESTS GREEN, committed
2026-08-28 11:32:04 | PASS 1 · LowLight.kt — coding-lane hardening…
GLM_OK: rewrote app/src/main/java/ai/genwhy/nobonk/ml/LowLight.kt (3416 chars)
2026-08-28 11:32:46 | PASS 1 · LowLight.kt — generated; running tests…
2026-08-28 11:32:49 | PASS 1 · LowLight.kt — TESTS GREEN, committed
2026-08-28 11:32:59 | PASS 1 · Letterbox.kt — coding-lane hardening…
GLM_OK: rewrote app/src/main/java/ai/genwhy/nobonk/ml/Letterbox.kt (3685 chars)
2026-08-28 11:33:40 | PASS 1 · Letterbox.kt — generated; running tests…
2026-08-28 11:33:43 | PASS 1 · Letterbox.kt — TESTS GREEN, committed
2026-08-28 11:33:53 | PASS 1 · Detection.kt — coding-lane hardening…
GLM_OK: rewrote app/src/main/java/ai/genwhy/nobonk/model/Detection.kt (2722 chars)
2026-08-28 11:34:20 | PASS 1 · Detection.kt — generated; running tests…
e: file:///home/onikita/projects/nobonk/app/src/main/java/ai/genwhy/nobonk/model/Detection.kt:45:49 Unresolved reference 'isEmpty'.

FAILURE: Build failed with an exception.

* What went wrong:
Execution failed for task ':app:compileDebugKotlin'.
> A failure occurred while executing org.jetbrains.kotlin.compilerRunner.GradleCompilerRunnerWithWorkers$GradleKotlinCompilerWorkAction
   > Compilation error. See log for more details

* Try:
> Run with --stacktrace option to get the stack trace.
> Run with --info or --debug option to get more log output.
> Run with --scan to generate a Build Scan (powered by Develocity).
> Get more help at https://help.gradle.org.

BUILD FAILED in 1s
2026-08-28 11:34:21 | PASS 1 · Detection.kt — TESTS FAILED, reverted
2026-08-28 11:34:31 | PASS 1 · NormBox.kt — coding-lane hardening…
GLM_OK: rewrote app/src/main/java/ai/genwhy/nobonk/model/NormBox.kt (2704 chars)
2026-08-28 11:35:00 | PASS 1 · NormBox.kt — generated; running tests…
2026-08-28 11:35:02 | PASS 1 · NormBox.kt — TESTS GREEN, committed
2026-08-28 11:35:12 | PASS 1 · SensorMonitor.kt — coding-lane hardening…
GLM_OK: rewrote app/src/main/java/ai/genwhy/nobonk/ml/SensorMonitor.kt (4881 chars)
2026-08-28 11:35:55 | PASS 1 · SensorMonitor.kt — generated; running tests…
2026-08-28 11:35:57 | PASS 1 · SensorMonitor.kt — TESTS GREEN, committed
2026-08-28 11:36:07 | PASS 1 · DetectionEvent.kt — coding-lane hardening…
GLM_OK: rewrote app/src/main/java/ai/genwhy/nobonk/data/DetectionEvent.kt (5363 chars)
2026-08-28 11:36:49 | PASS 1 · DetectionEvent.kt — generated; running tests…
2026-08-28 11:36:51 | PASS 1 · DetectionEvent.kt — TESTS GREEN, committed
2026-08-28 11:37:01 | PASS 1 · AlertPolicy.kt — coding-lane hardening…
GLM_OK: rewrote app/src/main/java/ai/genwhy/nobonk/ml/AlertPolicy.kt (6426 chars)
2026-08-28 11:37:57 | PASS 1 · AlertPolicy.kt — generated; running tests…
2026-08-28 11:37:59 | PASS 1 · AlertPolicy.kt — TESTS GREEN, committed
2026-08-28 11:38:09 | PASS 1 · AnalyticsEngine.kt — coding-lane hardening…
GLM_OK: rewrote app/src/main/java/ai/genwhy/nobonk/analytics/AnalyticsEngine.kt (8513 chars)
2026-08-28 11:39:43 | PASS 1 · AnalyticsEngine.kt — generated; running tests…
2026-08-28 11:39:45 | PASS 1 · AnalyticsEngine.kt — TESTS GREEN, committed
2026-08-28 11:39:55 | PASS 2 · Nms.kt — coding-lane hardening…
GLM_OK: rewrote app/src/main/java/ai/genwhy/nobonk/ml/Nms.kt (2410 chars)
2026-08-28 11:40:13 | PASS 2 · Nms.kt — generated; running tests…
2026-08-28 11:40:14 | PASS 2 · Nms.kt — no change
2026-08-28 11:40:24 | PASS 2 · LowLight.kt — coding-lane hardening…
GLM_OK: rewrote app/src/main/java/ai/genwhy/nobonk/ml/LowLight.kt (3953 chars)
2026-08-28 11:41:01 | PASS 2 · LowLight.kt — generated; running tests…
2026-08-28 11:41:03 | PASS 2 · LowLight.kt — TESTS GREEN, committed
2026-08-28 11:41:13 | PASS 2 · Letterbox.kt — coding-lane hardening…
GLM_OK: rewrote app/src/main/java/ai/genwhy/nobonk/ml/Letterbox.kt (3921 chars)
2026-08-28 11:41:53 | PASS 2 · Letterbox.kt — generated; running tests…
2026-08-28 11:41:55 | PASS 2 · Letterbox.kt — TESTS GREEN, committed
2026-08-28 11:42:05 | PASS 2 · Detection.kt — coding-lane hardening…
GLM_OK: rewrote app/src/main/java/ai/genwhy/nobonk/model/Detection.kt (2268 chars)
2026-08-28 11:42:32 | PASS 2 · Detection.kt — generated; running tests…
2026-08-28 11:42:33 | PASS 2 · Detection.kt — TESTS GREEN, committed
2026-08-28 11:42:43 | PASS 2 · NormBox.kt — coding-lane hardening…
GLM_OK: rewrote app/src/main/java/ai/genwhy/nobonk/model/NormBox.kt (2946 chars)
2026-08-28 11:43:36 | PASS 2 · NormBox.kt — generated; running tests…
2026-08-28 11:43:38 | PASS 2 · NormBox.kt — TESTS GREEN, committed
2026-08-28 11:43:48 | PASS 2 · SensorMonitor.kt — coding-lane hardening…
GLM_OK: rewrote app/src/main/java/ai/genwhy/nobonk/ml/SensorMonitor.kt (4866 chars)
2026-08-28 11:44:21 | PASS 2 · SensorMonitor.kt — generated; running tests…
2026-08-28 11:44:23 | PASS 2 · SensorMonitor.kt — TESTS GREEN, committed
2026-08-28 11:44:33 | PASS 2 · DetectionEvent.kt — coding-lane hardening…
GLM_OK: rewrote app/src/main/java/ai/genwhy/nobonk/data/DetectionEvent.kt (6328 chars)
2026-08-28 11:45:29 | PASS 2 · DetectionEvent.kt — generated; running tests…
2026-08-28 11:45:31 | PASS 2 · DetectionEvent.kt — TESTS GREEN, committed
2026-08-28 11:45:41 | PASS 2 · AlertPolicy.kt — coding-lane hardening…
GLM_OK: rewrote app/src/main/java/ai/genwhy/nobonk/ml/AlertPolicy.kt (6491 chars)
2026-08-28 11:46:33 | PASS 2 · AlertPolicy.kt — generated; running tests…
2026-08-28 11:46:35 | PASS 2 · AlertPolicy.kt — TESTS GREEN, committed
2026-08-28 11:46:45 | PASS 2 · AnalyticsEngine.kt — coding-lane hardening…
GLM_OK: rewrote app/src/main/java/ai/genwhy/nobonk/analytics/AnalyticsEngine.kt (8882 chars)
2026-08-28 11:48:11 | PASS 2 · AnalyticsEngine.kt — generated; running tests…
2026-08-28 11:48:13 | PASS 2 · AnalyticsEngine.kt — TESTS GREEN, committed
2026-08-28 11:48:23 | PASS 3 · Nms.kt — coding-lane hardening…
GLM_OK: rewrote app/src/main/java/ai/genwhy/nobonk/ml/Nms.kt (2496 chars)
2026-08-28 11:48:40 | PASS 3 · Nms.kt — generated; running tests…
2026-08-28 11:48:42 | PASS 3 · Nms.kt — TESTS GREEN, committed
2026-08-28 11:48:52 | PASS 3 · LowLight.kt — coding-lane hardening…
GLM_OK: rewrote app/src/main/java/ai/genwhy/nobonk/ml/LowLight.kt (4387 chars)
2026-08-28 11:49:33 | PASS 3 · LowLight.kt — generated; running tests…
2026-08-28 11:49:35 | PASS 3 · LowLight.kt — TESTS GREEN, committed
2026-08-28 11:49:45 | PASS 3 · Letterbox.kt — coding-lane hardening…
GLM_OK: rewrote app/src/main/java/ai/genwhy/nobonk/ml/Letterbox.kt (4186 chars)
2026-08-28 11:50:31 | PASS 3 · Letterbox.kt — generated; running tests…
2026-08-28 11:50:33 | PASS 3 · Letterbox.kt — TESTS GREEN, committed
2026-08-28 11:50:43 | PASS 3 · Detection.kt — coding-lane hardening…
GLM_OK: rewrote app/src/main/java/ai/genwhy/nobonk/model/Detection.kt (3303 chars)
2026-08-28 11:51:20 | PASS 3 · Detection.kt — generated; running tests…
e: file:///home/onikita/projects/nobonk/app/src/main/java/ai/genwhy/nobonk/model/Detection.kt:49:25 Unresolved reference 'overlaps'.

FAILURE: Build failed with an exception.

* What went wrong:
Execution failed for task ':app:compileDebugKotlin'.
> A failure occurred while executing org.jetbrains.kotlin.compilerRunner.GradleCompilerRunnerWithWorkers$GradleKotlinCompilerWorkAction
   > Compilation error. See log for more details

* Try:
> Run with --stacktrace option to get the stack trace.
> Run with --info or --debug option to get more log output.
> Run with --scan to generate a Build Scan (powered by Develocity).
> Get more help at https://help.gradle.org.

BUILD FAILED in 707ms
2026-08-28 11:51:21 | PASS 3 · Detection.kt — TESTS FAILED, reverted
2026-08-28 11:51:31 | PASS 3 · NormBox.kt — coding-lane hardening…
GLM_OK: rewrote app/src/main/java/ai/genwhy/nobonk/model/NormBox.kt (2946 chars)
2026-08-28 11:52:03 | PASS 3 · NormBox.kt — generated; running tests…
2026-08-28 11:52:03 | PASS 3 · NormBox.kt — no change
2026-08-28 11:52:13 | PASS 3 · SensorMonitor.kt — coding-lane hardening…
GLM_OK: rewrote app/src/main/java/ai/genwhy/nobonk/ml/SensorMonitor.kt (5001 chars)
2026-08-28 11:52:48 | PASS 3 · SensorMonitor.kt — generated; running tests…
2026-08-28 11:52:50 | PASS 3 · SensorMonitor.kt — TESTS GREEN, committed
2026-08-28 11:53:00 | PASS 3 · DetectionEvent.kt — coding-lane hardening…
GLM_OK: rewrote app/src/main/java/ai/genwhy/nobonk/data/DetectionEvent.kt (6442 chars)
2026-08-28 11:54:05 | PASS 3 · DetectionEvent.kt — generated; running tests…
2026-08-28 11:54:06 | PASS 3 · DetectionEvent.kt — TESTS GREEN, committed
2026-08-28 11:54:16 | PASS 3 · AlertPolicy.kt — coding-lane hardening…
GLM_OK: rewrote app/src/main/java/ai/genwhy/nobonk/ml/AlertPolicy.kt (7415 chars)
2026-08-28 11:55:36 | PASS 3 · AlertPolicy.kt — generated; running tests…
2026-08-28 11:55:38 | PASS 3 · AlertPolicy.kt — TESTS GREEN, committed
2026-08-28 11:55:48 | PASS 3 · AnalyticsEngine.kt — coding-lane hardening…
GLM_OK: rewrote app/src/main/java/ai/genwhy/nobonk/analytics/AnalyticsEngine.kt (9329 chars)
2026-08-28 11:57:21 | PASS 3 · AnalyticsEngine.kt — generated; running tests…
2026-08-28 11:57:23 | PASS 3 · AnalyticsEngine.kt — TESTS GREEN, committed
2026-08-28 11:57:33 | PASS 4 · Nms.kt — coding-lane hardening…
GLM_OK: rewrote app/src/main/java/ai/genwhy/nobonk/ml/Nms.kt (2624 chars)
2026-08-28 11:57:57 | PASS 4 · Nms.kt — generated; running tests…
2026-08-28 11:57:59 | PASS 4 · Nms.kt — TESTS GREEN, committed
2026-08-28 11:58:09 | PASS 4 · LowLight.kt — coding-lane hardening…
GLM_OK: rewrote app/src/main/java/ai/genwhy/nobonk/ml/LowLight.kt (4871 chars)
2026-08-28 11:58:57 | PASS 4 · LowLight.kt — generated; running tests…
2026-08-28 11:58:59 | PASS 4 · LowLight.kt — TESTS GREEN, committed
2026-08-28 11:59:09 | PASS 4 · Letterbox.kt — coding-lane hardening…
GLM_OK: rewrote app/src/main/java/ai/genwhy/nobonk/ml/Letterbox.kt (4804 chars)
2026-08-28 12:00:08 | PASS 4 · Letterbox.kt — generated; running tests…
2026-08-28 12:00:10 | PASS 4 · Letterbox.kt — TESTS GREEN, committed
2026-08-28 12:00:20 | PASS 4 · Detection.kt — coding-lane hardening…
GLM_OK: rewrote app/src/main/java/ai/genwhy/nobonk/model/Detection.kt (2778 chars)
2026-08-28 12:00:52 | PASS 4 · Detection.kt — generated; running tests…
2026-08-28 12:00:53 | PASS 4 · Detection.kt — TESTS GREEN, committed
2026-08-28 12:01:03 | PASS 4 · NormBox.kt — coding-lane hardening…
GLM_OK: rewrote app/src/main/java/ai/genwhy/nobonk/model/NormBox.kt (3162 chars)
2026-08-28 12:01:35 | PASS 4 · NormBox.kt — generated; running tests…
2026-08-28 12:01:36 | PASS 4 · NormBox.kt — TESTS GREEN, committed
2026-08-28 12:01:46 | PASS 4 · SensorMonitor.kt — coding-lane hardening…
GLM_OK: rewrote app/src/main/java/ai/genwhy/nobonk/ml/SensorMonitor.kt (5259 chars)
2026-08-28 12:02:30 | PASS 4 · SensorMonitor.kt — generated; running tests…
2026-08-28 12:02:31 | PASS 4 · SensorMonitor.kt — TESTS GREEN, committed
2026-08-28 12:02:41 | PASS 4 · DetectionEvent.kt — coding-lane hardening…
GLM_OK: rewrote app/src/main/java/ai/genwhy/nobonk/data/DetectionEvent.kt (6506 chars)
2026-08-28 12:03:29 | PASS 4 · DetectionEvent.kt — generated; running tests…
2026-08-28 12:03:30 | PASS 4 · DetectionEvent.kt — TESTS GREEN, committed
2026-08-28 12:03:40 | PASS 4 · AlertPolicy.kt — coding-lane hardening…
GLM_OK: rewrote app/src/main/java/ai/genwhy/nobonk/ml/AlertPolicy.kt (7415 chars)
2026-08-28 12:04:39 | PASS 4 · AlertPolicy.kt — generated; running tests…
2026-08-28 12:04:39 | PASS 4 · AlertPolicy.kt — no change
2026-08-28 12:04:49 | PASS 4 · AnalyticsEngine.kt — coding-lane hardening…
GLM_OK: rewrote app/src/main/java/ai/genwhy/nobonk/analytics/AnalyticsEngine.kt (9505 chars)
2026-08-28 12:06:31 | PASS 4 · AnalyticsEngine.kt — generated; running tests…
2026-08-28 12:06:33 | PASS 4 · AnalyticsEngine.kt — TESTS GREEN, committed
2026-08-28 12:06:43 | PASS 5 · Nms.kt — coding-lane hardening…
GLM_OK: rewrote app/src/main/java/ai/genwhy/nobonk/ml/Nms.kt (3091 chars)
2026-08-28 12:07:17 | PASS 5 · Nms.kt — generated; running tests…
2026-08-28 12:07:19 | PASS 5 · Nms.kt — TESTS GREEN, committed
2026-08-28 12:07:29 | PASS 5 · LowLight.kt — coding-lane hardening…
GLM_OK: rewrote app/src/main/java/ai/genwhy/nobonk/ml/LowLight.kt (4871 chars)
2026-08-28 12:08:10 | PASS 5 · LowLight.kt — generated; running tests…
2026-08-28 12:08:11 | PASS 5 · LowLight.kt — no change
2026-08-28 12:08:21 | PASS 5 · Letterbox.kt — coding-lane hardening…
GLM_OK: rewrote app/src/main/java/ai/genwhy/nobonk/ml/Letterbox.kt (4885 chars)
2026-08-28 12:09:04 | PASS 5 · Letterbox.kt — generated; running tests…
2026-08-28 12:09:05 | PASS 5 · Letterbox.kt — TESTS GREEN, committed
2026-08-28 12:09:15 | PASS 5 · Detection.kt — coding-lane hardening…
GLM_OK: rewrote app/src/main/java/ai/genwhy/nobonk/model/Detection.kt (3027 chars)
2026-08-28 12:09:46 | PASS 5 · Detection.kt — generated; running tests…
2026-08-28 12:09:48 | PASS 5 · Detection.kt — TESTS GREEN, committed
2026-08-28 12:09:58 | PASS 5 · NormBox.kt — coding-lane hardening…
GLM_OK: rewrote app/src/main/java/ai/genwhy/nobonk/model/NormBox.kt (3231 chars)
2026-08-28 12:10:35 | PASS 5 · NormBox.kt — generated; running tests…
2026-08-28 12:10:36 | PASS 5 · NormBox.kt — TESTS GREEN, committed
2026-08-28 12:10:46 | PASS 5 · SensorMonitor.kt — coding-lane hardening…
GLM_OK: rewrote app/src/main/java/ai/genwhy/nobonk/ml/SensorMonitor.kt (5540 chars)
2026-08-28 12:11:33 | PASS 5 · SensorMonitor.kt — generated; running tests…
2026-08-28 12:11:34 | PASS 5 · SensorMonitor.kt — TESTS GREEN, committed
2026-08-28 12:11:44 | PASS 5 · DetectionEvent.kt — coding-lane hardening…
GLM_OK: rewrote app/src/main/java/ai/genwhy/nobonk/data/DetectionEvent.kt (6912 chars)
2026-08-28 12:12:48 | PASS 5 · DetectionEvent.kt — generated; running tests…
2026-08-28 12:12:50 | PASS 5 · DetectionEvent.kt — TESTS GREEN, committed
2026-08-28 12:13:00 | PASS 5 · AlertPolicy.kt — coding-lane hardening…
GLM_OK: rewrote app/src/main/java/ai/genwhy/nobonk/ml/AlertPolicy.kt (7415 chars)
2026-08-28 12:14:02 | PASS 5 · AlertPolicy.kt — generated; running tests…
2026-08-28 12:14:03 | PASS 5 · AlertPolicy.kt — no change
2026-08-28 12:14:13 | PASS 5 · AnalyticsEngine.kt — coding-lane hardening…
GLM_OK: rewrote app/src/main/java/ai/genwhy/nobonk/analytics/AnalyticsEngine.kt (9505 chars)
2026-08-28 12:15:52 | PASS 5 · AnalyticsEngine.kt — generated; running tests…
2026-08-28 12:15:52 | PASS 5 · AnalyticsEngine.kt — no change
2026-08-28 12:16:02 | PASS 6 · Nms.kt — coding-lane hardening…
GLM_OK: rewrote app/src/main/java/ai/genwhy/nobonk/ml/Nms.kt (3091 chars)
2026-08-28 12:16:24 | PASS 6 · Nms.kt — generated; running tests…
2026-08-28 12:16:25 | PASS 6 · Nms.kt — no change
2026-08-28 12:16:35 | PASS 6 · LowLight.kt — coding-lane hardening…
GLM_OK: rewrote app/src/main/java/ai/genwhy/nobonk/ml/LowLight.kt (4871 chars)
2026-08-28 12:17:08 | PASS 6 · LowLight.kt — generated; running tests…
2026-08-28 12:17:09 | PASS 6 · LowLight.kt — no change
2026-08-28 12:17:19 | PASS 6 · Letterbox.kt — coding-lane hardening…
GLM_OK: rewrote app/src/main/java/ai/genwhy/nobonk/ml/Letterbox.kt (5053 chars)
2026-08-28 12:18:09 | PASS 6 · Letterbox.kt — generated; running tests…
2026-08-28 12:18:11 | PASS 6 · Letterbox.kt — TESTS GREEN, committed
2026-08-28 12:18:21 | PASS 6 · Detection.kt — coding-lane hardening…
GLM_OK: rewrote app/src/main/java/ai/genwhy/nobonk/model/Detection.kt (3536 chars)
2026-08-28 12:18:58 | PASS 6 · Detection.kt — generated; running tests…
2026-08-28 12:19:00 | PASS 6 · Detection.kt — TESTS GREEN, committed
2026-08-28 12:19:10 | PASS 6 · NormBox.kt — coding-lane hardening…
GLM_OK: rewrote app/src/main/java/ai/genwhy/nobonk/model/NormBox.kt (3231 chars)
2026-08-28 12:19:47 | PASS 6 · NormBox.kt — generated; running tests…
2026-08-28 12:19:48 | PASS 6 · NormBox.kt — no change
2026-08-28 12:19:58 | PASS 6 · SensorMonitor.kt — coding-lane hardening…
GLM_OK: rewrote app/src/main/java/ai/genwhy/nobonk/ml/SensorMonitor.kt (5923 chars)
2026-08-28 12:20:47 | PASS 6 · SensorMonitor.kt — generated; running tests…
2026-08-28 12:20:52 | PASS 6 · SensorMonitor.kt — TESTS GREEN, committed
2026-08-28 12:21:02 | PASS 6 · DetectionEvent.kt — coding-lane hardening…
GLM_OK: rewrote app/src/main/java/ai/genwhy/nobonk/data/DetectionEvent.kt (7132 chars)
2026-08-28 12:22:12 | PASS 6 · DetectionEvent.kt — generated; running tests…
2026-08-28 12:22:13 | PASS 6 · DetectionEvent.kt — TESTS GREEN, committed
2026-08-28 12:22:23 | PASS 6 · AlertPolicy.kt — coding-lane hardening…
GLM_OK: rewrote app/src/main/java/ai/genwhy/nobonk/ml/AlertPolicy.kt (7415 chars)
2026-08-28 12:23:27 | PASS 6 · AlertPolicy.kt — generated; running tests…
2026-08-28 12:23:27 | PASS 6 · AlertPolicy.kt — no change
2026-08-28 12:23:37 | PASS 6 · AnalyticsEngine.kt — coding-lane hardening…
GLM_OK: rewrote app/src/main/java/ai/genwhy/nobonk/analytics/AnalyticsEngine.kt (9184 chars)
2026-08-28 12:25:43 | PASS 6 · AnalyticsEngine.kt — generated; running tests…
2026-08-28 12:25:45 | PASS 6 · AnalyticsEngine.kt — TESTS GREEN, committed
2026-08-28 12:25:55 | PASS 7 · Nms.kt — coding-lane hardening…
GLM_OK: rewrote app/src/main/java/ai/genwhy/nobonk/ml/Nms.kt (3133 chars)
2026-08-28 12:28:27 | PASS 7 · Nms.kt — generated; running tests…
2026-08-28 12:28:29 | PASS 7 · Nms.kt — TESTS GREEN, committed
2026-08-28 12:28:39 | PASS 7 · LowLight.kt — coding-lane hardening…
2026-08-28 15:10:10 | ===== nobonk-glm-loop started (pid 3653079) =====
2026-08-28 15:10:10 | PASS 7 · LowLight.kt — coding-lane hardening…
GLM_OK: rewrote app/src/main/java/ai/genwhy/nobonk/ml/LowLight.kt (4871 chars)
2026-08-28 15:10:51 | PASS 7 · LowLight.kt — generated; running tests…
2026-08-28 15:11:00 | PASS 7 · LowLight.kt — no change
2026-08-28 15:11:10 | PASS 7 · Letterbox.kt — coding-lane hardening…
GLM_OK: rewrote app/src/main/java/ai/genwhy/nobonk/ml/Letterbox.kt (5244 chars)
2026-08-28 15:12:15 | PASS 7 · Letterbox.kt — generated; running tests…
2026-08-28 15:12:22 | PASS 7 · Letterbox.kt — TESTS GREEN, committed
2026-08-28 15:12:32 | PASS 7 · Detection.kt — coding-lane hardening…
GLM_OK: rewrote app/src/main/java/ai/genwhy/nobonk/model/Detection.kt (3573 chars)
2026-08-28 15:13:00 | PASS 7 · Detection.kt — generated; running tests…
2026-08-28 15:13:03 | PASS 7 · Detection.kt — TESTS GREEN, committed
2026-08-28 15:13:13 | PASS 7 · NormBox.kt — coding-lane hardening…
GLM_OK: rewrote app/src/main/java/ai/genwhy/nobonk/model/NormBox.kt (3385 chars)
2026-08-28 15:13:56 | PASS 7 · NormBox.kt — generated; running tests…
2026-08-28 15:13:58 | PASS 7 · NormBox.kt — TESTS GREEN, committed
2026-08-28 15:14:08 | PASS 7 · SensorMonitor.kt — coding-lane hardening…
GLM_OK: rewrote app/src/main/java/ai/genwhy/nobonk/ml/SensorMonitor.kt (6064 chars)
2026-08-28 15:15:21 | PASS 7 · SensorMonitor.kt — generated; running tests…
2026-08-28 15:15:23 | PASS 7 · SensorMonitor.kt — TESTS GREEN, committed
2026-08-28 15:15:33 | PASS 7 · DetectionEvent.kt — coding-lane hardening…
GLM_OK: rewrote app/src/main/java/ai/genwhy/nobonk/data/DetectionEvent.kt (7132 chars)
2026-08-28 15:16:35 | PASS 7 · DetectionEvent.kt — generated; running tests…
2026-08-28 15:16:36 | PASS 7 · DetectionEvent.kt — no change
2026-08-28 15:16:46 | PASS 7 · AlertPolicy.kt — coding-lane hardening…
GLM_OK: rewrote app/src/main/java/ai/genwhy/nobonk/ml/AlertPolicy.kt (7788 chars)
2026-08-28 15:18:48 | PASS 7 · AlertPolicy.kt — generated; running tests…
2026-08-28 15:18:50 | PASS 7 · AlertPolicy.kt — TESTS GREEN, committed
2026-08-28 15:19:00 | PASS 7 · AnalyticsEngine.kt — coding-lane hardening…
GLM_OK: rewrote app/src/main/java/ai/genwhy/nobonk/analytics/AnalyticsEngine.kt (9210 chars)
2026-08-28 15:21:00 | PASS 7 · AnalyticsEngine.kt — generated; running tests…
2026-08-28 15:21:02 | PASS 7 · AnalyticsEngine.kt — TESTS GREEN, committed
2026-08-28 15:21:12 | PASS 8 · Nms.kt — coding-lane hardening…
GLM_OK: rewrote app/src/main/java/ai/genwhy/nobonk/ml/Nms.kt (3253 chars)
2026-08-28 15:21:48 | PASS 8 · Nms.kt — generated; running tests…
2026-08-28 15:21:50 | PASS 8 · Nms.kt — TESTS GREEN, committed
2026-08-28 15:22:00 | PASS 8 · LowLight.kt — coding-lane hardening…
GLM_OK: rewrote app/src/main/java/ai/genwhy/nobonk/ml/LowLight.kt (4871 chars)
2026-08-28 15:22:47 | PASS 8 · LowLight.kt — generated; running tests…
2026-08-28 15:22:48 | PASS 8 · LowLight.kt — no change
2026-08-28 15:22:58 | PASS 8 · Letterbox.kt — coding-lane hardening…
GLM_OK: rewrote app/src/main/java/ai/genwhy/nobonk/ml/Letterbox.kt (5244 chars)
2026-08-28 15:23:55 | PASS 8 · Letterbox.kt — generated; running tests…
2026-08-28 15:23:56 | PASS 8 · Letterbox.kt — no change
2026-08-28 15:24:06 | PASS 8 · Detection.kt — coding-lane hardening…
GLM_OK: rewrote app/src/main/java/ai/genwhy/nobonk/model/Detection.kt (3825 chars)
2026-08-28 15:24:50 | PASS 8 · Detection.kt — generated; running tests…
2026-08-28 15:24:51 | PASS 8 · Detection.kt — TESTS GREEN, committed
2026-08-28 15:25:01 | PASS 8 · NormBox.kt — coding-lane hardening…
GLM_OK: rewrote app/src/main/java/ai/genwhy/nobonk/model/NormBox.kt (3519 chars)
2026-08-28 15:25:41 | PASS 8 · NormBox.kt — generated; running tests…
2026-08-28 15:25:43 | PASS 8 · NormBox.kt — TESTS GREEN, committed
2026-08-28 15:25:53 | PASS 8 · SensorMonitor.kt — coding-lane hardening…
GLM_OK: rewrote app/src/main/java/ai/genwhy/nobonk/ml/SensorMonitor.kt (6098 chars)
2026-08-28 15:26:47 | PASS 8 · SensorMonitor.kt — generated; running tests…
2026-08-28 15:26:48 | PASS 8 · SensorMonitor.kt — TESTS GREEN, committed
2026-08-28 15:26:58 | PASS 8 · DetectionEvent.kt — coding-lane hardening…
GLM_OK: rewrote app/src/main/java/ai/genwhy/nobonk/data/DetectionEvent.kt (7132 chars)
2026-08-28 15:28:00 | PASS 8 · DetectionEvent.kt — generated; running tests…
2026-08-28 15:28:01 | PASS 8 · DetectionEvent.kt — no change
2026-08-28 15:28:11 | PASS 8 · AlertPolicy.kt — coding-lane hardening…
GLM_OK: rewrote app/src/main/java/ai/genwhy/nobonk/ml/AlertPolicy.kt (7788 chars)
2026-08-28 15:29:33 | PASS 8 · AlertPolicy.kt — generated; running tests…
2026-08-28 15:29:34 | PASS 8 · AlertPolicy.kt — no change
2026-08-28 15:29:44 | PASS 8 · AnalyticsEngine.kt — coding-lane hardening…
GLM_OK: rewrote app/src/main/java/ai/genwhy/nobonk/analytics/AnalyticsEngine.kt (9274 chars)
2026-08-28 15:31:52 | PASS 8 · AnalyticsEngine.kt — generated; running tests…
2026-08-28 15:31:54 | PASS 8 · AnalyticsEngine.kt — TESTS GREEN, committed
2026-08-28 15:32:04 | PASS 9 · Nms.kt — coding-lane hardening…
GLM_OK: rewrote app/src/main/java/ai/genwhy/nobonk/ml/Nms.kt (3253 chars)
2026-08-28 15:32:33 | PASS 9 · Nms.kt — generated; running tests…
2026-08-28 15:32:34 | PASS 9 · Nms.kt — no change
2026-08-28 15:32:44 | PASS 9 · LowLight.kt — coding-lane hardening…
GLM_OK: rewrote app/src/main/java/ai/genwhy/nobonk/ml/LowLight.kt (4871 chars)
2026-08-28 15:34:55 | PASS 9 · LowLight.kt — generated; running tests…
2026-08-28 15:34:56 | PASS 9 · LowLight.kt — no change
2026-08-28 15:35:06 | PASS 9 · Letterbox.kt — coding-lane hardening…
GLM_OK: rewrote app/src/main/java/ai/genwhy/nobonk/ml/Letterbox.kt (5244 chars)
2026-08-28 15:36:05 | PASS 9 · Letterbox.kt — generated; running tests…
2026-08-28 15:36:06 | PASS 9 · Letterbox.kt — no change
2026-08-28 15:36:16 | PASS 9 · Detection.kt — coding-lane hardening…
GLM_OK: rewrote app/src/main/java/ai/genwhy/nobonk/model/Detection.kt (3825 chars)
2026-08-28 15:36:56 | PASS 9 · Detection.kt — generated; running tests…
2026-08-28 15:36:57 | PASS 9 · Detection.kt — no change
2026-08-28 15:37:07 | PASS 9 · NormBox.kt — coding-lane hardening…
GLM_OK: rewrote app/src/main/java/ai/genwhy/nobonk/model/NormBox.kt (3754 chars)
2026-08-28 15:37:55 | PASS 9 · NormBox.kt — generated; running tests…
2026-08-28 15:37:57 | PASS 9 · NormBox.kt — TESTS GREEN, committed
2026-08-28 15:38:07 | PASS 9 · SensorMonitor.kt — coding-lane hardening…
GLM_OK: rewrote app/src/main/java/ai/genwhy/nobonk/ml/SensorMonitor.kt (6465 chars)
2026-08-28 15:39:17 | PASS 9 · SensorMonitor.kt — generated; running tests…
2026-08-28 15:39:18 | PASS 9 · SensorMonitor.kt — TESTS GREEN, committed
2026-08-28 15:39:28 | PASS 9 · DetectionEvent.kt — coding-lane hardening…
GLM_OK: rewrote app/src/main/java/ai/genwhy/nobonk/data/DetectionEvent.kt (7132 chars)
2026-08-28 15:45:54 | PASS 9 · DetectionEvent.kt — generated; running tests…
2026-08-28 15:45:55 | PASS 9 · DetectionEvent.kt — no change
2026-08-28 15:46:05 | PASS 9 · AlertPolicy.kt — coding-lane hardening…
GLM_OK: rewrote app/src/main/java/ai/genwhy/nobonk/ml/AlertPolicy.kt (8220 chars)
2026-08-28 15:51:20 | PASS 9 · AlertPolicy.kt — generated; running tests…
2026-08-28 15:51:22 | PASS 9 · AlertPolicy.kt — TESTS GREEN, committed
2026-08-28 15:51:32 | PASS 9 · AnalyticsEngine.kt — coding-lane hardening…
GLM_OK: rewrote app/src/main/java/ai/genwhy/nobonk/analytics/AnalyticsEngine.kt (9501 chars)
2026-08-28 15:55:45 | PASS 9 · AnalyticsEngine.kt — generated; running tests…
2026-08-28 15:55:47 | PASS 9 · AnalyticsEngine.kt — TESTS GREEN, committed
2026-08-28 15:55:57 | PASS 10 · Nms.kt — coding-lane hardening…
GLM_OK: rewrote app/src/main/java/ai/genwhy/nobonk/ml/Nms.kt (3314 chars)
2026-08-28 15:58:46 | PASS 10 · Nms.kt — generated; running tests…
2026-08-28 15:58:48 | PASS 10 · Nms.kt — TESTS GREEN, committed
2026-08-28 15:58:58 | PASS 10 · LowLight.kt — coding-lane hardening…
GLM_OK: rewrote app/src/main/java/ai/genwhy/nobonk/ml/LowLight.kt (4871 chars)
2026-08-28 16:01:56 | PASS 10 · LowLight.kt — generated; running tests…
2026-08-28 16:01:57 | PASS 10 · LowLight.kt — no change
2026-08-28 16:02:07 | PASS 10 · Letterbox.kt — coding-lane hardening…
GLM_OK: rewrote app/src/main/java/ai/genwhy/nobonk/ml/Letterbox.kt (5244 chars)
2026-08-28 16:10:15 | PASS 10 · Letterbox.kt — generated; running tests…
2026-08-28 16:10:16 | PASS 10 · Letterbox.kt — no change
2026-08-28 16:10:26 | PASS 10 · Detection.kt — coding-lane hardening…
GLM_OK: rewrote app/src/main/java/ai/genwhy/nobonk/model/Detection.kt (3825 chars)
2026-08-28 16:14:18 | PASS 10 · Detection.kt — generated; running tests…
2026-08-28 16:14:19 | PASS 10 · Detection.kt — no change
2026-08-28 16:14:29 | PASS 10 · NormBox.kt — coding-lane hardening…
GLM_OK: rewrote app/src/main/java/ai/genwhy/nobonk/model/NormBox.kt (4033 chars)
2026-08-28 16:20:50 | PASS 10 · NormBox.kt — generated; running tests…
2026-08-28 16:20:52 | PASS 10 · NormBox.kt — TESTS GREEN, committed
2026-08-28 16:21:02 | PASS 10 · SensorMonitor.kt — coding-lane hardening…
GLM_OK: rewrote app/src/main/java/ai/genwhy/nobonk/ml/SensorMonitor.kt (6522 chars)
2026-08-28 16:29:36 | PASS 10 · SensorMonitor.kt — generated; running tests…
2026-08-28 16:29:37 | PASS 10 · SensorMonitor.kt — TESTS GREEN, committed
2026-08-28 16:29:47 | PASS 10 · DetectionEvent.kt — coding-lane hardening…
GLM_OK: rewrote app/src/main/java/ai/genwhy/nobonk/data/DetectionEvent.kt (7132 chars)
2026-08-28 16:36:06 | PASS 10 · DetectionEvent.kt — generated; running tests…
2026-08-28 16:36:06 | PASS 10 · DetectionEvent.kt — no change
2026-08-28 16:36:16 | PASS 10 · AlertPolicy.kt — coding-lane hardening…
GLM_OK: rewrote app/src/main/java/ai/genwhy/nobonk/ml/AlertPolicy.kt (8390 chars)
2026-08-28 16:38:09 | PASS 10 · AlertPolicy.kt — generated; running tests…
2026-08-28 16:38:11 | PASS 10 · AlertPolicy.kt — TESTS GREEN, committed
2026-08-28 16:38:21 | PASS 10 · AnalyticsEngine.kt — coding-lane hardening…
GLM_OK: rewrote app/src/main/java/ai/genwhy/nobonk/analytics/AnalyticsEngine.kt (9755 chars)
2026-08-28 16:40:16 | PASS 10 · AnalyticsEngine.kt — generated; running tests…
2026-08-28 16:40:18 | PASS 10 · AnalyticsEngine.kt — TESTS GREEN, committed
2026-08-28 16:40:28 | PASS 11 · Nms.kt — coding-lane hardening…
GLM_OK: rewrote app/src/main/java/ai/genwhy/nobonk/ml/Nms.kt (3314 chars)
2026-08-28 16:44:04 | PASS 11 · Nms.kt — generated; running tests…
2026-08-28 16:44:05 | PASS 11 · Nms.kt — no change
2026-08-28 16:44:15 | PASS 11 · LowLight.kt — coding-lane hardening…
GLM_OK: rewrote app/src/main/java/ai/genwhy/nobonk/ml/LowLight.kt (4871 chars)
2026-08-28 16:46:04 | PASS 11 · LowLight.kt — generated; running tests…
2026-08-28 16:46:05 | PASS 11 · LowLight.kt — no change
2026-08-28 16:46:15 | PASS 11 · Letterbox.kt — coding-lane hardening…
GLM_OK: rewrote app/src/main/java/ai/genwhy/nobonk/ml/Letterbox.kt (5244 chars)
2026-08-28 16:47:09 | PASS 11 · Letterbox.kt — generated; running tests…
2026-08-28 16:47:09 | PASS 11 · Letterbox.kt — no change
2026-08-28 16:47:19 | PASS 11 · Detection.kt — coding-lane hardening…
GLM_OK: rewrote app/src/main/java/ai/genwhy/nobonk/model/Detection.kt (3825 chars)
2026-08-28 16:47:56 | PASS 11 · Detection.kt — generated; running tests…
2026-08-28 16:47:57 | PASS 11 · Detection.kt — no change
2026-08-28 16:48:07 | PASS 11 · NormBox.kt — coding-lane hardening…
GLM_OK: rewrote app/src/main/java/ai/genwhy/nobonk/model/NormBox.kt (4033 chars)
2026-08-28 16:48:55 | PASS 11 · NormBox.kt — generated; running tests…
2026-08-28 16:48:56 | PASS 11 · NormBox.kt — no change
2026-08-28 16:49:06 | PASS 11 · SensorMonitor.kt — coding-lane hardening…
GLM_OK: rewrote app/src/main/java/ai/genwhy/nobonk/ml/SensorMonitor.kt (6912 chars)
2026-08-28 16:50:26 | PASS 11 · SensorMonitor.kt — generated; running tests…
2026-08-28 16:50:27 | PASS 11 · SensorMonitor.kt — TESTS GREEN, committed
2026-08-28 16:50:37 | PASS 11 · DetectionEvent.kt — coding-lane hardening…
GLM_OK: rewrote app/src/main/java/ai/genwhy/nobonk/data/DetectionEvent.kt (7371 chars)
2026-08-28 16:51:58 | PASS 11 · DetectionEvent.kt — generated; running tests…
2026-08-28 16:52:00 | PASS 11 · DetectionEvent.kt — TESTS GREEN, committed
2026-08-28 16:52:10 | PASS 11 · AlertPolicy.kt — coding-lane hardening…
GLM_OK: rewrote app/src/main/java/ai/genwhy/nobonk/ml/AlertPolicy.kt (8869 chars)
2026-08-28 16:54:22 | PASS 11 · AlertPolicy.kt — generated; running tests…
2026-08-28 16:54:24 | PASS 11 · AlertPolicy.kt — TESTS GREEN, committed
2026-08-28 16:54:34 | PASS 11 · AnalyticsEngine.kt — coding-lane hardening…
GLM_OK: rewrote app/src/main/java/ai/genwhy/nobonk/analytics/AnalyticsEngine.kt (9755 chars)
2026-08-28 16:56:54 | PASS 11 · AnalyticsEngine.kt — generated; running tests…
2026-08-28 16:56:55 | PASS 11 · AnalyticsEngine.kt — no change
2026-08-28 16:57:05 | PASS 12 · Nms.kt — coding-lane hardening…
GLM_OK: rewrote app/src/main/java/ai/genwhy/nobonk/ml/Nms.kt (3605 chars)
2026-08-28 16:57:50 | PASS 12 · Nms.kt — generated; running tests…
2026-08-28 16:57:51 | PASS 12 · Nms.kt — TESTS GREEN, committed
2026-08-28 16:58:01 | PASS 12 · LowLight.kt — coding-lane hardening…
GLM_OK: rewrote app/src/main/java/ai/genwhy/nobonk/ml/LowLight.kt (4871 chars)
2026-08-28 16:58:52 | PASS 12 · LowLight.kt — generated; running tests…
2026-08-28 16:58:53 | PASS 12 · LowLight.kt — no change
2026-08-28 16:59:03 | PASS 12 · Letterbox.kt — coding-lane hardening…
GLM_OK: rewrote app/src/main/java/ai/genwhy/nobonk/ml/Letterbox.kt (5244 chars)
2026-08-28 16:59:55 | PASS 12 · Letterbox.kt — generated; running tests…
2026-08-28 16:59:56 | PASS 12 · Letterbox.kt — no change
2026-08-28 17:00:06 | PASS 12 · Detection.kt — coding-lane hardening…
GLM_OK: rewrote app/src/main/java/ai/genwhy/nobonk/model/Detection.kt (4133 chars)
2026-08-28 17:00:57 | PASS 12 · Detection.kt — generated; running tests…
2026-08-28 17:00:58 | PASS 12 · Detection.kt — TESTS GREEN, committed
2026-08-28 17:01:08 | PASS 12 · NormBox.kt — coding-lane hardening…
GLM_OK: rewrote app/src/main/java/ai/genwhy/nobonk/model/NormBox.kt (4033 chars)
2026-08-28 17:01:47 | PASS 12 · NormBox.kt — generated; running tests…
2026-08-28 17:01:48 | PASS 12 · NormBox.kt — no change
2026-08-28 17:01:58 | PASS 12 · SensorMonitor.kt — coding-lane hardening…
GLM_OK: rewrote app/src/main/java/ai/genwhy/nobonk/ml/SensorMonitor.kt (7238 chars)
2026-08-28 17:03:35 | PASS 12 · SensorMonitor.kt — generated; running tests…
2026-08-28 17:03:37 | PASS 12 · SensorMonitor.kt — TESTS GREEN, committed
2026-08-28 17:03:47 | PASS 12 · DetectionEvent.kt — coding-lane hardening…
GLM_OK: rewrote app/src/main/java/ai/genwhy/nobonk/data/DetectionEvent.kt (7371 chars)
2026-08-28 17:05:03 | PASS 12 · DetectionEvent.kt — generated; running tests…
2026-08-28 17:05:04 | PASS 12 · DetectionEvent.kt — no change
2026-08-28 17:05:14 | PASS 12 · AlertPolicy.kt — coding-lane hardening…
GLM_OK: rewrote app/src/main/java/ai/genwhy/nobonk/ml/AlertPolicy.kt (9549 chars)
2026-08-28 17:07:21 | PASS 12 · AlertPolicy.kt — generated; running tests…
2026-08-28 17:07:23 | PASS 12 · AlertPolicy.kt — TESTS GREEN, committed
2026-08-28 17:07:33 | PASS 12 · AnalyticsEngine.kt — coding-lane hardening…
GLM_OK: rewrote app/src/main/java/ai/genwhy/nobonk/analytics/AnalyticsEngine.kt (9755 chars)
2026-08-28 17:09:21 | PASS 12 · AnalyticsEngine.kt — generated; running tests…
2026-08-28 17:09:22 | PASS 12 · AnalyticsEngine.kt — no change
2026-08-28 17:09:32 | PASS 13 · Nms.kt — coding-lane hardening…
GLM_OK: rewrote app/src/main/java/ai/genwhy/nobonk/ml/Nms.kt (3605 chars)
2026-08-28 17:10:08 | PASS 13 · Nms.kt — generated; running tests…
2026-08-28 17:10:09 | PASS 13 · Nms.kt — no change
2026-08-28 17:10:19 | PASS 13 · LowLight.kt — coding-lane hardening…
GLM_OK: rewrote app/src/main/java/ai/genwhy/nobonk/ml/LowLight.kt (4871 chars)
2026-08-28 17:12:20 | PASS 13 · LowLight.kt — generated; running tests…
2026-08-28 17:12:21 | PASS 13 · LowLight.kt — no change
2026-08-28 17:12:31 | PASS 13 · Letterbox.kt — coding-lane hardening…
GLM_OK: rewrote app/src/main/java/ai/genwhy/nobonk/ml/Letterbox.kt (5244 chars)
2026-08-28 17:13:29 | PASS 13 · Letterbox.kt — generated; running tests…
2026-08-28 17:13:30 | PASS 13 · Letterbox.kt — no change
2026-08-28 17:13:40 | PASS 13 · Detection.kt — coding-lane hardening…
GLM_OK: rewrote app/src/main/java/ai/genwhy/nobonk/model/Detection.kt (4133 chars)
2026-08-28 17:14:43 | PASS 13 · Detection.kt — generated; running tests…
2026-08-28 17:14:43 | PASS 13 · Detection.kt — no change
2026-08-28 17:14:53 | PASS 13 · NormBox.kt — coding-lane hardening…
GLM_OK: rewrote app/src/main/java/ai/genwhy/nobonk/model/NormBox.kt (4033 chars)
2026-08-28 17:15:34 | PASS 13 · NormBox.kt — generated; running tests…
2026-08-28 17:15:34 | PASS 13 · NormBox.kt — no change
2026-08-28 17:15:44 | PASS 13 · SensorMonitor.kt — coding-lane hardening…
GLM_OK: rewrote app/src/main/java/ai/genwhy/nobonk/ml/SensorMonitor.kt (7448 chars)
2026-08-28 17:16:59 | PASS 13 · SensorMonitor.kt — generated; running tests…
2026-08-28 17:17:00 | PASS 13 · SensorMonitor.kt — TESTS GREEN, committed
2026-08-28 17:17:10 | PASS 13 · DetectionEvent.kt — coding-lane hardening…
GLM_OK: rewrote app/src/main/java/ai/genwhy/nobonk/data/DetectionEvent.kt (7371 chars)
2026-08-28 17:18:12 | PASS 13 · DetectionEvent.kt — generated; running tests…
2026-08-28 17:18:13 | PASS 13 · DetectionEvent.kt — no change
2026-08-28 17:18:23 | PASS 13 · AlertPolicy.kt — coding-lane hardening…
GLM_OK: rewrote app/src/main/java/ai/genwhy/nobonk/ml/AlertPolicy.kt (9863 chars)
2026-08-28 17:20:39 | PASS 13 · AlertPolicy.kt — generated; running tests…
2026-08-28 17:20:41 | PASS 13 · AlertPolicy.kt — TESTS GREEN, committed
2026-08-28 17:20:51 | PASS 13 · AnalyticsEngine.kt — coding-lane hardening…
GLM_OK: rewrote app/src/main/java/ai/genwhy/nobonk/analytics/AnalyticsEngine.kt (9770 chars)
2026-08-28 17:22:49 | PASS 13 · AnalyticsEngine.kt — generated; running tests…
2026-08-28 17:22:50 | PASS 13 · AnalyticsEngine.kt — TESTS GREEN, committed
2026-08-28 17:23:00 | PASS 14 · Nms.kt — coding-lane hardening…
GLM_OK: rewrote app/src/main/java/ai/genwhy/nobonk/ml/Nms.kt (3808 chars)
2026-08-28 17:26:38 | PASS 14 · Nms.kt — generated; running tests…
2026-08-28 17:26:40 | PASS 14 · Nms.kt — TESTS GREEN, committed
2026-08-28 17:26:50 | PASS 14 · LowLight.kt — coding-lane hardening…
GLM_OK: rewrote app/src/main/java/ai/genwhy/nobonk/ml/LowLight.kt (4871 chars)
2026-08-28 17:28:42 | PASS 14 · LowLight.kt — generated; running tests…
2026-08-28 17:28:43 | PASS 14 · LowLight.kt — no change
2026-08-28 17:28:53 | PASS 14 · Letterbox.kt — coding-lane hardening…
GLM_OK: rewrote app/src/main/java/ai/genwhy/nobonk/ml/Letterbox.kt (5244 chars)
2026-08-28 17:29:47 | PASS 14 · Letterbox.kt — generated; running tests…
2026-08-28 17:29:48 | PASS 14 · Letterbox.kt — no change
2026-08-28 17:29:58 | PASS 14 · Detection.kt — coding-lane hardening…
GLM_OK: rewrote app/src/main/java/ai/genwhy/nobonk/model/Detection.kt (4133 chars)
2026-08-28 17:30:50 | PASS 14 · Detection.kt — generated; running tests…
2026-08-28 17:30:50 | PASS 14 · Detection.kt — no change
2026-08-28 17:31:00 | PASS 14 · NormBox.kt — coding-lane hardening…
GLM_OK: rewrote app/src/main/java/ai/genwhy/nobonk/model/NormBox.kt (4333 chars)
2026-08-28 17:31:50 | PASS 14 · NormBox.kt — generated; running tests…
2026-08-28 17:31:51 | PASS 14 · NormBox.kt — TESTS GREEN, committed
2026-08-28 17:32:01 | PASS 14 · SensorMonitor.kt — coding-lane hardening…
GLM_OK: rewrote app/src/main/java/ai/genwhy/nobonk/ml/SensorMonitor.kt (7536 chars)
2026-08-28 17:33:09 | PASS 14 · SensorMonitor.kt — generated; running tests…
2026-08-28 17:33:11 | PASS 14 · SensorMonitor.kt — TESTS GREEN, committed
2026-08-28 17:33:21 | PASS 14 · DetectionEvent.kt — coding-lane hardening…
GLM_OK: rewrote app/src/main/java/ai/genwhy/nobonk/data/DetectionEvent.kt (7371 chars)
2026-08-28 17:34:30 | PASS 14 · DetectionEvent.kt — generated; running tests…
2026-08-28 17:34:31 | PASS 14 · DetectionEvent.kt — no change
2026-08-28 17:34:41 | PASS 14 · AlertPolicy.kt — coding-lane hardening…
GLM_OK: rewrote app/src/main/java/ai/genwhy/nobonk/ml/AlertPolicy.kt (9902 chars)
2026-08-28 17:37:06 | PASS 14 · AlertPolicy.kt — generated; running tests…
2026-08-28 17:37:08 | PASS 14 · AlertPolicy.kt — TESTS GREEN, committed
2026-08-28 17:37:18 | PASS 14 · AnalyticsEngine.kt — coding-lane hardening…
GLM_OK: rewrote app/src/main/java/ai/genwhy/nobonk/analytics/AnalyticsEngine.kt (9770 chars)
2026-08-28 17:39:10 | PASS 14 · AnalyticsEngine.kt — generated; running tests…
2026-08-28 17:39:10 | PASS 14 · AnalyticsEngine.kt — no change
2026-08-28 17:39:20 | PASS 15 · Nms.kt — coding-lane hardening…
GLM_OK: rewrote app/src/main/java/ai/genwhy/nobonk/ml/Nms.kt (3808 chars)
2026-08-28 17:39:59 | PASS 15 · Nms.kt — generated; running tests…
2026-08-28 17:40:00 | PASS 15 · Nms.kt — no change
2026-08-28 17:40:10 | PASS 15 · LowLight.kt — coding-lane hardening…
GLM_OK: rewrote app/src/main/java/ai/genwhy/nobonk/ml/LowLight.kt (4871 chars)
2026-08-28 17:40:51 | PASS 15 · LowLight.kt — generated; running tests…
2026-08-28 17:40:52 | PASS 15 · LowLight.kt — no change
2026-08-28 17:41:02 | PASS 15 · Letterbox.kt — coding-lane hardening…
GLM_OK: rewrote app/src/main/java/ai/genwhy/nobonk/ml/Letterbox.kt (5323 chars)
2026-08-28 17:41:59 | PASS 15 · Letterbox.kt — generated; running tests…
2026-08-28 17:42:01 | PASS 15 · Letterbox.kt — TESTS GREEN, committed
2026-08-28 17:42:11 | PASS 15 · Detection.kt — coding-lane hardening…
GLM_OK: rewrote app/src/main/java/ai/genwhy/nobonk/model/Detection.kt (4133 chars)
2026-08-28 17:43:01 | PASS 15 · Detection.kt — generated; running tests…
2026-08-28 17:43:02 | PASS 15 · Detection.kt — no change
2026-08-28 17:43:12 | PASS 15 · NormBox.kt — coding-lane hardening…
GLM_OK: rewrote app/src/main/java/ai/genwhy/nobonk/model/NormBox.kt (4333 chars)
2026-08-28 17:44:01 | PASS 15 · NormBox.kt — generated; running tests…
2026-08-28 17:44:02 | PASS 15 · NormBox.kt — no change
2026-08-28 17:44:12 | PASS 15 · SensorMonitor.kt — coding-lane hardening…
GLM_OK: rewrote app/src/main/java/ai/genwhy/nobonk/ml/SensorMonitor.kt (7536 chars)
2026-08-28 17:45:21 | PASS 15 · SensorMonitor.kt — generated; running tests…
2026-08-28 17:45:22 | PASS 15 · SensorMonitor.kt — no change
2026-08-28 17:45:32 | PASS 15 · DetectionEvent.kt — coding-lane hardening…
GLM_OK: rewrote app/src/main/java/ai/genwhy/nobonk/data/DetectionEvent.kt (7486 chars)
2026-08-28 17:46:48 | PASS 15 · DetectionEvent.kt — generated; running tests…
2026-08-28 17:46:54 | PASS 15 · DetectionEvent.kt — TESTS GREEN, committed
2026-08-28 17:47:04 | PASS 15 · AlertPolicy.kt — coding-lane hardening…
GLM_OK: rewrote app/src/main/java/ai/genwhy/nobonk/ml/AlertPolicy.kt (10323 chars)
2026-08-28 17:49:30 | PASS 15 · AlertPolicy.kt — generated; running tests…
2026-08-28 17:49:32 | PASS 15 · AlertPolicy.kt — TESTS GREEN, committed
2026-08-28 17:49:42 | PASS 15 · AnalyticsEngine.kt — coding-lane hardening…
GLM_OK: rewrote app/src/main/java/ai/genwhy/nobonk/analytics/AnalyticsEngine.kt (9798 chars)
2026-08-28 17:51:41 | PASS 15 · AnalyticsEngine.kt — generated; running tests…
2026-08-28 17:51:42 | PASS 15 · AnalyticsEngine.kt — TESTS GREEN, committed
2026-08-28 17:51:52 | PASS 16 · Nms.kt — coding-lane hardening…
GLM_OK: rewrote app/src/main/java/ai/genwhy/nobonk/ml/Nms.kt (3808 chars)
2026-08-28 17:52:31 | PASS 16 · Nms.kt — generated; running tests…
2026-08-28 17:52:31 | PASS 16 · Nms.kt — no change
2026-08-28 17:52:41 | PASS 16 · LowLight.kt — coding-lane hardening…
GLM_OK: rewrote app/src/main/java/ai/genwhy/nobonk/ml/LowLight.kt (4871 chars)
2026-08-28 17:53:25 | PASS 16 · LowLight.kt — generated; running tests…
2026-08-28 17:53:26 | PASS 16 · LowLight.kt — no change
2026-08-28 17:53:36 | PASS 16 · Letterbox.kt — coding-lane hardening…
GLM_OK: rewrote app/src/main/java/ai/genwhy/nobonk/ml/Letterbox.kt (5323 chars)
2026-08-28 17:54:32 | PASS 16 · Letterbox.kt — generated; running tests…
2026-08-28 17:54:33 | PASS 16 · Letterbox.kt — no change
2026-08-28 17:54:43 | PASS 16 · Detection.kt — coding-lane hardening…
GLM_OK: rewrote app/src/main/java/ai/genwhy/nobonk/model/Detection.kt (4133 chars)
2026-08-28 17:55:26 | PASS 16 · Detection.kt — generated; running tests…
2026-08-28 17:55:27 | PASS 16 · Detection.kt — no change
2026-08-28 17:55:37 | PASS 16 · NormBox.kt — coding-lane hardening…
GLM_OK: rewrote app/src/main/java/ai/genwhy/nobonk/model/NormBox.kt (4333 chars)
2026-08-28 17:56:19 | PASS 16 · NormBox.kt — generated; running tests…
2026-08-28 17:56:19 | PASS 16 · NormBox.kt — no change
2026-08-28 17:56:29 | PASS 16 · SensorMonitor.kt — coding-lane hardening…
GLM_OK: rewrote app/src/main/java/ai/genwhy/nobonk/ml/SensorMonitor.kt (7536 chars)
2026-08-28 17:57:36 | PASS 16 · SensorMonitor.kt — generated; running tests…
2026-08-28 17:57:37 | PASS 16 · SensorMonitor.kt — no change
2026-08-28 17:57:47 | PASS 16 · DetectionEvent.kt — coding-lane hardening…
GLM_OK: rewrote app/src/main/java/ai/genwhy/nobonk/data/DetectionEvent.kt (7509 chars)
2026-08-28 17:59:16 | PASS 16 · DetectionEvent.kt — generated; running tests…
2026-08-28 17:59:17 | PASS 16 · DetectionEvent.kt — TESTS GREEN, committed
2026-08-28 17:59:27 | PASS 16 · AlertPolicy.kt — coding-lane hardening…
GLM_OK: rewrote app/src/main/java/ai/genwhy/nobonk/ml/AlertPolicy.kt (10323 chars)
2026-08-28 18:01:39 | PASS 16 · AlertPolicy.kt — generated; running tests…
2026-08-28 18:01:40 | PASS 16 · AlertPolicy.kt — no change
2026-08-28 18:01:50 | PASS 16 · AnalyticsEngine.kt — coding-lane hardening…
GLM_OK: rewrote app/src/main/java/ai/genwhy/nobonk/analytics/AnalyticsEngine.kt (9798 chars)
2026-08-28 18:05:05 | PASS 16 · AnalyticsEngine.kt — generated; running tests…
2026-08-28 18:05:06 | PASS 16 · AnalyticsEngine.kt — no change
2026-08-28 18:05:16 | PASS 17 · Nms.kt — coding-lane hardening…
GLM_OK: rewrote app/src/main/java/ai/genwhy/nobonk/ml/Nms.kt (3808 chars)
2026-08-28 18:05:53 | PASS 17 · Nms.kt — generated; running tests…
2026-08-28 18:05:54 | PASS 17 · Nms.kt — no change
2026-08-28 18:06:04 | PASS 17 · LowLight.kt — coding-lane hardening…
GLM_OK: rewrote app/src/main/java/ai/genwhy/nobonk/ml/LowLight.kt (4871 chars)
2026-08-28 18:06:49 | PASS 17 · LowLight.kt — generated; running tests…
2026-08-28 18:06:50 | PASS 17 · LowLight.kt — no change
2026-08-28 18:07:00 | PASS 17 · Letterbox.kt — coding-lane hardening…
GLM_OK: rewrote app/src/main/java/ai/genwhy/nobonk/ml/Letterbox.kt (5323 chars)
2026-08-28 18:07:55 | PASS 17 · Letterbox.kt — generated; running tests…
2026-08-28 18:07:56 | PASS 17 · Letterbox.kt — no change
2026-08-28 18:08:06 | PASS 17 · Detection.kt — coding-lane hardening…
GLM_OK: rewrote app/src/main/java/ai/genwhy/nobonk/model/Detection.kt (4133 chars)
2026-08-28 18:08:52 | PASS 17 · Detection.kt — generated; running tests…
2026-08-28 18:08:53 | PASS 17 · Detection.kt — no change
2026-08-28 18:09:03 | PASS 17 · NormBox.kt — coding-lane hardening…
GLM_OK: rewrote app/src/main/java/ai/genwhy/nobonk/model/NormBox.kt (4333 chars)
2026-08-28 18:09:46 | PASS 17 · NormBox.kt — generated; running tests…
2026-08-28 18:09:47 | PASS 17 · NormBox.kt — no change
2026-08-28 18:09:57 | PASS 17 · SensorMonitor.kt — coding-lane hardening…
GLM_OK: rewrote app/src/main/java/ai/genwhy/nobonk/ml/SensorMonitor.kt (7536 chars)
2026-08-28 18:10:49 | PASS 17 · SensorMonitor.kt — generated; running tests…
2026-08-28 18:10:50 | PASS 17 · SensorMonitor.kt — no change
2026-08-28 18:11:00 | PASS 17 · DetectionEvent.kt — coding-lane hardening…
GLM_OK: rewrote app/src/main/java/ai/genwhy/nobonk/data/DetectionEvent.kt (7509 chars)
2026-08-28 18:12:07 | PASS 17 · DetectionEvent.kt — generated; running tests…
2026-08-28 18:12:08 | PASS 17 · DetectionEvent.kt — no change
2026-08-28 18:12:18 | PASS 17 · AlertPolicy.kt — coding-lane hardening…
GLM_OK: rewrote app/src/main/java/ai/genwhy/nobonk/ml/AlertPolicy.kt (10401 chars)
2026-08-28 18:14:51 | PASS 17 · AlertPolicy.kt — generated; running tests…
2026-08-28 18:14:52 | PASS 17 · AlertPolicy.kt — TESTS GREEN, committed
2026-08-28 18:15:02 | PASS 17 · AnalyticsEngine.kt — coding-lane hardening…
GLM_OK: rewrote app/src/main/java/ai/genwhy/nobonk/analytics/AnalyticsEngine.kt (9798 chars)
2026-08-28 18:17:12 | PASS 17 · AnalyticsEngine.kt — generated; running tests…
2026-08-28 18:17:13 | PASS 17 · AnalyticsEngine.kt — no change
2026-08-28 18:17:23 | PASS 18 · Nms.kt — coding-lane hardening…
GLM_OK: rewrote app/src/main/java/ai/genwhy/nobonk/ml/Nms.kt (3808 chars)
2026-08-28 18:18:03 | PASS 18 · Nms.kt — generated; running tests…
2026-08-28 18:18:04 | PASS 18 · Nms.kt — no change
2026-08-28 18:18:12 | ===== nobonk-glm-loop started (pid 3957630) =====
2026-08-28 18:18:12 | PASS 18 · LowLight.kt — coding-lane hardening…
GLM_OK: rewrote app/src/main/java/ai/genwhy/nobonk/ml/LowLight.kt (4871 chars)
2026-08-28 18:20:08 | PASS 18 · LowLight.kt — generated; running tests…
2026-08-28 18:20:17 | PASS 18 · LowLight.kt — no change
2026-08-28 18:20:27 | PASS 18 · Letterbox.kt — coding-lane hardening…
GLM_OK: rewrote app/src/main/java/ai/genwhy/nobonk/ml/Letterbox.kt (5323 chars)
2026-08-28 18:23:00 | PASS 18 · Letterbox.kt — generated; running tests…
2026-08-28 18:23:01 | PASS 18 · Letterbox.kt — no change
2026-08-28 18:23:11 | PASS 18 · Detection.kt — coding-lane hardening…
GLM_OK: rewrote app/src/main/java/ai/genwhy/nobonk/model/Detection.kt (4133 chars)
2026-08-28 18:31:16 | PASS 18 · Detection.kt — generated; running tests…
2026-08-28 18:31:17 | PASS 18 · Detection.kt — no change
2026-08-28 18:31:27 | PASS 18 · NormBox.kt — coding-lane hardening…
GLM_OK: rewrote app/src/main/java/ai/genwhy/nobonk/model/NormBox.kt (4333 chars)
2026-08-28 18:32:10 | PASS 18 · NormBox.kt — generated; running tests…
2026-08-28 18:32:11 | PASS 18 · NormBox.kt — no change
2026-08-28 18:32:21 | PASS 18 · SensorMonitor.kt — coding-lane hardening…
GLM_OK: rewrote app/src/main/java/ai/genwhy/nobonk/ml/SensorMonitor.kt (7658 chars)
2026-08-28 18:33:36 | PASS 18 · SensorMonitor.kt — generated; running tests…
2026-08-28 18:33:42 | PASS 18 · SensorMonitor.kt — TESTS GREEN, committed
2026-08-28 18:33:44 |   pushed to origin
2026-08-28 18:33:54 | PASS 18 · DetectionEvent.kt — coding-lane hardening…
GLM_OK: rewrote app/src/main/java/ai/genwhy/nobonk/data/DetectionEvent.kt (7667 chars)
2026-08-28 18:35:23 | PASS 18 · DetectionEvent.kt — generated; running tests…
2026-08-28 18:35:25 | PASS 18 · DetectionEvent.kt — TESTS GREEN, committed
2026-08-28 18:35:27 |   pushed to origin
2026-08-28 18:35:37 | PASS 18 · AlertPolicy.kt — coding-lane hardening…
GLM_OK: rewrote app/src/main/java/ai/genwhy/nobonk/ml/AlertPolicy.kt (10401 chars)
2026-08-28 18:37:46 | PASS 18 · AlertPolicy.kt — generated; running tests…
2026-08-28 18:37:47 | PASS 18 · AlertPolicy.kt — no change
2026-08-28 18:37:57 | PASS 18 · AnalyticsEngine.kt — coding-lane hardening…
GLM_OK: rewrote app/src/main/java/ai/genwhy/nobonk/analytics/AnalyticsEngine.kt (9798 chars)
2026-08-28 18:39:54 | PASS 18 · AnalyticsEngine.kt — generated; running tests…
2026-08-28 18:39:55 | PASS 18 · AnalyticsEngine.kt — no change
2026-08-28 18:40:05 | PASS 19 · Nms.kt — coding-lane hardening…
GLM_OK: rewrote app/src/main/java/ai/genwhy/nobonk/ml/Nms.kt (3808 chars)
2026-08-28 18:40:53 | PASS 19 · Nms.kt — generated; running tests…
2026-08-28 18:40:54 | PASS 19 · Nms.kt — no change
2026-08-28 18:41:04 | PASS 19 · LowLight.kt — coding-lane hardening…
GLM_OK: rewrote app/src/main/java/ai/genwhy/nobonk/ml/LowLight.kt (4871 chars)
2026-08-28 18:41:51 | PASS 19 · LowLight.kt — generated; running tests…
2026-08-28 18:41:52 | PASS 19 · LowLight.kt — no change
2026-08-28 18:42:02 | PASS 19 · Letterbox.kt — coding-lane hardening…
GLM_OK: rewrote app/src/main/java/ai/genwhy/nobonk/ml/Letterbox.kt (5323 chars)
2026-08-28 18:43:04 | PASS 19 · Letterbox.kt — generated; running tests…
2026-08-28 18:43:05 | PASS 19 · Letterbox.kt — no change
2026-08-28 18:43:15 | PASS 19 · Detection.kt — coding-lane hardening…
GLM_OK: rewrote app/src/main/java/ai/genwhy/nobonk/model/Detection.kt (4133 chars)
2026-08-28 18:44:14 | PASS 19 · Detection.kt — generated; running tests…
2026-08-28 18:44:15 | PASS 19 · Detection.kt — no change
2026-08-28 18:44:25 | PASS 19 · NormBox.kt — coding-lane hardening…
GLM_OK: rewrote app/src/main/java/ai/genwhy/nobonk/model/NormBox.kt (4333 chars)
2026-08-28 18:45:07 | PASS 19 · NormBox.kt — generated; running tests…
2026-08-28 18:45:08 | PASS 19 · NormBox.kt — no change
2026-08-28 18:45:18 | PASS 19 · SensorMonitor.kt — coding-lane hardening…
GLM_OK: rewrote app/src/main/java/ai/genwhy/nobonk/ml/SensorMonitor.kt (7658 chars)
2026-08-28 18:46:23 | PASS 19 · SensorMonitor.kt — generated; running tests…
2026-08-28 18:46:24 | PASS 19 · SensorMonitor.kt — no change
2026-08-28 18:46:34 | PASS 19 · DetectionEvent.kt — coding-lane hardening…
GLM_OK: rewrote app/src/main/java/ai/genwhy/nobonk/data/DetectionEvent.kt (7667 chars)
2026-08-28 18:47:43 | PASS 19 · DetectionEvent.kt — generated; running tests…
2026-08-28 18:47:44 | PASS 19 · DetectionEvent.kt — no change
2026-08-28 18:47:54 | PASS 19 · AlertPolicy.kt — coding-lane hardening…
GLM_OK: rewrote app/src/main/java/ai/genwhy/nobonk/ml/AlertPolicy.kt (10401 chars)
2026-08-28 18:50:22 | PASS 19 · AlertPolicy.kt — generated; running tests…
2026-08-28 18:50:23 | PASS 19 · AlertPolicy.kt — no change
2026-08-28 18:50:33 | PASS 19 · AnalyticsEngine.kt — coding-lane hardening…
GLM_OK: rewrote app/src/main/java/ai/genwhy/nobonk/analytics/AnalyticsEngine.kt (9798 chars)
2026-08-28 18:52:15 | PASS 19 · AnalyticsEngine.kt — generated; running tests…
2026-08-28 18:52:16 | PASS 19 · AnalyticsEngine.kt — no change
2026-08-28 18:52:26 | PASS 20 · Nms.kt — coding-lane hardening…
GLM_OK: rewrote app/src/main/java/ai/genwhy/nobonk/ml/Nms.kt (3808 chars)
2026-08-28 18:53:04 | PASS 20 · Nms.kt — generated; running tests…
2026-08-28 18:53:04 | PASS 20 · Nms.kt — no change
2026-08-28 18:53:14 | PASS 20 · LowLight.kt — coding-lane hardening…
GLM_OK: rewrote app/src/main/java/ai/genwhy/nobonk/ml/LowLight.kt (4871 chars)
2026-08-28 18:54:03 | PASS 20 · LowLight.kt — generated; running tests…
2026-08-28 18:54:04 | PASS 20 · LowLight.kt — no change
2026-08-28 18:54:14 | PASS 20 · Letterbox.kt — coding-lane hardening…
GLM_OK: rewrote app/src/main/java/ai/genwhy/nobonk/ml/Letterbox.kt (5467 chars)
2026-08-28 18:55:25 | PASS 20 · Letterbox.kt — generated; running tests…
2026-08-28 18:55:27 | PASS 20 · Letterbox.kt — TESTS GREEN, committed
2026-08-28 18:55:29 |   pushed to origin
2026-08-28 18:55:39 | PASS 20 · Detection.kt — coding-lane hardening…
GLM_OK: rewrote app/src/main/java/ai/genwhy/nobonk/model/Detection.kt (4133 chars)
2026-08-28 18:56:19 | PASS 20 · Detection.kt — generated; running tests…
2026-08-28 18:56:20 | PASS 20 · Detection.kt — no change
2026-08-28 18:56:30 | PASS 20 · NormBox.kt — coding-lane hardening…
GLM_OK: rewrote app/src/main/java/ai/genwhy/nobonk/model/NormBox.kt (4333 chars)
2026-08-28 18:57:17 | PASS 20 · NormBox.kt — generated; running tests…
2026-08-28 18:57:18 | PASS 20 · NormBox.kt — no change
2026-08-28 18:57:28 | PASS 20 · SensorMonitor.kt — coding-lane hardening…
GLM_OK: rewrote app/src/main/java/ai/genwhy/nobonk/ml/SensorMonitor.kt (7658 chars)
2026-08-28 18:58:35 | PASS 20 · SensorMonitor.kt — generated; running tests…
2026-08-28 18:58:35 | PASS 20 · SensorMonitor.kt — no change
2026-08-28 18:58:45 | PASS 20 · DetectionEvent.kt — coding-lane hardening…
GLM_OK: rewrote app/src/main/java/ai/genwhy/nobonk/data/DetectionEvent.kt (7667 chars)
2026-08-28 18:59:55 | PASS 20 · DetectionEvent.kt — generated; running tests…
2026-08-28 18:59:56 | PASS 20 · DetectionEvent.kt — no change
2026-08-28 19:00:06 | PASS 20 · AlertPolicy.kt — coding-lane hardening…
GLM_OK: rewrote app/src/main/java/ai/genwhy/nobonk/ml/AlertPolicy.kt (10401 chars)
2026-08-28 19:02:21 | PASS 20 · AlertPolicy.kt — generated; running tests…
2026-08-28 19:02:22 | PASS 20 · AlertPolicy.kt — no change
2026-08-28 19:02:32 | PASS 20 · AnalyticsEngine.kt — coding-lane hardening…
GLM_OK: rewrote app/src/main/java/ai/genwhy/nobonk/analytics/AnalyticsEngine.kt (9798 chars)
2026-08-28 19:04:29 | PASS 20 · AnalyticsEngine.kt — generated; running tests…
2026-08-28 19:04:30 | PASS 20 · AnalyticsEngine.kt — no change
2026-08-28 19:04:40 | PASS 21 · Nms.kt — coding-lane hardening…
GLM_OK: rewrote app/src/main/java/ai/genwhy/nobonk/ml/Nms.kt (3808 chars)
2026-08-28 19:05:20 | PASS 21 · Nms.kt — generated; running tests…
2026-08-28 19:05:20 | PASS 21 · Nms.kt — no change
2026-08-28 19:05:30 | PASS 21 · LowLight.kt — coding-lane hardening…
GLM_OK: rewrote app/src/main/java/ai/genwhy/nobonk/ml/LowLight.kt (4871 chars)
2026-08-28 19:06:13 | PASS 21 · LowLight.kt — generated; running tests…
2026-08-28 19:06:14 | PASS 21 · LowLight.kt — no change
2026-08-28 19:06:24 | PASS 21 · Letterbox.kt — coding-lane hardening…
GLM_OK: rewrote app/src/main/java/ai/genwhy/nobonk/ml/Letterbox.kt (5467 chars)
2026-08-28 19:07:24 | PASS 21 · Letterbox.kt — generated; running tests…
2026-08-28 19:07:25 | PASS 21 · Letterbox.kt — no change
2026-08-28 19:07:35 | PASS 21 · Detection.kt — coding-lane hardening…
GLM_OK: rewrote app/src/main/java/ai/genwhy/nobonk/model/Detection.kt (4133 chars)
2026-08-28 19:08:22 | PASS 21 · Detection.kt — generated; running tests…
2026-08-28 19:08:23 | PASS 21 · Detection.kt — no change
2026-08-28 19:08:33 | PASS 21 · NormBox.kt — coding-lane hardening…
GLM_OK: rewrote app/src/main/java/ai/genwhy/nobonk/model/NormBox.kt (4567 chars)
2026-08-28 19:09:28 | PASS 21 · NormBox.kt — generated; running tests…
2026-08-28 19:09:30 | PASS 21 · NormBox.kt — TESTS GREEN, committed
2026-08-28 19:09:32 |   pushed to origin
2026-08-28 19:09:42 | PASS 21 · SensorMonitor.kt — coding-lane hardening…
GLM_OK: rewrote app/src/main/java/ai/genwhy/nobonk/ml/SensorMonitor.kt (7658 chars)
2026-08-28 19:10:48 | PASS 21 · SensorMonitor.kt — generated; running tests…
2026-08-28 19:10:49 | PASS 21 · SensorMonitor.kt — no change
2026-08-28 19:10:59 | PASS 21 · DetectionEvent.kt — coding-lane hardening…
GLM_OK: rewrote app/src/main/java/ai/genwhy/nobonk/data/DetectionEvent.kt (7667 chars)
2026-08-28 19:12:04 | PASS 21 · DetectionEvent.kt — generated; running tests…
2026-08-28 19:12:05 | PASS 21 · DetectionEvent.kt — no change
2026-08-28 19:12:15 | PASS 21 · AlertPolicy.kt — coding-lane hardening…
GLM_OK: rewrote app/src/main/java/ai/genwhy/nobonk/ml/AlertPolicy.kt (10401 chars)
2026-08-28 19:14:36 | PASS 21 · AlertPolicy.kt — generated; running tests…
2026-08-28 19:14:37 | PASS 21 · AlertPolicy.kt — no change
2026-08-28 19:14:47 | PASS 21 · AnalyticsEngine.kt — coding-lane hardening…
GLM_OK: rewrote app/src/main/java/ai/genwhy/nobonk/analytics/AnalyticsEngine.kt (9963 chars)
2026-08-28 19:16:47 | PASS 21 · AnalyticsEngine.kt — generated; running tests…
2026-08-28 19:16:50 | PASS 21 · AnalyticsEngine.kt — TESTS GREEN, committed
2026-08-28 19:16:52 |   pushed to origin
2026-08-28 19:17:02 | PASS 22 · Nms.kt — coding-lane hardening…
GLM_OK: rewrote app/src/main/java/ai/genwhy/nobonk/ml/Nms.kt (3808 chars)
2026-08-28 19:17:41 | PASS 22 · Nms.kt — generated; running tests…
2026-08-28 19:17:42 | PASS 22 · Nms.kt — no change
2026-08-28 19:17:52 | PASS 22 · LowLight.kt — coding-lane hardening…
GLM_OK: rewrote app/src/main/java/ai/genwhy/nobonk/ml/LowLight.kt (4871 chars)
2026-08-28 19:18:35 | PASS 22 · LowLight.kt — generated; running tests…
2026-08-28 19:18:35 | PASS 22 · LowLight.kt — no change
2026-08-28 19:18:45 | PASS 22 · Letterbox.kt — coding-lane hardening…
GLM_OK: rewrote app/src/main/java/ai/genwhy/nobonk/ml/Letterbox.kt (5467 chars)
2026-08-28 19:19:43 | PASS 22 · Letterbox.kt — generated; running tests…
2026-08-28 19:19:43 | PASS 22 · Letterbox.kt — no change
2026-08-28 19:19:53 | PASS 22 · Detection.kt — coding-lane hardening…
GLM_OK: rewrote app/src/main/java/ai/genwhy/nobonk/model/Detection.kt (4431 chars)
2026-08-28 19:20:42 | PASS 22 · Detection.kt — generated; running tests…
2026-08-28 19:20:44 | PASS 22 · Detection.kt — TESTS GREEN, committed
2026-08-28 19:20:45 |   pushed to origin
2026-08-28 19:20:55 | PASS 22 · NormBox.kt — coding-lane hardening…
GLM_OK: rewrote app/src/main/java/ai/genwhy/nobonk/model/NormBox.kt (4567 chars)
2026-08-28 19:21:42 | PASS 22 · NormBox.kt — generated; running tests…
2026-08-28 19:21:43 | PASS 22 · NormBox.kt — no change
2026-08-28 19:21:53 | PASS 22 · SensorMonitor.kt — coding-lane hardening…
GLM_OK: rewrote app/src/main/java/ai/genwhy/nobonk/ml/SensorMonitor.kt (7658 chars)
2026-08-28 19:22:51 | PASS 22 · SensorMonitor.kt — generated; running tests…
2026-08-28 19:22:52 | PASS 22 · SensorMonitor.kt — no change
2026-08-28 19:23:02 | PASS 22 · DetectionEvent.kt — coding-lane hardening…
GLM_OK: rewrote app/src/main/java/ai/genwhy/nobonk/data/DetectionEvent.kt (7667 chars)
2026-08-28 19:24:10 | PASS 22 · DetectionEvent.kt — generated; running tests…
2026-08-28 19:24:11 | PASS 22 · DetectionEvent.kt — no change
2026-08-28 19:24:21 | PASS 22 · AlertPolicy.kt — coding-lane hardening…
GLM_OK: rewrote app/src/main/java/ai/genwhy/nobonk/ml/AlertPolicy.kt (10404 chars)
2026-08-28 19:26:34 | PASS 22 · AlertPolicy.kt — generated; running tests…
2026-08-28 19:26:36 | PASS 22 · AlertPolicy.kt — TESTS GREEN, committed
2026-08-28 19:26:37 |   pushed to origin
2026-08-28 19:26:47 | PASS 22 · AnalyticsEngine.kt — coding-lane hardening…
GLM_OK: rewrote app/src/main/java/ai/genwhy/nobonk/analytics/AnalyticsEngine.kt (9963 chars)
2026-08-28 19:28:30 | PASS 22 · AnalyticsEngine.kt — generated; running tests…
2026-08-28 19:28:30 | PASS 22 · AnalyticsEngine.kt — no change
2026-08-28 19:28:40 | PASS 23 · Nms.kt — coding-lane hardening…
GLM_OK: rewrote app/src/main/java/ai/genwhy/nobonk/ml/Nms.kt (3808 chars)
2026-08-28 19:29:22 | PASS 23 · Nms.kt — generated; running tests…
2026-08-28 19:29:23 | PASS 23 · Nms.kt — no change
2026-08-28 19:29:33 | PASS 23 · LowLight.kt — coding-lane hardening…
GLM_OK: rewrote app/src/main/java/ai/genwhy/nobonk/ml/LowLight.kt (4871 chars)
2026-08-28 19:30:11 | PASS 23 · LowLight.kt — generated; running tests…
2026-08-28 19:30:12 | PASS 23 · LowLight.kt — no change
2026-08-28 19:30:22 | PASS 23 · Letterbox.kt — coding-lane hardening…
GLM_OK: rewrote app/src/main/java/ai/genwhy/nobonk/ml/Letterbox.kt (5467 chars)
2026-08-28 19:31:20 | PASS 23 · Letterbox.kt — generated; running tests…
2026-08-28 19:31:20 | PASS 23 · Letterbox.kt — no change
2026-08-28 19:31:30 | PASS 23 · Detection.kt — coding-lane hardening…
GLM_OK: rewrote app/src/main/java/ai/genwhy/nobonk/model/Detection.kt (4431 chars)
2026-08-28 19:32:17 | PASS 23 · Detection.kt — generated; running tests…
2026-08-28 19:32:17 | PASS 23 · Detection.kt — no change
2026-08-28 19:32:27 | PASS 23 · NormBox.kt — coding-lane hardening…
GLM_OK: rewrote app/src/main/java/ai/genwhy/nobonk/model/NormBox.kt (4567 chars)
2026-08-28 19:33:13 | PASS 23 · NormBox.kt — generated; running tests…
2026-08-28 19:33:14 | PASS 23 · NormBox.kt — no change
2026-08-28 19:33:24 | PASS 23 · SensorMonitor.kt — coding-lane hardening…
GLM_OK: rewrote app/src/main/java/ai/genwhy/nobonk/ml/SensorMonitor.kt (7658 chars)
2026-08-28 19:34:31 | PASS 23 · SensorMonitor.kt — generated; running tests…
2026-08-28 19:34:31 | PASS 23 · SensorMonitor.kt — no change
2026-08-28 19:34:41 | PASS 23 · DetectionEvent.kt — coding-lane hardening…
GLM_OK: rewrote app/src/main/java/ai/genwhy/nobonk/data/DetectionEvent.kt (7667 chars)
2026-08-28 19:39:20 | PASS 23 · DetectionEvent.kt — generated; running tests…
2026-08-28 19:39:21 | PASS 23 · DetectionEvent.kt — no change
2026-08-28 19:39:31 | PASS 23 · AlertPolicy.kt — coding-lane hardening…
GLM_OK: rewrote app/src/main/java/ai/genwhy/nobonk/ml/AlertPolicy.kt (10404 chars)
2026-08-28 19:41:46 | PASS 23 · AlertPolicy.kt — generated; running tests…
2026-08-28 19:41:47 | PASS 23 · AlertPolicy.kt — no change
2026-08-28 19:41:57 | PASS 23 · AnalyticsEngine.kt — coding-lane hardening…
GLM_OK: rewrote app/src/main/java/ai/genwhy/nobonk/analytics/AnalyticsEngine.kt (9968 chars)
2026-08-28 19:43:55 | PASS 23 · AnalyticsEngine.kt — generated; running tests…
2026-08-28 19:43:56 | PASS 23 · AnalyticsEngine.kt — TESTS GREEN, committed
2026-08-28 19:43:58 |   pushed to origin
2026-08-28 19:44:08 | PASS 24 · Nms.kt — coding-lane hardening…
GLM_OK: rewrote app/src/main/java/ai/genwhy/nobonk/ml/Nms.kt (3808 chars)
2026-08-28 19:44:44 | PASS 24 · Nms.kt — generated; running tests…
2026-08-28 19:44:45 | PASS 24 · Nms.kt — no change
2026-08-28 19:44:55 | PASS 24 · LowLight.kt — coding-lane hardening…
GLM_OK: rewrote app/src/main/java/ai/genwhy/nobonk/ml/LowLight.kt (4871 chars)
2026-08-28 19:45:41 | PASS 24 · LowLight.kt — generated; running tests…
2026-08-28 19:45:41 | PASS 24 · LowLight.kt — no change
2026-08-28 19:45:51 | PASS 24 · Letterbox.kt — coding-lane hardening…
GLM_OK: rewrote app/src/main/java/ai/genwhy/nobonk/ml/Letterbox.kt (5467 chars)
2026-08-28 19:46:46 | PASS 24 · Letterbox.kt — generated; running tests…
2026-08-28 19:46:47 | PASS 24 · Letterbox.kt — no change
2026-08-28 19:46:57 | PASS 24 · Detection.kt — coding-lane hardening…
GLM_OK: rewrote app/src/main/java/ai/genwhy/nobonk/model/Detection.kt (5015 chars)
2026-08-28 19:48:01 | PASS 24 · Detection.kt — generated; running tests…
2026-08-28 19:48:03 | PASS 24 · Detection.kt — TESTS GREEN, committed
2026-08-28 19:48:04 |   pushed to origin
2026-08-28 19:48:14 | PASS 24 · NormBox.kt — coding-lane hardening…
GLM_OK: rewrote app/src/main/java/ai/genwhy/nobonk/model/NormBox.kt (4567 chars)
2026-08-28 19:48:59 | PASS 24 · NormBox.kt — generated; running tests…
2026-08-28 19:49:00 | PASS 24 · NormBox.kt — no change
2026-08-28 19:49:10 | PASS 24 · SensorMonitor.kt — coding-lane hardening…
GLM_OK: rewrote app/src/main/java/ai/genwhy/nobonk/ml/SensorMonitor.kt (7720 chars)
2026-08-28 19:50:24 | PASS 24 · SensorMonitor.kt — generated; running tests…
2026-08-28 19:50:26 | PASS 24 · SensorMonitor.kt — TESTS GREEN, committed
2026-08-28 19:50:27 |   pushed to origin
2026-08-28 19:50:37 | PASS 24 · DetectionEvent.kt — coding-lane hardening…
GLM_OK: rewrote app/src/main/java/ai/genwhy/nobonk/data/DetectionEvent.kt (7667 chars)
2026-08-28 19:51:34 | PASS 24 · DetectionEvent.kt — generated; running tests…
2026-08-28 19:51:35 | PASS 24 · DetectionEvent.kt — no change
2026-08-28 19:51:45 | PASS 24 · AlertPolicy.kt — coding-lane hardening…
GLM_OK: rewrote app/src/main/java/ai/genwhy/nobonk/ml/AlertPolicy.kt (10404 chars)
2026-08-28 19:54:01 | PASS 24 · AlertPolicy.kt — generated; running tests…
2026-08-28 19:54:02 | PASS 24 · AlertPolicy.kt — no change
2026-08-28 19:54:12 | PASS 24 · AnalyticsEngine.kt — coding-lane hardening…
GLM_OK: rewrote app/src/main/java/ai/genwhy/nobonk/analytics/AnalyticsEngine.kt (9968 chars)
2026-08-28 19:56:09 | PASS 24 · AnalyticsEngine.kt — generated; running tests…
2026-08-28 19:56:10 | PASS 24 · AnalyticsEngine.kt — no change
2026-08-28 19:56:20 | PASS 25 · Nms.kt — coding-lane hardening…
GLM_OK: rewrote app/src/main/java/ai/genwhy/nobonk/ml/Nms.kt (3808 chars)
2026-08-28 19:56:59 | PASS 25 · Nms.kt — generated; running tests…
2026-08-28 19:57:00 | PASS 25 · Nms.kt — no change
2026-08-28 19:57:10 | PASS 25 · LowLight.kt — coding-lane hardening…
GLM_OK: rewrote app/src/main/java/ai/genwhy/nobonk/ml/LowLight.kt (4871 chars)
2026-08-28 19:57:53 | PASS 25 · LowLight.kt — generated; running tests…
2026-08-28 19:57:53 | PASS 25 · LowLight.kt — no change
2026-08-28 19:58:03 | PASS 25 · Letterbox.kt — coding-lane hardening…
GLM_OK: rewrote app/src/main/java/ai/genwhy/nobonk/ml/Letterbox.kt (5467 chars)
2026-08-28 19:59:05 | PASS 25 · Letterbox.kt — generated; running tests…
2026-08-28 19:59:06 | PASS 25 · Letterbox.kt — no change
2026-08-28 19:59:16 | PASS 25 · Detection.kt — coding-lane hardening…
GLM_OK: rewrote app/src/main/java/ai/genwhy/nobonk/model/Detection.kt (4994 chars)
2026-08-28 20:00:51 | PASS 25 · Detection.kt — generated; running tests…
2026-08-28 20:00:52 | PASS 25 · Detection.kt — TESTS GREEN, committed
2026-08-28 20:00:54 |   pushed to origin
2026-08-28 20:01:04 | PASS 25 · NormBox.kt — coding-lane hardening…
GLM_OK: rewrote app/src/main/java/ai/genwhy/nobonk/model/NormBox.kt (4567 chars)
2026-08-28 20:02:03 | PASS 25 · NormBox.kt — generated; running tests…
2026-08-28 20:02:04 | PASS 25 · NormBox.kt — no change
2026-08-28 20:02:14 | PASS 25 · SensorMonitor.kt — coding-lane hardening…
GLM_OK: rewrote app/src/main/java/ai/genwhy/nobonk/ml/SensorMonitor.kt (7720 chars)
2026-08-28 20:03:22 | PASS 25 · SensorMonitor.kt — generated; running tests…
2026-08-28 20:03:22 | PASS 25 · SensorMonitor.kt — no change
2026-08-28 20:03:32 | PASS 25 · DetectionEvent.kt — coding-lane hardening…
GLM_OK: rewrote app/src/main/java/ai/genwhy/nobonk/data/DetectionEvent.kt (7667 chars)
2026-08-28 20:04:38 | PASS 25 · DetectionEvent.kt — generated; running tests…
2026-08-28 20:04:39 | PASS 25 · DetectionEvent.kt — no change
2026-08-28 20:04:49 | PASS 25 · AlertPolicy.kt — coding-lane hardening…
GLM_OK: rewrote app/src/main/java/ai/genwhy/nobonk/ml/AlertPolicy.kt (10404 chars)
2026-08-28 20:06:56 | PASS 25 · AlertPolicy.kt — generated; running tests…
2026-08-28 20:06:57 | PASS 25 · AlertPolicy.kt — no change
2026-08-28 20:07:07 | PASS 25 · AnalyticsEngine.kt — coding-lane hardening…
GLM_OK: rewrote app/src/main/java/ai/genwhy/nobonk/analytics/AnalyticsEngine.kt (9976 chars)
2026-08-28 20:16:53 | PASS 25 · AnalyticsEngine.kt — generated; running tests…
2026-08-28 20:16:55 | PASS 25 · AnalyticsEngine.kt — TESTS GREEN, committed
2026-08-28 20:16:57 |   pushed to origin
2026-08-28 20:17:07 | PASS 26 · Nms.kt — coding-lane hardening…
GLM_OK: rewrote app/src/main/java/ai/genwhy/nobonk/ml/Nms.kt (3808 chars)
2026-08-28 20:17:44 | PASS 26 · Nms.kt — generated; running tests…
2026-08-28 20:17:45 | PASS 26 · Nms.kt — no change
2026-08-28 20:17:55 | PASS 26 · LowLight.kt — coding-lane hardening…
GLM_OK: rewrote app/src/main/java/ai/genwhy/nobonk/ml/LowLight.kt (4871 chars)
2026-08-28 20:18:37 | PASS 26 · LowLight.kt — generated; running tests…
2026-08-28 20:18:38 | PASS 26 · LowLight.kt — no change
2026-08-28 20:18:48 | PASS 26 · Letterbox.kt — coding-lane hardening…
GLM_OK: rewrote app/src/main/java/ai/genwhy/nobonk/ml/Letterbox.kt (5467 chars)
2026-08-28 20:19:43 | PASS 26 · Letterbox.kt — generated; running tests…
2026-08-28 20:19:44 | PASS 26 · Letterbox.kt — no change
2026-08-28 20:19:54 | PASS 26 · Detection.kt — coding-lane hardening…
GLM_OK: rewrote app/src/main/java/ai/genwhy/nobonk/model/Detection.kt (5091 chars)
2026-08-28 20:21:01 | PASS 26 · Detection.kt — generated; running tests…
2026-08-28 20:21:02 | PASS 26 · Detection.kt — TESTS GREEN, committed
2026-08-28 20:21:04 |   pushed to origin
2026-08-28 20:21:14 | PASS 26 · NormBox.kt — coding-lane hardening…
GLM_OK: rewrote app/src/main/java/ai/genwhy/nobonk/model/NormBox.kt (4567 chars)
2026-08-28 20:22:03 | PASS 26 · NormBox.kt — generated; running tests…
2026-08-28 20:22:04 | PASS 26 · NormBox.kt — no change
2026-08-28 20:22:14 | PASS 26 · SensorMonitor.kt — coding-lane hardening…
GLM_OK: rewrote app/src/main/java/ai/genwhy/nobonk/ml/SensorMonitor.kt (7708 chars)
2026-08-28 20:23:22 | PASS 26 · SensorMonitor.kt — generated; running tests…
2026-08-28 20:23:23 | PASS 26 · SensorMonitor.kt — TESTS GREEN, committed
2026-08-28 20:23:25 |   pushed to origin
2026-08-28 20:23:35 | PASS 26 · DetectionEvent.kt — coding-lane hardening…
GLM_OK: rewrote app/src/main/java/ai/genwhy/nobonk/data/DetectionEvent.kt (7667 chars)
2026-08-28 20:24:42 | PASS 26 · DetectionEvent.kt — generated; running tests…
2026-08-28 20:24:43 | PASS 26 · DetectionEvent.kt — no change
2026-08-28 20:24:53 | PASS 26 · AlertPolicy.kt — coding-lane hardening…
GLM_OK: rewrote app/src/main/java/ai/genwhy/nobonk/ml/AlertPolicy.kt (10537 chars)
2026-08-28 20:26:49 | PASS 26 · AlertPolicy.kt — generated; running tests…
2026-08-28 20:26:51 | PASS 26 · AlertPolicy.kt — TESTS GREEN, committed
2026-08-28 20:26:53 |   pushed to origin
2026-08-28 20:27:03 | PASS 26 · AnalyticsEngine.kt — coding-lane hardening…
GLM_OK: rewrote app/src/main/java/ai/genwhy/nobonk/analytics/AnalyticsEngine.kt (9976 chars)
2026-08-28 20:29:00 | PASS 26 · AnalyticsEngine.kt — generated; running tests…
2026-08-28 20:29:01 | PASS 26 · AnalyticsEngine.kt — no change
2026-08-28 20:29:11 | PASS 27 · Nms.kt — coding-lane hardening…
GLM_OK: rewrote app/src/main/java/ai/genwhy/nobonk/ml/Nms.kt (3808 chars)
2026-08-28 20:29:55 | PASS 27 · Nms.kt — generated; running tests…
2026-08-28 20:29:56 | PASS 27 · Nms.kt — no change
2026-08-28 20:30:06 | PASS 27 · LowLight.kt — coding-lane hardening…
GLM_OK: rewrote app/src/main/java/ai/genwhy/nobonk/ml/LowLight.kt (4871 chars)
2026-08-28 20:30:53 | PASS 27 · LowLight.kt — generated; running tests…
2026-08-28 20:30:53 | PASS 27 · LowLight.kt — no change
2026-08-28 20:31:03 | PASS 27 · Letterbox.kt — coding-lane hardening…
GLM_OK: rewrote app/src/main/java/ai/genwhy/nobonk/ml/Letterbox.kt (5467 chars)
2026-08-28 20:32:00 | PASS 27 · Letterbox.kt — generated; running tests…
2026-08-28 20:32:01 | PASS 27 · Letterbox.kt — no change
2026-08-28 20:32:11 | PASS 27 · Detection.kt — coding-lane hardening…
GLM_OK: rewrote app/src/main/java/ai/genwhy/nobonk/model/Detection.kt (5091 chars)
2026-08-28 20:33:18 | PASS 27 · Detection.kt — generated; running tests…
2026-08-28 20:33:18 | PASS 27 · Detection.kt — no change
2026-08-28 20:33:28 | PASS 27 · NormBox.kt — coding-lane hardening…
GLM_OK: rewrote app/src/main/java/ai/genwhy/nobonk/model/NormBox.kt (4567 chars)
2026-08-28 20:34:13 | PASS 27 · NormBox.kt — generated; running tests…
2026-08-28 20:34:14 | PASS 27 · NormBox.kt — no change
2026-08-28 20:34:24 | PASS 27 · SensorMonitor.kt — coding-lane hardening…
GLM_OK: rewrote app/src/main/java/ai/genwhy/nobonk/ml/SensorMonitor.kt (7708 chars)
2026-08-28 20:35:40 | PASS 27 · SensorMonitor.kt — generated; running tests…
2026-08-28 20:35:41 | PASS 27 · SensorMonitor.kt — no change
2026-08-28 20:35:51 | PASS 27 · DetectionEvent.kt — coding-lane hardening…
GLM_OK: rewrote app/src/main/java/ai/genwhy/nobonk/data/DetectionEvent.kt (7667 chars)
2026-08-28 20:36:58 | PASS 27 · DetectionEvent.kt — generated; running tests…
2026-08-28 20:36:59 | PASS 27 · DetectionEvent.kt — no change
2026-08-28 20:37:09 | PASS 27 · AlertPolicy.kt — coding-lane hardening…
GLM_OK: rewrote app/src/main/java/ai/genwhy/nobonk/ml/AlertPolicy.kt (10537 chars)
2026-08-28 20:39:25 | PASS 27 · AlertPolicy.kt — generated; running tests…
2026-08-28 20:39:26 | PASS 27 · AlertPolicy.kt — no change
2026-08-28 20:39:36 | PASS 27 · AnalyticsEngine.kt — coding-lane hardening…
GLM_OK: rewrote app/src/main/java/ai/genwhy/nobonk/analytics/AnalyticsEngine.kt (9976 chars)
2026-08-28 20:41:13 | PASS 27 · AnalyticsEngine.kt — generated; running tests…
2026-08-28 20:41:14 | PASS 27 · AnalyticsEngine.kt — no change
2026-08-28 20:41:24 | PASS 28 · Nms.kt — coding-lane hardening…
GLM_OK: rewrote app/src/main/java/ai/genwhy/nobonk/ml/Nms.kt (3808 chars)
2026-08-28 20:42:16 | PASS 28 · Nms.kt — generated; running tests…
2026-08-28 20:42:17 | PASS 28 · Nms.kt — no change
2026-08-28 20:42:27 | PASS 28 · LowLight.kt — coding-lane hardening…
GLM_OK: rewrote app/src/main/java/ai/genwhy/nobonk/ml/LowLight.kt (4871 chars)
2026-08-28 20:43:09 | PASS 28 · LowLight.kt — generated; running tests…
2026-08-28 20:43:10 | PASS 28 · LowLight.kt — no change
2026-08-28 20:43:20 | PASS 28 · Letterbox.kt — coding-lane hardening…
GLM_OK: rewrote app/src/main/java/ai/genwhy/nobonk/ml/Letterbox.kt (5467 chars)
2026-08-28 20:44:18 | PASS 28 · Letterbox.kt — generated; running tests…
2026-08-28 20:44:19 | PASS 28 · Letterbox.kt — no change
2026-08-28 20:44:29 | PASS 28 · Detection.kt — coding-lane hardening…
GLM_OK: rewrote app/src/main/java/ai/genwhy/nobonk/model/Detection.kt (5100 chars)
2026-08-28 20:46:37 | PASS 28 · Detection.kt — generated; running tests…
2026-08-28 20:46:38 | PASS 28 · Detection.kt — TESTS GREEN, committed
2026-08-28 20:46:40 |   pushed to origin
2026-08-28 20:46:50 | PASS 28 · NormBox.kt — coding-lane hardening…
GLM_OK: rewrote app/src/main/java/ai/genwhy/nobonk/model/NormBox.kt (4567 chars)
2026-08-28 20:47:35 | PASS 28 · NormBox.kt — generated; running tests…
2026-08-28 20:47:36 | PASS 28 · NormBox.kt — no change
2026-08-28 20:47:46 | PASS 28 · SensorMonitor.kt — coding-lane hardening…
GLM_OK: rewrote app/src/main/java/ai/genwhy/nobonk/ml/SensorMonitor.kt (7708 chars)
2026-08-28 20:48:52 | PASS 28 · SensorMonitor.kt — generated; running tests…
2026-08-28 20:48:53 | PASS 28 · SensorMonitor.kt — no change
2026-08-28 20:49:03 | PASS 28 · DetectionEvent.kt — coding-lane hardening…
GLM_OK: rewrote app/src/main/java/ai/genwhy/nobonk/data/DetectionEvent.kt (7667 chars)
2026-08-28 20:49:56 | PASS 28 · DetectionEvent.kt — generated; running tests…
2026-08-28 20:49:57 | PASS 28 · DetectionEvent.kt — no change
2026-08-28 20:50:07 | PASS 28 · AlertPolicy.kt — coding-lane hardening…
GLM_OK: rewrote app/src/main/java/ai/genwhy/nobonk/ml/AlertPolicy.kt (10537 chars)
2026-08-28 20:52:23 | PASS 28 · AlertPolicy.kt — generated; running tests…
2026-08-28 20:52:24 | PASS 28 · AlertPolicy.kt — no change
2026-08-28 20:52:34 | PASS 28 · AnalyticsEngine.kt — coding-lane hardening…
GLM_OK: rewrote app/src/main/java/ai/genwhy/nobonk/analytics/AnalyticsEngine.kt (9976 chars)
2026-08-28 20:54:51 | PASS 28 · AnalyticsEngine.kt — generated; running tests…
2026-08-28 20:54:52 | PASS 28 · AnalyticsEngine.kt — no change
2026-08-28 20:55:02 | PASS 29 · Nms.kt — coding-lane hardening…
GLM_OK: rewrote app/src/main/java/ai/genwhy/nobonk/ml/Nms.kt (3808 chars)
2026-08-28 20:55:42 | PASS 29 · Nms.kt — generated; running tests…
2026-08-28 20:55:43 | PASS 29 · Nms.kt — no change
2026-08-28 20:55:53 | PASS 29 · LowLight.kt — coding-lane hardening…
GLM_OK: rewrote app/src/main/java/ai/genwhy/nobonk/ml/LowLight.kt (4871 chars)
2026-08-28 20:56:38 | PASS 29 · LowLight.kt — generated; running tests…
2026-08-28 20:56:39 | PASS 29 · LowLight.kt — no change
2026-08-28 20:56:49 | PASS 29 · Letterbox.kt — coding-lane hardening…
GLM_OK: rewrote app/src/main/java/ai/genwhy/nobonk/ml/Letterbox.kt (5486 chars)
2026-08-28 20:57:36 | PASS 29 · Letterbox.kt — generated; running tests…
2026-08-28 20:57:38 | PASS 29 · Letterbox.kt — TESTS GREEN, committed
2026-08-28 20:57:39 |   pushed to origin
2026-08-28 20:57:49 | PASS 29 · Detection.kt — coding-lane hardening…
GLM_OK: rewrote app/src/main/java/ai/genwhy/nobonk/model/Detection.kt (5670 chars)
2026-08-28 20:58:51 | PASS 29 · Detection.kt — generated; running tests…
2026-08-28 20:58:53 | PASS 29 · Detection.kt — TESTS GREEN, committed
2026-08-28 20:58:54 |   pushed to origin
2026-08-28 20:59:04 | PASS 29 · NormBox.kt — coding-lane hardening…
GLM_OK: rewrote app/src/main/java/ai/genwhy/nobonk/model/NormBox.kt (4567 chars)
2026-08-28 20:59:56 | PASS 29 · NormBox.kt — generated; running tests…
2026-08-28 20:59:57 | PASS 29 · NormBox.kt — no change
2026-08-28 21:00:07 | PASS 29 · SensorMonitor.kt — coding-lane hardening…
GLM_OK: rewrote app/src/main/java/ai/genwhy/nobonk/ml/SensorMonitor.kt (7708 chars)
2026-08-28 21:01:13 | PASS 29 · SensorMonitor.kt — generated; running tests…
2026-08-28 21:01:14 | PASS 29 · SensorMonitor.kt — no change
2026-08-28 21:01:24 | PASS 29 · DetectionEvent.kt — coding-lane hardening…
GLM_OK: rewrote app/src/main/java/ai/genwhy/nobonk/data/DetectionEvent.kt (7667 chars)
2026-08-28 21:02:34 | PASS 29 · DetectionEvent.kt — generated; running tests…
2026-08-28 21:02:34 | PASS 29 · DetectionEvent.kt — no change
2026-08-28 21:02:44 | PASS 29 · AlertPolicy.kt — coding-lane hardening…
GLM_OK: rewrote app/src/main/java/ai/genwhy/nobonk/ml/AlertPolicy.kt (10537 chars)
2026-08-28 21:04:42 | PASS 29 · AlertPolicy.kt — generated; running tests…
2026-08-28 21:04:43 | PASS 29 · AlertPolicy.kt — no change
2026-08-28 21:04:53 | PASS 29 · AnalyticsEngine.kt — coding-lane hardening…
GLM_OK: rewrote app/src/main/java/ai/genwhy/nobonk/analytics/AnalyticsEngine.kt (9976 chars)
2026-08-28 21:06:51 | PASS 29 · AnalyticsEngine.kt — generated; running tests…
2026-08-28 21:06:52 | PASS 29 · AnalyticsEngine.kt — no change
2026-08-28 21:07:02 | PASS 30 · Nms.kt — coding-lane hardening…
GLM_OK: rewrote app/src/main/java/ai/genwhy/nobonk/ml/Nms.kt (3808 chars)
2026-08-28 21:07:41 | PASS 30 · Nms.kt — generated; running tests…
2026-08-28 21:07:42 | PASS 30 · Nms.kt — no change
2026-08-28 21:07:52 | PASS 30 · LowLight.kt — coding-lane hardening…
GLM_OK: rewrote app/src/main/java/ai/genwhy/nobonk/ml/LowLight.kt (4871 chars)
2026-08-28 21:08:46 | PASS 30 · LowLight.kt — generated; running tests…
2026-08-28 21:08:47 | PASS 30 · LowLight.kt — no change
2026-08-28 21:08:57 | PASS 30 · Letterbox.kt — coding-lane hardening…
GLM_OK: rewrote app/src/main/java/ai/genwhy/nobonk/ml/Letterbox.kt (5540 chars)
2026-08-28 21:09:58 | PASS 30 · Letterbox.kt — generated; running tests…
2026-08-28 21:10:00 | PASS 30 · Letterbox.kt — TESTS GREEN, committed
2026-08-28 21:10:01 |   pushed to origin
2026-08-28 21:10:11 | PASS 30 · Detection.kt — coding-lane hardening…
GLM_OK: rewrote app/src/main/java/ai/genwhy/nobonk/model/Detection.kt (5706 chars)
2026-08-28 21:11:06 | PASS 30 · Detection.kt — generated; running tests…
2026-08-28 21:11:07 | PASS 30 · Detection.kt — TESTS GREEN, committed
2026-08-28 21:11:09 |   pushed to origin
2026-08-28 21:11:19 | PASS 30 · NormBox.kt — coding-lane hardening…
GLM_OK: rewrote app/src/main/java/ai/genwhy/nobonk/model/NormBox.kt (4716 chars)
2026-08-28 21:12:21 | PASS 30 · NormBox.kt — generated; running tests…
2026-08-28 21:12:23 | PASS 30 · NormBox.kt — TESTS GREEN, committed
2026-08-28 21:12:24 |   pushed to origin
2026-08-28 21:12:34 | PASS 30 · SensorMonitor.kt — coding-lane hardening…
GLM_OK: rewrote app/src/main/java/ai/genwhy/nobonk/ml/SensorMonitor.kt (7708 chars)
2026-08-28 21:14:06 | PASS 30 · SensorMonitor.kt — generated; running tests…
2026-08-28 21:14:07 | PASS 30 · SensorMonitor.kt — no change
2026-08-28 21:14:17 | PASS 30 · DetectionEvent.kt — coding-lane hardening…
GLM_OK: rewrote app/src/main/java/ai/genwhy/nobonk/data/DetectionEvent.kt (7667 chars)
2026-08-28 21:15:29 | PASS 30 · DetectionEvent.kt — generated; running tests…
2026-08-28 21:15:29 | PASS 30 · DetectionEvent.kt — no change
2026-08-28 21:15:39 | PASS 30 · AlertPolicy.kt — coding-lane hardening…
GLM_OK: rewrote app/src/main/java/ai/genwhy/nobonk/ml/AlertPolicy.kt (10537 chars)
2026-08-28 21:17:41 | PASS 30 · AlertPolicy.kt — generated; running tests…
2026-08-28 21:17:42 | PASS 30 · AlertPolicy.kt — no change
2026-08-28 21:17:52 | PASS 30 · AnalyticsEngine.kt — coding-lane hardening…
GLM_OK: rewrote app/src/main/java/ai/genwhy/nobonk/analytics/AnalyticsEngine.kt (9992 chars)
2026-08-28 21:19:46 | PASS 30 · AnalyticsEngine.kt — generated; running tests…
2026-08-28 21:19:48 | PASS 30 · AnalyticsEngine.kt — TESTS GREEN, committed
2026-08-28 21:19:50 |   pushed to origin
2026-08-28 21:20:00 | PASS 31 · Nms.kt — coding-lane hardening…
GLM_OK: rewrote app/src/main/java/ai/genwhy/nobonk/ml/Nms.kt (3948 chars)
2026-08-28 21:20:46 | PASS 31 · Nms.kt — generated; running tests…
2026-08-28 21:20:47 | PASS 31 · Nms.kt — TESTS GREEN, committed
2026-08-28 21:20:49 |   pushed to origin
2026-08-28 21:20:59 | PASS 31 · LowLight.kt — coding-lane hardening…
GLM_OK: rewrote app/src/main/java/ai/genwhy/nobonk/ml/LowLight.kt (4871 chars)
2026-08-28 21:21:40 | PASS 31 · LowLight.kt — generated; running tests…
2026-08-28 21:21:41 | PASS 31 · LowLight.kt — no change
2026-08-28 21:21:51 | PASS 31 · Letterbox.kt — coding-lane hardening…
GLM_OK: rewrote app/src/main/java/ai/genwhy/nobonk/ml/Letterbox.kt (5540 chars)
2026-08-28 21:22:54 | PASS 31 · Letterbox.kt — generated; running tests…
2026-08-28 21:22:55 | PASS 31 · Letterbox.kt — no change
2026-08-28 21:23:05 | PASS 31 · Detection.kt — coding-lane hardening…
GLM_OK: rewrote app/src/main/java/ai/genwhy/nobonk/model/Detection.kt (5718 chars)
2026-08-28 21:24:02 | PASS 31 · Detection.kt — generated; running tests…
2026-08-28 21:24:03 | PASS 31 · Detection.kt — TESTS GREEN, committed
2026-08-28 21:24:04 |   pushed to origin
2026-08-28 21:24:14 | PASS 31 · NormBox.kt — coding-lane hardening…
GLM_OK: rewrote app/src/main/java/ai/genwhy/nobonk/model/NormBox.kt (4716 chars)
2026-08-28 21:25:02 | PASS 31 · NormBox.kt — generated; running tests…
2026-08-28 21:25:03 | PASS 31 · NormBox.kt — no change
2026-08-28 21:25:13 | PASS 31 · SensorMonitor.kt — coding-lane hardening…
GLM_OK: rewrote app/src/main/java/ai/genwhy/nobonk/ml/SensorMonitor.kt (7708 chars)
2026-08-28 21:26:23 | PASS 31 · SensorMonitor.kt — generated; running tests…
2026-08-28 21:26:24 | PASS 31 · SensorMonitor.kt — no change
2026-08-28 21:26:34 | PASS 31 · DetectionEvent.kt — coding-lane hardening…
GLM_OK: rewrote app/src/main/java/ai/genwhy/nobonk/data/DetectionEvent.kt (7667 chars)
2026-08-28 21:27:52 | PASS 31 · DetectionEvent.kt — generated; running tests…
2026-08-28 21:27:53 | PASS 31 · DetectionEvent.kt — no change
2026-08-28 21:28:03 | PASS 31 · AlertPolicy.kt — coding-lane hardening…
GLM_OK: rewrote app/src/main/java/ai/genwhy/nobonk/ml/AlertPolicy.kt (10537 chars)
2026-08-28 21:30:18 | PASS 31 · AlertPolicy.kt — generated; running tests…
2026-08-28 21:30:19 | PASS 31 · AlertPolicy.kt — no change
2026-08-28 21:30:29 | PASS 31 · AnalyticsEngine.kt — coding-lane hardening…
GLM_OK: rewrote app/src/main/java/ai/genwhy/nobonk/analytics/AnalyticsEngine.kt (9992 chars)
2026-08-28 21:32:20 | PASS 31 · AnalyticsEngine.kt — generated; running tests…
2026-08-28 21:32:21 | PASS 31 · AnalyticsEngine.kt — no change
2026-08-28 21:32:31 | PASS 32 · Nms.kt — coding-lane hardening…
GLM_OK: rewrote app/src/main/java/ai/genwhy/nobonk/ml/Nms.kt (3948 chars)
2026-08-28 21:33:11 | PASS 32 · Nms.kt — generated; running tests…
2026-08-28 21:33:12 | PASS 32 · Nms.kt — no change
2026-08-28 21:33:22 | PASS 32 · LowLight.kt — coding-lane hardening…
GLM_OK: rewrote app/src/main/java/ai/genwhy/nobonk/ml/LowLight.kt (4871 chars)
2026-08-28 21:34:03 | PASS 32 · LowLight.kt — generated; running tests…
2026-08-28 21:34:04 | PASS 32 · LowLight.kt — no change
2026-08-28 21:34:14 | PASS 32 · Letterbox.kt — coding-lane hardening…
GLM_OK: rewrote app/src/main/java/ai/genwhy/nobonk/ml/Letterbox.kt (5540 chars)
2026-08-28 21:35:12 | PASS 32 · Letterbox.kt — generated; running tests…
2026-08-28 21:35:13 | PASS 32 · Letterbox.kt — no change
2026-08-28 21:35:23 | PASS 32 · Detection.kt — coding-lane hardening…
GLM_OK: rewrote app/src/main/java/ai/genwhy/nobonk/model/Detection.kt (5690 chars)
2026-08-28 21:36:18 | PASS 32 · Detection.kt — generated; running tests…
2026-08-28 21:36:20 | PASS 32 · Detection.kt — TESTS GREEN, committed
2026-08-28 21:36:21 |   pushed to origin
2026-08-28 21:36:31 | PASS 32 · NormBox.kt — coding-lane hardening…
GLM_OK: rewrote app/src/main/java/ai/genwhy/nobonk/model/NormBox.kt (4716 chars)
2026-08-28 21:37:18 | PASS 32 · NormBox.kt — generated; running tests…
2026-08-28 21:37:19 | PASS 32 · NormBox.kt — no change
2026-08-28 21:37:29 | PASS 32 · SensorMonitor.kt — coding-lane hardening…
GLM_OK: rewrote app/src/main/java/ai/genwhy/nobonk/ml/SensorMonitor.kt (7708 chars)
2026-08-28 21:38:40 | PASS 32 · SensorMonitor.kt — generated; running tests…
2026-08-28 21:38:40 | PASS 32 · SensorMonitor.kt — no change
2026-08-28 21:38:50 | PASS 32 · DetectionEvent.kt — coding-lane hardening…
GLM_OK: rewrote app/src/main/java/ai/genwhy/nobonk/data/DetectionEvent.kt (7667 chars)
2026-08-28 21:39:55 | PASS 32 · DetectionEvent.kt — generated; running tests…
2026-08-28 21:39:56 | PASS 32 · DetectionEvent.kt — no change
2026-08-28 21:40:06 | PASS 32 · AlertPolicy.kt — coding-lane hardening…
GLM_OK: rewrote app/src/main/java/ai/genwhy/nobonk/ml/AlertPolicy.kt (10537 chars)
2026-08-28 21:42:30 | PASS 32 · AlertPolicy.kt — generated; running tests…
2026-08-28 21:42:30 | PASS 32 · AlertPolicy.kt — no change
2026-08-28 21:42:40 | PASS 32 · AnalyticsEngine.kt — coding-lane hardening…
GLM_OK: rewrote app/src/main/java/ai/genwhy/nobonk/analytics/AnalyticsEngine.kt (9992 chars)
2026-08-28 21:44:43 | PASS 32 · AnalyticsEngine.kt — generated; running tests…
2026-08-28 21:44:44 | PASS 32 · AnalyticsEngine.kt — no change
2026-08-28 21:44:54 | PASS 33 · Nms.kt — coding-lane hardening…
GLM_OK: rewrote app/src/main/java/ai/genwhy/nobonk/ml/Nms.kt (3948 chars)
2026-08-28 21:46:04 | PASS 33 · Nms.kt — generated; running tests…
2026-08-28 21:46:05 | PASS 33 · Nms.kt — no change
2026-08-28 21:46:15 | PASS 33 · LowLight.kt — coding-lane hardening…
GLM_OK: rewrote app/src/main/java/ai/genwhy/nobonk/ml/LowLight.kt (4871 chars)
2026-08-28 21:47:02 | PASS 33 · LowLight.kt — generated; running tests…
2026-08-28 21:47:02 | PASS 33 · LowLight.kt — no change
2026-08-28 21:47:12 | PASS 33 · Letterbox.kt — coding-lane hardening…
GLM_OK: rewrote app/src/main/java/ai/genwhy/nobonk/ml/Letterbox.kt (5540 chars)
2026-08-28 21:48:10 | PASS 33 · Letterbox.kt — generated; running tests…
2026-08-28 21:48:11 | PASS 33 · Letterbox.kt — no change
2026-08-28 21:48:21 | PASS 33 · Detection.kt — coding-lane hardening…
GLM_OK: rewrote app/src/main/java/ai/genwhy/nobonk/model/Detection.kt (5690 chars)
2026-08-28 21:49:19 | PASS 33 · Detection.kt — generated; running tests…
2026-08-28 21:49:19 | PASS 33 · Detection.kt — no change
2026-08-28 21:49:29 | PASS 33 · NormBox.kt — coding-lane hardening…
GLM_OK: rewrote app/src/main/java/ai/genwhy/nobonk/model/NormBox.kt (4716 chars)
2026-08-28 21:50:10 | PASS 33 · NormBox.kt — generated; running tests…
2026-08-28 21:50:10 | PASS 33 · NormBox.kt — no change
2026-08-28 21:50:20 | PASS 33 · SensorMonitor.kt — coding-lane hardening…
GLM_OK: rewrote app/src/main/java/ai/genwhy/nobonk/ml/SensorMonitor.kt (7708 chars)
2026-08-28 21:51:30 | PASS 33 · SensorMonitor.kt — generated; running tests…
2026-08-28 21:51:30 | PASS 33 · SensorMonitor.kt — no change
2026-08-28 21:51:40 | PASS 33 · DetectionEvent.kt — coding-lane hardening…
GLM_OK: rewrote app/src/main/java/ai/genwhy/nobonk/data/DetectionEvent.kt (7667 chars)
2026-08-28 21:52:51 | PASS 33 · DetectionEvent.kt — generated; running tests…
2026-08-28 21:52:52 | PASS 33 · DetectionEvent.kt — no change
2026-08-28 21:53:02 | PASS 33 · AlertPolicy.kt — coding-lane hardening…
GLM_OK: rewrote app/src/main/java/ai/genwhy/nobonk/ml/AlertPolicy.kt (10537 chars)
2026-08-28 21:55:16 | PASS 33 · AlertPolicy.kt — generated; running tests…
2026-08-28 21:55:17 | PASS 33 · AlertPolicy.kt — no change
2026-08-28 21:55:27 | PASS 33 · AnalyticsEngine.kt — coding-lane hardening…
GLM_OK: rewrote app/src/main/java/ai/genwhy/nobonk/analytics/AnalyticsEngine.kt (9934 chars)
2026-08-28 21:58:59 | PASS 33 · AnalyticsEngine.kt — generated; running tests…
2026-08-28 21:59:01 | PASS 33 · AnalyticsEngine.kt — TESTS GREEN, committed
2026-08-28 21:59:03 |   pushed to origin
2026-08-28 21:59:13 | PASS 34 · Nms.kt — coding-lane hardening…
GLM_OK: rewrote app/src/main/java/ai/genwhy/nobonk/ml/Nms.kt (3948 chars)
2026-08-28 22:00:47 | PASS 34 · Nms.kt — generated; running tests…
2026-08-28 22:00:48 | PASS 34 · Nms.kt — no change
2026-08-28 22:00:58 | PASS 34 · LowLight.kt — coding-lane hardening…
GLM_OK: rewrote app/src/main/java/ai/genwhy/nobonk/ml/LowLight.kt (4871 chars)
2026-08-28 22:02:02 | PASS 34 · LowLight.kt — generated; running tests…
2026-08-28 22:02:03 | PASS 34 · LowLight.kt — no change
2026-08-28 22:02:13 | PASS 34 · Letterbox.kt — coding-lane hardening…
GLM_OK: rewrote app/src/main/java/ai/genwhy/nobonk/ml/Letterbox.kt (5540 chars)
2026-08-28 22:03:10 | PASS 34 · Letterbox.kt — generated; running tests…
2026-08-28 22:03:11 | PASS 34 · Letterbox.kt — no change
2026-08-28 22:03:21 | PASS 34 · Detection.kt — coding-lane hardening…
GLM_OK: rewrote app/src/main/java/ai/genwhy/nobonk/model/Detection.kt (5690 chars)
2026-08-28 22:04:33 | PASS 34 · Detection.kt — generated; running tests…
2026-08-28 22:04:34 | PASS 34 · Detection.kt — no change
2026-08-28 22:04:44 | PASS 34 · NormBox.kt — coding-lane hardening…
GLM_OK: rewrote app/src/main/java/ai/genwhy/nobonk/model/NormBox.kt (4716 chars)
2026-08-28 22:08:07 | PASS 34 · NormBox.kt — generated; running tests…
2026-08-28 22:08:08 | PASS 34 · NormBox.kt — no change
2026-08-28 22:08:18 | PASS 34 · SensorMonitor.kt — coding-lane hardening…
GLM_OK: rewrote app/src/main/java/ai/genwhy/nobonk/ml/SensorMonitor.kt (7708 chars)
2026-08-28 22:09:26 | PASS 34 · SensorMonitor.kt — generated; running tests…
2026-08-28 22:09:27 | PASS 34 · SensorMonitor.kt — no change
2026-08-28 22:09:37 | PASS 34 · DetectionEvent.kt — coding-lane hardening…
GLM_OK: rewrote app/src/main/java/ai/genwhy/nobonk/data/DetectionEvent.kt (7667 chars)
2026-08-28 22:10:43 | PASS 34 · DetectionEvent.kt — generated; running tests…
2026-08-28 22:10:44 | PASS 34 · DetectionEvent.kt — no change
2026-08-28 22:10:54 | PASS 34 · AlertPolicy.kt — coding-lane hardening…
GLM_OK: rewrote app/src/main/java/ai/genwhy/nobonk/ml/AlertPolicy.kt (10537 chars)
2026-08-28 22:12:59 | PASS 34 · AlertPolicy.kt — generated; running tests…
2026-08-28 22:13:00 | PASS 34 · AlertPolicy.kt — no change
2026-08-28 22:13:10 | PASS 34 · AnalyticsEngine.kt — coding-lane hardening…
GLM_OK: rewrote app/src/main/java/ai/genwhy/nobonk/analytics/AnalyticsEngine.kt (10056 chars)
2026-08-28 22:15:17 | PASS 34 · AnalyticsEngine.kt — generated; running tests…
2026-08-28 22:15:19 | PASS 34 · AnalyticsEngine.kt — TESTS GREEN, committed
2026-08-28 22:15:21 |   pushed to origin
2026-08-28 22:15:31 | PASS 35 · Nms.kt — coding-lane hardening…
GLM_OK: rewrote app/src/main/java/ai/genwhy/nobonk/ml/Nms.kt (3948 chars)
2026-08-28 22:16:09 | PASS 35 · Nms.kt — generated; running tests…
2026-08-28 22:16:10 | PASS 35 · Nms.kt — no change
2026-08-28 22:16:20 | PASS 35 · LowLight.kt — coding-lane hardening…
GLM_OK: rewrote app/src/main/java/ai/genwhy/nobonk/ml/LowLight.kt (4871 chars)
2026-08-28 22:17:02 | PASS 35 · LowLight.kt — generated; running tests…
2026-08-28 22:17:03 | PASS 35 · LowLight.kt — no change
2026-08-28 22:17:13 | PASS 35 · Letterbox.kt — coding-lane hardening…
GLM_OK: rewrote app/src/main/java/ai/genwhy/nobonk/ml/Letterbox.kt (5540 chars)
2026-08-28 22:18:09 | PASS 35 · Letterbox.kt — generated; running tests…
2026-08-28 22:18:10 | PASS 35 · Letterbox.kt — no change
2026-08-28 22:18:20 | PASS 35 · Detection.kt — coding-lane hardening…
GLM_OK: rewrote app/src/main/java/ai/genwhy/nobonk/model/Detection.kt (5690 chars)
2026-08-28 22:19:22 | PASS 35 · Detection.kt — generated; running tests…
2026-08-28 22:19:23 | PASS 35 · Detection.kt — no change
2026-08-28 22:19:33 | PASS 35 · NormBox.kt — coding-lane hardening…
GLM_OK: rewrote app/src/main/java/ai/genwhy/nobonk/model/NormBox.kt (4716 chars)
2026-08-28 22:20:20 | PASS 35 · NormBox.kt — generated; running tests…
2026-08-28 22:20:21 | PASS 35 · NormBox.kt — no change
2026-08-28 22:20:31 | PASS 35 · SensorMonitor.kt — coding-lane hardening…
GLM_OK: rewrote app/src/main/java/ai/genwhy/nobonk/ml/SensorMonitor.kt (7708 chars)
2026-08-28 22:21:39 | PASS 35 · SensorMonitor.kt — generated; running tests…
2026-08-28 22:21:40 | PASS 35 · SensorMonitor.kt — no change
2026-08-28 22:21:50 | PASS 35 · DetectionEvent.kt — coding-lane hardening…
GLM_OK: rewrote app/src/main/java/ai/genwhy/nobonk/data/DetectionEvent.kt (7667 chars)
2026-08-28 22:22:55 | PASS 35 · DetectionEvent.kt — generated; running tests…
2026-08-28 22:22:55 | PASS 35 · DetectionEvent.kt — no change
2026-08-28 22:23:05 | PASS 35 · AlertPolicy.kt — coding-lane hardening…
GLM_OK: rewrote app/src/main/java/ai/genwhy/nobonk/ml/AlertPolicy.kt (10537 chars)
2026-08-28 22:25:18 | PASS 35 · AlertPolicy.kt — generated; running tests…
2026-08-28 22:25:19 | PASS 35 · AlertPolicy.kt — no change
2026-08-28 22:25:29 | PASS 35 · AnalyticsEngine.kt — coding-lane hardening…
GLM_OK: rewrote app/src/main/java/ai/genwhy/nobonk/analytics/AnalyticsEngine.kt (10055 chars)
2026-08-28 22:27:24 | PASS 35 · AnalyticsEngine.kt — generated; running tests…
2026-08-28 22:27:25 | PASS 35 · AnalyticsEngine.kt — TESTS GREEN, committed
2026-08-28 22:27:27 |   pushed to origin
2026-08-28 22:27:37 | PASS 36 · Nms.kt — coding-lane hardening…
GLM_OK: rewrote app/src/main/java/ai/genwhy/nobonk/ml/Nms.kt (3948 chars)
2026-08-28 22:28:18 | PASS 36 · Nms.kt — generated; running tests…
2026-08-28 22:28:19 | PASS 36 · Nms.kt — no change
2026-08-28 22:28:29 | PASS 36 · LowLight.kt — coding-lane hardening…
GLM_OK: rewrote app/src/main/java/ai/genwhy/nobonk/ml/LowLight.kt (4871 chars)
2026-08-28 22:29:04 | PASS 36 · LowLight.kt — generated; running tests…
2026-08-28 22:29:05 | PASS 36 · LowLight.kt — no change
2026-08-28 22:29:15 | PASS 36 · Letterbox.kt — coding-lane hardening…
GLM_OK: rewrote app/src/main/java/ai/genwhy/nobonk/ml/Letterbox.kt (5540 chars)
2026-08-28 22:30:11 | PASS 36 · Letterbox.kt — generated; running tests…
2026-08-28 22:30:11 | PASS 36 · Letterbox.kt — no change
2026-08-28 22:30:21 | PASS 36 · Detection.kt — coding-lane hardening…
GLM_OK: rewrote app/src/main/java/ai/genwhy/nobonk/model/Detection.kt (5690 chars)
2026-08-28 22:31:20 | PASS 36 · Detection.kt — generated; running tests…
2026-08-28 22:31:20 | PASS 36 · Detection.kt — no change
2026-08-28 22:31:30 | PASS 36 · NormBox.kt — coding-lane hardening…
GLM_OK: rewrote app/src/main/java/ai/genwhy/nobonk/model/NormBox.kt (4716 chars)
2026-08-28 22:32:18 | PASS 36 · NormBox.kt — generated; running tests…
2026-08-28 22:32:19 | PASS 36 · NormBox.kt — no change
2026-08-28 22:32:29 | PASS 36 · SensorMonitor.kt — coding-lane hardening…
GLM_OK: rewrote app/src/main/java/ai/genwhy/nobonk/ml/SensorMonitor.kt (7708 chars)
2026-08-28 22:33:34 | PASS 36 · SensorMonitor.kt — generated; running tests…
2026-08-28 22:33:35 | PASS 36 · SensorMonitor.kt — no change
2026-08-28 22:33:45 | PASS 36 · DetectionEvent.kt — coding-lane hardening…
GLM_OK: rewrote app/src/main/java/ai/genwhy/nobonk/data/DetectionEvent.kt (7667 chars)
2026-08-28 22:35:25 | PASS 36 · DetectionEvent.kt — generated; running tests…
2026-08-28 22:35:26 | PASS 36 · DetectionEvent.kt — no change
2026-08-28 22:35:36 | PASS 36 · AlertPolicy.kt — coding-lane hardening…
GLM_OK: rewrote app/src/main/java/ai/genwhy/nobonk/ml/AlertPolicy.kt (10537 chars)
2026-08-28 22:37:23 | PASS 36 · AlertPolicy.kt — generated; running tests…
2026-08-28 22:37:24 | PASS 36 · AlertPolicy.kt — no change
2026-08-28 22:37:34 | PASS 36 · AnalyticsEngine.kt — coding-lane hardening…
GLM_OK: rewrote app/src/main/java/ai/genwhy/nobonk/analytics/AnalyticsEngine.kt (10055 chars)
2026-08-28 22:39:32 | PASS 36 · AnalyticsEngine.kt — generated; running tests…
2026-08-28 22:39:33 | PASS 36 · AnalyticsEngine.kt — no change
2026-08-28 22:39:43 | PASS 37 · Nms.kt — coding-lane hardening…
GLM_OK: rewrote app/src/main/java/ai/genwhy/nobonk/ml/Nms.kt (3948 chars)
2026-08-28 22:40:21 | PASS 37 · Nms.kt — generated; running tests…
2026-08-28 22:40:22 | PASS 37 · Nms.kt — no change
2026-08-28 22:40:32 | PASS 37 · LowLight.kt — coding-lane hardening…
GLM_OK: rewrote app/src/main/java/ai/genwhy/nobonk/ml/LowLight.kt (4871 chars)
2026-08-28 22:41:14 | PASS 37 · LowLight.kt — generated; running tests…
2026-08-28 22:41:15 | PASS 37 · LowLight.kt — no change
2026-08-28 22:41:25 | PASS 37 · Letterbox.kt — coding-lane hardening…
GLM_OK: rewrote app/src/main/java/ai/genwhy/nobonk/ml/Letterbox.kt (5540 chars)
2026-08-28 22:42:24 | PASS 37 · Letterbox.kt — generated; running tests…
2026-08-28 22:42:25 | PASS 37 · Letterbox.kt — no change
2026-08-28 22:42:35 | PASS 37 · Detection.kt — coding-lane hardening…
GLM_OK: rewrote app/src/main/java/ai/genwhy/nobonk/model/Detection.kt (5690 chars)
2026-08-28 22:43:36 | PASS 37 · Detection.kt — generated; running tests…
2026-08-28 22:43:37 | PASS 37 · Detection.kt — no change
2026-08-28 22:43:47 | PASS 37 · NormBox.kt — coding-lane hardening…
GLM_OK: rewrote app/src/main/java/ai/genwhy/nobonk/model/NormBox.kt (4716 chars)
2026-08-28 22:44:39 | PASS 37 · NormBox.kt — generated; running tests…
2026-08-28 22:44:39 | PASS 37 · NormBox.kt — no change
2026-08-28 22:44:49 | PASS 37 · SensorMonitor.kt — coding-lane hardening…
GLM_OK: rewrote app/src/main/java/ai/genwhy/nobonk/ml/SensorMonitor.kt (7708 chars)
2026-08-28 22:45:56 | PASS 37 · SensorMonitor.kt — generated; running tests…
2026-08-28 22:45:57 | PASS 37 · SensorMonitor.kt — no change
2026-08-28 22:46:07 | PASS 37 · DetectionEvent.kt — coding-lane hardening…
GLM_OK: rewrote app/src/main/java/ai/genwhy/nobonk/data/DetectionEvent.kt (7667 chars)
2026-08-28 22:47:11 | PASS 37 · DetectionEvent.kt — generated; running tests…
2026-08-28 22:47:12 | PASS 37 · DetectionEvent.kt — no change
2026-08-28 22:47:22 | PASS 37 · AlertPolicy.kt — coding-lane hardening…
GLM_OK: rewrote app/src/main/java/ai/genwhy/nobonk/ml/AlertPolicy.kt (10537 chars)
2026-08-28 22:49:30 | PASS 37 · AlertPolicy.kt — generated; running tests…
2026-08-28 22:49:30 | PASS 37 · AlertPolicy.kt — no change
2026-08-28 22:49:40 | PASS 37 · AnalyticsEngine.kt — coding-lane hardening…
GLM_OK: rewrote app/src/main/java/ai/genwhy/nobonk/analytics/AnalyticsEngine.kt (10055 chars)
2026-08-28 22:51:39 | PASS 37 · AnalyticsEngine.kt — generated; running tests…
2026-08-28 22:51:40 | PASS 37 · AnalyticsEngine.kt — no change
2026-08-28 22:51:50 | PASS 38 · Nms.kt — coding-lane hardening…
GLM_OK: rewrote app/src/main/java/ai/genwhy/nobonk/ml/Nms.kt (3948 chars)
2026-08-28 22:52:27 | PASS 38 · Nms.kt — generated; running tests…
2026-08-28 22:52:28 | PASS 38 · Nms.kt — no change
2026-08-28 22:52:38 | PASS 38 · LowLight.kt — coding-lane hardening…
GLM_OK: rewrote app/src/main/java/ai/genwhy/nobonk/ml/LowLight.kt (4871 chars)
2026-08-28 22:53:28 | PASS 38 · LowLight.kt — generated; running tests…
2026-08-28 22:53:29 | PASS 38 · LowLight.kt — no change
2026-08-28 22:53:39 | PASS 38 · Letterbox.kt — coding-lane hardening…
GLM_OK: rewrote app/src/main/java/ai/genwhy/nobonk/ml/Letterbox.kt (5540 chars)
2026-08-28 22:54:26 | PASS 38 · Letterbox.kt — generated; running tests…
2026-08-28 22:54:26 | PASS 38 · Letterbox.kt — no change
2026-08-28 22:54:36 | PASS 38 · Detection.kt — coding-lane hardening…
GLM_OK: rewrote app/src/main/java/ai/genwhy/nobonk/model/Detection.kt (5690 chars)
2026-08-28 22:55:33 | PASS 38 · Detection.kt — generated; running tests…
2026-08-28 22:55:34 | PASS 38 · Detection.kt — no change
2026-08-28 22:55:44 | PASS 38 · NormBox.kt — coding-lane hardening…
GLM_OK: rewrote app/src/main/java/ai/genwhy/nobonk/model/NormBox.kt (4716 chars)
2026-08-28 23:00:25 | PASS 38 · NormBox.kt — generated; running tests…
2026-08-28 23:00:26 | PASS 38 · NormBox.kt — no change
2026-08-28 23:00:36 | PASS 38 · SensorMonitor.kt — coding-lane hardening…
GLM_OK: rewrote app/src/main/java/ai/genwhy/nobonk/ml/SensorMonitor.kt (7708 chars)
2026-08-28 23:01:46 | PASS 38 · SensorMonitor.kt — generated; running tests…
2026-08-28 23:01:47 | PASS 38 · SensorMonitor.kt — no change
2026-08-28 23:01:57 | PASS 38 · DetectionEvent.kt — coding-lane hardening…
GLM_OK: rewrote app/src/main/java/ai/genwhy/nobonk/data/DetectionEvent.kt (7667 chars)
2026-08-28 23:02:52 | PASS 38 · DetectionEvent.kt — generated; running tests…
2026-08-28 23:02:53 | PASS 38 · DetectionEvent.kt — no change
2026-08-28 23:03:03 | PASS 38 · AlertPolicy.kt — coding-lane hardening…
GLM_OK: rewrote app/src/main/java/ai/genwhy/nobonk/ml/AlertPolicy.kt (10537 chars)
2026-08-28 23:05:21 | PASS 38 · AlertPolicy.kt — generated; running tests…
2026-08-28 23:05:22 | PASS 38 · AlertPolicy.kt — no change
2026-08-28 23:05:32 | PASS 38 · AnalyticsEngine.kt — coding-lane hardening…
GLM_OK: rewrote app/src/main/java/ai/genwhy/nobonk/analytics/AnalyticsEngine.kt (10055 chars)
2026-08-28 23:07:57 | PASS 38 · AnalyticsEngine.kt — generated; running tests…
2026-08-28 23:07:58 | PASS 38 · AnalyticsEngine.kt — no change
2026-08-28 23:08:08 | PASS 39 · Nms.kt — coding-lane hardening…
GLM_OK: rewrote app/src/main/java/ai/genwhy/nobonk/ml/Nms.kt (3948 chars)
2026-08-28 23:08:44 | PASS 39 · Nms.kt — generated; running tests…
2026-08-28 23:08:44 | PASS 39 · Nms.kt — no change
2026-08-28 23:08:54 | PASS 39 · LowLight.kt — coding-lane hardening…
GLM_OK: rewrote app/src/main/java/ai/genwhy/nobonk/ml/LowLight.kt (4871 chars)
2026-08-28 23:09:38 | PASS 39 · LowLight.kt — generated; running tests…
2026-08-28 23:09:39 | PASS 39 · LowLight.kt — no change
2026-08-28 23:09:49 | PASS 39 · Letterbox.kt — coding-lane hardening…
GLM_OK: rewrote app/src/main/java/ai/genwhy/nobonk/ml/Letterbox.kt (5540 chars)
2026-08-28 23:10:44 | PASS 39 · Letterbox.kt — generated; running tests…
2026-08-28 23:10:45 | PASS 39 · Letterbox.kt — no change
2026-08-28 23:10:55 | PASS 39 · Detection.kt — coding-lane hardening…
GLM_OK: rewrote app/src/main/java/ai/genwhy/nobonk/model/Detection.kt (5690 chars)
2026-08-28 23:11:49 | PASS 39 · Detection.kt — generated; running tests…
2026-08-28 23:11:49 | PASS 39 · Detection.kt — no change
2026-08-28 23:11:59 | PASS 39 · NormBox.kt — coding-lane hardening…
GLM_OK: rewrote app/src/main/java/ai/genwhy/nobonk/model/NormBox.kt (4716 chars)
2026-08-28 23:12:48 | PASS 39 · NormBox.kt — generated; running tests…
2026-08-28 23:12:49 | PASS 39 · NormBox.kt — no change
2026-08-28 23:12:59 | PASS 39 · SensorMonitor.kt — coding-lane hardening…
GLM_OK: rewrote app/src/main/java/ai/genwhy/nobonk/ml/SensorMonitor.kt (7708 chars)
2026-08-28 23:14:08 | PASS 39 · SensorMonitor.kt — generated; running tests…
2026-08-28 23:14:09 | PASS 39 · SensorMonitor.kt — no change
2026-08-28 23:14:19 | PASS 39 · DetectionEvent.kt — coding-lane hardening…
GLM_OK: rewrote app/src/main/java/ai/genwhy/nobonk/data/DetectionEvent.kt (7667 chars)
2026-08-28 23:15:27 | PASS 39 · DetectionEvent.kt — generated; running tests…
2026-08-28 23:15:27 | PASS 39 · DetectionEvent.kt — no change
2026-08-28 23:15:37 | PASS 39 · AlertPolicy.kt — coding-lane hardening…
GLM_OK: rewrote app/src/main/java/ai/genwhy/nobonk/ml/AlertPolicy.kt (10552 chars)
2026-08-28 23:17:56 | PASS 39 · AlertPolicy.kt — generated; running tests…
2026-08-28 23:17:57 | PASS 39 · AlertPolicy.kt — TESTS GREEN, committed
2026-08-28 23:17:58 |   pushed to origin
2026-08-28 23:18:08 | PASS 39 · AnalyticsEngine.kt — coding-lane hardening…
GLM_OK: rewrote app/src/main/java/ai/genwhy/nobonk/analytics/AnalyticsEngine.kt (10139 chars)
2026-08-28 23:20:07 | PASS 39 · AnalyticsEngine.kt — generated; running tests…
2026-08-28 23:20:09 | PASS 39 · AnalyticsEngine.kt — TESTS GREEN, committed
2026-08-28 23:20:10 |   pushed to origin
2026-08-28 23:20:20 | PASS 40 · Nms.kt — coding-lane hardening…
GLM_OK: rewrote app/src/main/java/ai/genwhy/nobonk/ml/Nms.kt (3948 chars)
2026-08-28 23:21:03 | PASS 40 · Nms.kt — generated; running tests…
2026-08-28 23:21:04 | PASS 40 · Nms.kt — no change
2026-08-28 23:21:14 | PASS 40 · LowLight.kt — coding-lane hardening…
GLM_OK: rewrote app/src/main/java/ai/genwhy/nobonk/ml/LowLight.kt (4871 chars)
2026-08-28 23:21:57 | PASS 40 · LowLight.kt — generated; running tests…
2026-08-28 23:21:58 | PASS 40 · LowLight.kt — no change
2026-08-28 23:22:08 | PASS 40 · Letterbox.kt — coding-lane hardening…
GLM_OK: rewrote app/src/main/java/ai/genwhy/nobonk/ml/Letterbox.kt (5540 chars)
2026-08-28 23:23:02 | PASS 40 · Letterbox.kt — generated; running tests…
2026-08-28 23:23:03 | PASS 40 · Letterbox.kt — no change
2026-08-28 23:23:13 | PASS 40 · Detection.kt — coding-lane hardening…
GLM_OK: rewrote app/src/main/java/ai/genwhy/nobonk/model/Detection.kt (5690 chars)
2026-08-28 23:24:08 | PASS 40 · Detection.kt — generated; running tests…
2026-08-28 23:24:08 | PASS 40 · Detection.kt — no change
2026-08-28 23:24:18 | PASS 40 · NormBox.kt — coding-lane hardening…
GLM_OK: rewrote app/src/main/java/ai/genwhy/nobonk/model/NormBox.kt (4716 chars)
2026-08-28 23:27:29 | PASS 40 · NormBox.kt — generated; running tests…
2026-08-28 23:27:30 | PASS 40 · NormBox.kt — no change
2026-08-28 23:27:40 | PASS 40 · SensorMonitor.kt — coding-lane hardening…
GLM_OK: rewrote app/src/main/java/ai/genwhy/nobonk/ml/SensorMonitor.kt (7708 chars)
2026-08-28 23:28:46 | PASS 40 · SensorMonitor.kt — generated; running tests…
2026-08-28 23:28:47 | PASS 40 · SensorMonitor.kt — no change
2026-08-28 23:28:57 | PASS 40 · DetectionEvent.kt — coding-lane hardening…
GLM_OK: rewrote app/src/main/java/ai/genwhy/nobonk/data/DetectionEvent.kt (7650 chars)
2026-08-28 23:30:03 | PASS 40 · DetectionEvent.kt — generated; running tests…
2026-08-28 23:30:04 | PASS 40 · DetectionEvent.kt — TESTS GREEN, committed
2026-08-28 23:30:06 |   pushed to origin
2026-08-28 23:30:16 | PASS 40 · AlertPolicy.kt — coding-lane hardening…
GLM_OK: rewrote app/src/main/java/ai/genwhy/nobonk/ml/AlertPolicy.kt (10552 chars)
2026-08-28 23:32:30 | PASS 40 · AlertPolicy.kt — generated; running tests…
2026-08-28 23:32:31 | PASS 40 · AlertPolicy.kt — no change
2026-08-28 23:32:41 | PASS 40 · AnalyticsEngine.kt — coding-lane hardening…
GLM_OK: rewrote app/src/main/java/ai/genwhy/nobonk/analytics/AnalyticsEngine.kt (10123 chars)
2026-08-28 23:34:25 | PASS 40 · AnalyticsEngine.kt — generated; running tests…
2026-08-28 23:34:26 | PASS 40 · AnalyticsEngine.kt — TESTS GREEN, committed
2026-08-28 23:34:28 |   pushed to origin
2026-08-28 23:34:38 | PASS 41 · Nms.kt — coding-lane hardening…
GLM_OK: rewrote app/src/main/java/ai/genwhy/nobonk/ml/Nms.kt (3948 chars)
2026-08-28 23:35:15 | PASS 41 · Nms.kt — generated; running tests…
2026-08-28 23:35:16 | PASS 41 · Nms.kt — no change
2026-08-28 23:35:26 | PASS 41 · LowLight.kt — coding-lane hardening…
GLM_OK: rewrote app/src/main/java/ai/genwhy/nobonk/ml/LowLight.kt (4871 chars)
2026-08-28 23:36:16 | PASS 41 · LowLight.kt — generated; running tests…
2026-08-28 23:36:17 | PASS 41 · LowLight.kt — no change
2026-08-28 23:36:27 | PASS 41 · Letterbox.kt — coding-lane hardening…
GLM_OK: rewrote app/src/main/java/ai/genwhy/nobonk/ml/Letterbox.kt (5540 chars)
2026-08-28 23:37:22 | PASS 41 · Letterbox.kt — generated; running tests…
2026-08-28 23:37:23 | PASS 41 · Letterbox.kt — no change
2026-08-28 23:37:33 | PASS 41 · Detection.kt — coding-lane hardening…
GLM_OK: rewrote app/src/main/java/ai/genwhy/nobonk/model/Detection.kt (5690 chars)
2026-08-28 23:38:31 | PASS 41 · Detection.kt — generated; running tests…
2026-08-28 23:38:32 | PASS 41 · Detection.kt — no change
2026-08-28 23:38:42 | PASS 41 · NormBox.kt — coding-lane hardening…
GLM_OK: rewrote app/src/main/java/ai/genwhy/nobonk/model/NormBox.kt (4716 chars)
2026-08-28 23:39:37 | PASS 41 · NormBox.kt — generated; running tests…
2026-08-28 23:39:38 | PASS 41 · NormBox.kt — no change
2026-08-28 23:39:48 | PASS 41 · SensorMonitor.kt — coding-lane hardening…
GLM_OK: rewrote app/src/main/java/ai/genwhy/nobonk/ml/SensorMonitor.kt (7708 chars)
2026-08-28 23:40:59 | PASS 41 · SensorMonitor.kt — generated; running tests…
2026-08-28 23:40:59 | PASS 41 · SensorMonitor.kt — no change
2026-08-28 23:41:09 | PASS 41 · DetectionEvent.kt — coding-lane hardening…
GLM_OK: rewrote app/src/main/java/ai/genwhy/nobonk/data/DetectionEvent.kt (7650 chars)
2026-08-28 23:42:23 | PASS 41 · DetectionEvent.kt — generated; running tests…
2026-08-28 23:42:24 | PASS 41 · DetectionEvent.kt — no change
2026-08-28 23:42:34 | PASS 41 · AlertPolicy.kt — coding-lane hardening…
GLM_OK: rewrote app/src/main/java/ai/genwhy/nobonk/ml/AlertPolicy.kt (10552 chars)
2026-08-28 23:44:46 | PASS 41 · AlertPolicy.kt — generated; running tests…
2026-08-28 23:44:47 | PASS 41 · AlertPolicy.kt — no change
2026-08-28 23:44:57 | PASS 41 · AnalyticsEngine.kt — coding-lane hardening…
GLM_OK: rewrote app/src/main/java/ai/genwhy/nobonk/analytics/AnalyticsEngine.kt (10123 chars)
2026-08-28 23:46:54 | PASS 41 · AnalyticsEngine.kt — generated; running tests…
2026-08-28 23:46:55 | PASS 41 · AnalyticsEngine.kt — no change
2026-08-28 23:47:05 | PASS 42 · Nms.kt — coding-lane hardening…
GLM_OK: rewrote app/src/main/java/ai/genwhy/nobonk/ml/Nms.kt (3948 chars)
2026-08-28 23:47:44 | PASS 42 · Nms.kt — generated; running tests…
2026-08-28 23:47:45 | PASS 42 · Nms.kt — no change
2026-08-28 23:47:55 | PASS 42 · LowLight.kt — coding-lane hardening…
GLM_OK: rewrote app/src/main/java/ai/genwhy/nobonk/ml/LowLight.kt (4871 chars)
2026-08-28 23:48:42 | PASS 42 · LowLight.kt — generated; running tests…
2026-08-28 23:48:43 | PASS 42 · LowLight.kt — no change
2026-08-28 23:48:53 | PASS 42 · Letterbox.kt — coding-lane hardening…
GLM_OK: rewrote app/src/main/java/ai/genwhy/nobonk/ml/Letterbox.kt (5540 chars)
2026-08-28 23:49:48 | PASS 42 · Letterbox.kt — generated; running tests…
2026-08-28 23:49:49 | PASS 42 · Letterbox.kt — no change
2026-08-28 23:49:59 | PASS 42 · Detection.kt — coding-lane hardening…
GLM_OK: rewrote app/src/main/java/ai/genwhy/nobonk/model/Detection.kt (5690 chars)
2026-08-28 23:50:56 | PASS 42 · Detection.kt — generated; running tests…
2026-08-28 23:50:57 | PASS 42 · Detection.kt — no change
2026-08-28 23:51:07 | PASS 42 · NormBox.kt — coding-lane hardening…
GLM_OK: rewrote app/src/main/java/ai/genwhy/nobonk/model/NormBox.kt (4716 chars)
2026-08-28 23:51:52 | PASS 42 · NormBox.kt — generated; running tests…
2026-08-28 23:51:52 | PASS 42 · NormBox.kt — no change
2026-08-28 23:52:02 | PASS 42 · SensorMonitor.kt — coding-lane hardening…
GLM_OK: rewrote app/src/main/java/ai/genwhy/nobonk/ml/SensorMonitor.kt (7708 chars)
2026-08-28 23:53:07 | PASS 42 · SensorMonitor.kt — generated; running tests…
2026-08-28 23:53:08 | PASS 42 · SensorMonitor.kt — no change
2026-08-28 23:53:18 | PASS 42 · DetectionEvent.kt — coding-lane hardening…
GLM_OK: rewrote app/src/main/java/ai/genwhy/nobonk/data/DetectionEvent.kt (7650 chars)
2026-08-28 23:54:18 | PASS 42 · DetectionEvent.kt — generated; running tests…
2026-08-28 23:54:19 | PASS 42 · DetectionEvent.kt — no change
2026-08-28 23:54:29 | PASS 42 · AlertPolicy.kt — coding-lane hardening…
GLM_OK: rewrote app/src/main/java/ai/genwhy/nobonk/ml/AlertPolicy.kt (10552 chars)
2026-08-28 23:56:42 | PASS 42 · AlertPolicy.kt — generated; running tests…
2026-08-28 23:56:43 | PASS 42 · AlertPolicy.kt — no change
2026-08-28 23:56:53 | PASS 42 · AnalyticsEngine.kt — coding-lane hardening…
GLM_OK: rewrote app/src/main/java/ai/genwhy/nobonk/analytics/AnalyticsEngine.kt (10123 chars)
2026-08-28 23:58:56 | PASS 42 · AnalyticsEngine.kt — generated; running tests…
2026-08-28 23:58:57 | PASS 42 · AnalyticsEngine.kt — no change
2026-08-28 23:59:07 | PASS 43 · Nms.kt — coding-lane hardening…
GLM_OK: rewrote app/src/main/java/ai/genwhy/nobonk/ml/Nms.kt (4291 chars)
2026-08-28 23:59:53 | PASS 43 · Nms.kt — generated; running tests…
2026-08-28 23:59:55 | PASS 43 · Nms.kt — TESTS GREEN, committed
2026-08-28 23:59:56 |   pushed to origin
2026-08-29 00:00:06 | PASS 43 · LowLight.kt — coding-lane hardening…
GLM_OK: rewrote app/src/main/java/ai/genwhy/nobonk/ml/LowLight.kt (4871 chars)
2026-08-29 00:00:52 | PASS 43 · LowLight.kt — generated; running tests…
2026-08-29 00:00:53 | PASS 43 · LowLight.kt — no change
2026-08-29 00:01:03 | PASS 43 · Letterbox.kt — coding-lane hardening…
GLM_OK: rewrote app/src/main/java/ai/genwhy/nobonk/ml/Letterbox.kt (5540 chars)
2026-08-29 00:02:43 | PASS 43 · Letterbox.kt — generated; running tests…
2026-08-29 00:02:43 | PASS 43 · Letterbox.kt — no change
2026-08-29 00:02:53 | PASS 43 · Detection.kt — coding-lane hardening…
GLM_OK: rewrote app/src/main/java/ai/genwhy/nobonk/model/Detection.kt (5690 chars)
2026-08-29 00:03:49 | PASS 43 · Detection.kt — generated; running tests…
2026-08-29 00:03:50 | PASS 43 · Detection.kt — no change
2026-08-29 00:04:00 | PASS 43 · NormBox.kt — coding-lane hardening…
GLM_OK: rewrote app/src/main/java/ai/genwhy/nobonk/model/NormBox.kt (4716 chars)
2026-08-29 00:04:43 | PASS 43 · NormBox.kt — generated; running tests…
2026-08-29 00:04:44 | PASS 43 · NormBox.kt — no change
2026-08-29 00:04:54 | PASS 43 · SensorMonitor.kt — coding-lane hardening…
GLM_OK: rewrote app/src/main/java/ai/genwhy/nobonk/ml/SensorMonitor.kt (7708 chars)
2026-08-29 00:06:03 | PASS 43 · SensorMonitor.kt — generated; running tests…
2026-08-29 00:06:04 | PASS 43 · SensorMonitor.kt — no change
2026-08-29 00:06:14 | PASS 43 · DetectionEvent.kt — coding-lane hardening…
GLM_OK: rewrote app/src/main/java/ai/genwhy/nobonk/data/DetectionEvent.kt (7650 chars)
2026-08-29 00:07:19 | PASS 43 · DetectionEvent.kt — generated; running tests…
2026-08-29 00:07:19 | PASS 43 · DetectionEvent.kt — no change
2026-08-29 00:07:29 | PASS 43 · AlertPolicy.kt — coding-lane hardening…
GLM_OK: rewrote app/src/main/java/ai/genwhy/nobonk/ml/AlertPolicy.kt (10552 chars)
2026-08-29 00:09:46 | PASS 43 · AlertPolicy.kt — generated; running tests…
2026-08-29 00:09:46 | PASS 43 · AlertPolicy.kt — no change
2026-08-29 00:09:56 | PASS 43 · AnalyticsEngine.kt — coding-lane hardening…
GLM_OK: rewrote app/src/main/java/ai/genwhy/nobonk/analytics/AnalyticsEngine.kt (10123 chars)
2026-08-29 00:11:35 | PASS 43 · AnalyticsEngine.kt — generated; running tests…
2026-08-29 00:11:36 | PASS 43 · AnalyticsEngine.kt — no change
2026-08-29 00:11:46 | PASS 44 · Nms.kt — coding-lane hardening…
GLM_OK: rewrote app/src/main/java/ai/genwhy/nobonk/ml/Nms.kt (4291 chars)
2026-08-29 00:12:28 | PASS 44 · Nms.kt — generated; running tests…
2026-08-29 00:12:29 | PASS 44 · Nms.kt — no change
2026-08-29 00:12:39 | PASS 44 · LowLight.kt — coding-lane hardening…
GLM_OK: rewrote app/src/main/java/ai/genwhy/nobonk/ml/LowLight.kt (5222 chars)
2026-08-29 00:13:26 | PASS 44 · LowLight.kt — generated; running tests…
2026-08-29 00:13:28 | PASS 44 · LowLight.kt — TESTS GREEN, committed
2026-08-29 00:13:29 |   pushed to origin
2026-08-29 00:13:39 | PASS 44 · Letterbox.kt — coding-lane hardening…
GLM_OK: rewrote app/src/main/java/ai/genwhy/nobonk/ml/Letterbox.kt (5540 chars)
2026-08-29 00:14:36 | PASS 44 · Letterbox.kt — generated; running tests…
2026-08-29 00:14:37 | PASS 44 · Letterbox.kt — no change
2026-08-29 00:14:47 | PASS 44 · Detection.kt — coding-lane hardening…
GLM_OK: rewrote app/src/main/java/ai/genwhy/nobonk/model/Detection.kt (5690 chars)
2026-08-29 00:15:45 | PASS 44 · Detection.kt — generated; running tests…
2026-08-29 00:15:45 | PASS 44 · Detection.kt — no change
2026-08-29 00:15:55 | PASS 44 · NormBox.kt — coding-lane hardening…
GLM_OK: rewrote app/src/main/java/ai/genwhy/nobonk/model/NormBox.kt (4716 chars)
2026-08-29 00:16:41 | PASS 44 · NormBox.kt — generated; running tests…
2026-08-29 00:16:42 | PASS 44 · NormBox.kt — no change
2026-08-29 00:16:52 | PASS 44 · SensorMonitor.kt — coding-lane hardening…
GLM_OK: rewrote app/src/main/java/ai/genwhy/nobonk/ml/SensorMonitor.kt (7708 chars)
2026-08-29 00:18:06 | PASS 44 · SensorMonitor.kt — generated; running tests…
2026-08-29 00:18:07 | PASS 44 · SensorMonitor.kt — no change
2026-08-29 00:18:17 | PASS 44 · DetectionEvent.kt — coding-lane hardening…
GLM_OK: rewrote app/src/main/java/ai/genwhy/nobonk/data/DetectionEvent.kt (7650 chars)
2026-08-29 00:19:14 | PASS 44 · DetectionEvent.kt — generated; running tests…
2026-08-29 00:19:15 | PASS 44 · DetectionEvent.kt — no change
2026-08-29 00:19:25 | PASS 44 · AlertPolicy.kt — coding-lane hardening…
GLM_OK: rewrote app/src/main/java/ai/genwhy/nobonk/ml/AlertPolicy.kt (10552 chars)
2026-08-29 00:21:38 | PASS 44 · AlertPolicy.kt — generated; running tests…
2026-08-29 00:21:38 | PASS 44 · AlertPolicy.kt — no change
2026-08-29 00:21:48 | PASS 44 · AnalyticsEngine.kt — coding-lane hardening…
GLM_OK: rewrote app/src/main/java/ai/genwhy/nobonk/analytics/AnalyticsEngine.kt (10123 chars)
2026-08-29 00:24:06 | PASS 44 · AnalyticsEngine.kt — generated; running tests…
2026-08-29 00:24:07 | PASS 44 · AnalyticsEngine.kt — TESTS GREEN, committed
2026-08-29 00:24:08 |   pushed to origin
2026-08-29 00:24:18 | PASS 45 · Nms.kt — coding-lane hardening…
GLM_OK: rewrote app/src/main/java/ai/genwhy/nobonk/ml/Nms.kt (4291 chars)
2026-08-29 00:25:06 | PASS 45 · Nms.kt — generated; running tests…
2026-08-29 00:25:07 | PASS 45 · Nms.kt — no change
2026-08-29 00:25:17 | PASS 45 · LowLight.kt — coding-lane hardening…
GLM_OK: rewrote app/src/main/java/ai/genwhy/nobonk/ml/LowLight.kt (5222 chars)
2026-08-29 00:26:09 | PASS 45 · LowLight.kt — generated; running tests…
2026-08-29 00:26:10 | PASS 45 · LowLight.kt — no change
2026-08-29 00:26:20 | PASS 45 · Letterbox.kt — coding-lane hardening…
GLM_OK: rewrote app/src/main/java/ai/genwhy/nobonk/ml/Letterbox.kt (5540 chars)
2026-08-29 00:27:21 | PASS 45 · Letterbox.kt — generated; running tests…
2026-08-29 00:27:22 | PASS 45 · Letterbox.kt — no change
2026-08-29 00:27:32 | PASS 45 · Detection.kt — coding-lane hardening…
GLM_OK: rewrote app/src/main/java/ai/genwhy/nobonk/model/Detection.kt (5690 chars)
2026-08-29 00:28:26 | PASS 45 · Detection.kt — generated; running tests…
2026-08-29 00:28:27 | PASS 45 · Detection.kt — no change
2026-08-29 00:28:37 | PASS 45 · NormBox.kt — coding-lane hardening…
GLM_OK: rewrote app/src/main/java/ai/genwhy/nobonk/model/NormBox.kt (4716 chars)
2026-08-29 00:29:26 | PASS 45 · NormBox.kt — generated; running tests…
2026-08-29 00:29:27 | PASS 45 · NormBox.kt — no change
2026-08-29 00:29:37 | PASS 45 · SensorMonitor.kt — coding-lane hardening…
GLM_OK: rewrote app/src/main/java/ai/genwhy/nobonk/ml/SensorMonitor.kt (7708 chars)
2026-08-29 00:30:50 | PASS 45 · SensorMonitor.kt — generated; running tests…
2026-08-29 00:30:51 | PASS 45 · SensorMonitor.kt — no change
2026-08-29 00:31:01 | PASS 45 · DetectionEvent.kt — coding-lane hardening…
GLM_OK: rewrote app/src/main/java/ai/genwhy/nobonk/data/DetectionEvent.kt (7650 chars)
2026-08-29 00:32:14 | PASS 45 · DetectionEvent.kt — generated; running tests…
2026-08-29 00:32:15 | PASS 45 · DetectionEvent.kt — no change
2026-08-29 00:32:25 | PASS 45 · AlertPolicy.kt — coding-lane hardening…
GLM_OK: rewrote app/src/main/java/ai/genwhy/nobonk/ml/AlertPolicy.kt (10552 chars)
2026-08-29 00:34:40 | PASS 45 · AlertPolicy.kt — generated; running tests…
2026-08-29 00:34:41 | PASS 45 · AlertPolicy.kt — no change
2026-08-29 00:34:51 | PASS 45 · AnalyticsEngine.kt — coding-lane hardening…
GLM_OK: rewrote app/src/main/java/ai/genwhy/nobonk/analytics/AnalyticsEngine.kt (10123 chars)
2026-08-29 00:36:30 | PASS 45 · AnalyticsEngine.kt — generated; running tests…
2026-08-29 00:36:31 | PASS 45 · AnalyticsEngine.kt — no change
2026-08-29 00:36:41 | PASS 46 · Nms.kt — coding-lane hardening…
GLM_OK: rewrote app/src/main/java/ai/genwhy/nobonk/ml/Nms.kt (4291 chars)
2026-08-29 00:37:30 | PASS 46 · Nms.kt — generated; running tests…
2026-08-29 00:37:31 | PASS 46 · Nms.kt — no change
2026-08-29 00:37:41 | PASS 46 · LowLight.kt — coding-lane hardening…
GLM_OK: rewrote app/src/main/java/ai/genwhy/nobonk/ml/LowLight.kt (5222 chars)
2026-08-29 00:38:25 | PASS 46 · LowLight.kt — generated; running tests…
2026-08-29 00:38:26 | PASS 46 · LowLight.kt — no change
2026-08-29 00:38:36 | PASS 46 · Letterbox.kt — coding-lane hardening…
GLM_OK: rewrote app/src/main/java/ai/genwhy/nobonk/ml/Letterbox.kt (5540 chars)
2026-08-29 00:39:37 | PASS 46 · Letterbox.kt — generated; running tests…
2026-08-29 00:39:38 | PASS 46 · Letterbox.kt — no change
2026-08-29 00:39:48 | PASS 46 · Detection.kt — coding-lane hardening…
GLM_OK: rewrote app/src/main/java/ai/genwhy/nobonk/model/Detection.kt (5690 chars)
2026-08-29 00:40:43 | PASS 46 · Detection.kt — generated; running tests…
2026-08-29 00:40:44 | PASS 46 · Detection.kt — no change
2026-08-29 00:40:54 | PASS 46 · NormBox.kt — coding-lane hardening…
GLM_OK: rewrote app/src/main/java/ai/genwhy/nobonk/model/NormBox.kt (4716 chars)
2026-08-29 00:41:40 | PASS 46 · NormBox.kt — generated; running tests…
2026-08-29 00:41:40 | PASS 46 · NormBox.kt — no change
2026-08-29 00:41:50 | PASS 46 · SensorMonitor.kt — coding-lane hardening…
GLM_OK: rewrote app/src/main/java/ai/genwhy/nobonk/ml/SensorMonitor.kt (7708 chars)
2026-08-29 00:42:58 | PASS 46 · SensorMonitor.kt — generated; running tests…
2026-08-29 00:42:59 | PASS 46 · SensorMonitor.kt — no change
2026-08-29 00:43:09 | PASS 46 · DetectionEvent.kt — coding-lane hardening…
GLM_OK: rewrote app/src/main/java/ai/genwhy/nobonk/data/DetectionEvent.kt (7650 chars)
2026-08-29 00:44:13 | PASS 46 · DetectionEvent.kt — generated; running tests…
2026-08-29 00:44:14 | PASS 46 · DetectionEvent.kt — no change
2026-08-29 00:44:24 | PASS 46 · AlertPolicy.kt — coding-lane hardening…
GLM_OK: rewrote app/src/main/java/ai/genwhy/nobonk/ml/AlertPolicy.kt (10552 chars)
2026-08-29 00:46:32 | PASS 46 · AlertPolicy.kt — generated; running tests…
2026-08-29 00:46:33 | PASS 46 · AlertPolicy.kt — no change
2026-08-29 00:46:43 | PASS 46 · AnalyticsEngine.kt — coding-lane hardening…
GLM_OK: rewrote app/src/main/java/ai/genwhy/nobonk/analytics/AnalyticsEngine.kt (10332 chars)
2026-08-29 00:49:12 | PASS 46 · AnalyticsEngine.kt — generated; running tests…
2026-08-29 00:49:13 | PASS 46 · AnalyticsEngine.kt — TESTS GREEN, committed
2026-08-29 00:49:15 |   pushed to origin
2026-08-29 00:49:25 | PASS 47 · Nms.kt — coding-lane hardening…
GLM_OK: rewrote app/src/main/java/ai/genwhy/nobonk/ml/Nms.kt (4291 chars)
2026-08-29 00:50:09 | PASS 47 · Nms.kt — generated; running tests…
2026-08-29 00:50:09 | PASS 47 · Nms.kt — no change
2026-08-29 00:50:19 | PASS 47 · LowLight.kt — coding-lane hardening…
GLM_OK: rewrote app/src/main/java/ai/genwhy/nobonk/ml/LowLight.kt (5222 chars)
2026-08-29 00:51:03 | PASS 47 · LowLight.kt — generated; running tests…
2026-08-29 00:51:04 | PASS 47 · LowLight.kt — no change
2026-08-29 00:51:14 | PASS 47 · Letterbox.kt — coding-lane hardening…
GLM_OK: rewrote app/src/main/java/ai/genwhy/nobonk/ml/Letterbox.kt (5540 chars)
2026-08-29 00:52:13 | PASS 47 · Letterbox.kt — generated; running tests…
2026-08-29 00:52:13 | PASS 47 · Letterbox.kt — no change
2026-08-29 00:52:23 | PASS 47 · Detection.kt — coding-lane hardening…
GLM_OK: rewrote app/src/main/java/ai/genwhy/nobonk/model/Detection.kt (5690 chars)
2026-08-29 00:53:19 | PASS 47 · Detection.kt — generated; running tests…
2026-08-29 00:53:20 | PASS 47 · Detection.kt — no change
2026-08-29 00:53:30 | PASS 47 · NormBox.kt — coding-lane hardening…
GLM_OK: rewrote app/src/main/java/ai/genwhy/nobonk/model/NormBox.kt (4718 chars)
2026-08-29 00:54:22 | PASS 47 · NormBox.kt — generated; running tests…
2026-08-29 00:54:23 | PASS 47 · NormBox.kt — TESTS GREEN, committed
2026-08-29 00:54:24 |   pushed to origin
2026-08-29 00:54:34 | PASS 47 · SensorMonitor.kt — coding-lane hardening…
GLM_OK: rewrote app/src/main/java/ai/genwhy/nobonk/ml/SensorMonitor.kt (7708 chars)
2026-08-29 00:55:42 | PASS 47 · SensorMonitor.kt — generated; running tests…
2026-08-29 00:55:43 | PASS 47 · SensorMonitor.kt — no change
2026-08-29 00:55:53 | PASS 47 · DetectionEvent.kt — coding-lane hardening…
GLM_OK: rewrote app/src/main/java/ai/genwhy/nobonk/data/DetectionEvent.kt (7650 chars)
2026-08-29 00:57:01 | PASS 47 · DetectionEvent.kt — generated; running tests…
2026-08-29 00:57:02 | PASS 47 · DetectionEvent.kt — no change
2026-08-29 00:57:12 | PASS 47 · AlertPolicy.kt — coding-lane hardening…
GLM_OK: rewrote app/src/main/java/ai/genwhy/nobonk/ml/AlertPolicy.kt (10552 chars)
2026-08-29 00:59:20 | PASS 47 · AlertPolicy.kt — generated; running tests…
2026-08-29 00:59:21 | PASS 47 · AlertPolicy.kt — no change
2026-08-29 00:59:31 | PASS 47 · AnalyticsEngine.kt — coding-lane hardening…
GLM_OK: rewrote app/src/main/java/ai/genwhy/nobonk/analytics/AnalyticsEngine.kt (10903 chars)
2026-08-29 01:02:54 | PASS 47 · AnalyticsEngine.kt — generated; running tests…
2026-08-29 01:02:56 | PASS 47 · AnalyticsEngine.kt — TESTS GREEN, committed
2026-08-29 01:02:57 |   pushed to origin
2026-08-29 01:03:07 | PASS 48 · Nms.kt — coding-lane hardening…
GLM_OK: rewrote app/src/main/java/ai/genwhy/nobonk/ml/Nms.kt (4291 chars)
2026-08-29 01:03:56 | PASS 48 · Nms.kt — generated; running tests…
2026-08-29 01:03:57 | PASS 48 · Nms.kt — no change
2026-08-29 01:04:07 | PASS 48 · LowLight.kt — coding-lane hardening…
GLM_OK: rewrote app/src/main/java/ai/genwhy/nobonk/ml/LowLight.kt (5222 chars)
2026-08-29 01:04:55 | PASS 48 · LowLight.kt — generated; running tests…
2026-08-29 01:04:56 | PASS 48 · LowLight.kt — no change
2026-08-29 01:05:06 | PASS 48 · Letterbox.kt — coding-lane hardening…
GLM_OK: rewrote app/src/main/java/ai/genwhy/nobonk/ml/Letterbox.kt (5540 chars)
2026-08-29 01:06:06 | PASS 48 · Letterbox.kt — generated; running tests…
2026-08-29 01:06:06 | PASS 48 · Letterbox.kt — no change
2026-08-29 01:06:16 | PASS 48 · Detection.kt — coding-lane hardening…
GLM_OK: rewrote app/src/main/java/ai/genwhy/nobonk/model/Detection.kt (5690 chars)
2026-08-29 01:07:14 | PASS 48 · Detection.kt — generated; running tests…
2026-08-29 01:07:15 | PASS 48 · Detection.kt — no change
2026-08-29 01:07:25 | PASS 48 · NormBox.kt — coding-lane hardening…
GLM_OK: rewrote app/src/main/java/ai/genwhy/nobonk/model/NormBox.kt (4718 chars)
2026-08-29 01:08:10 | PASS 48 · NormBox.kt — generated; running tests…
2026-08-29 01:08:10 | PASS 48 · NormBox.kt — no change
2026-08-29 01:08:20 | PASS 48 · SensorMonitor.kt — coding-lane hardening…
GLM_OK: rewrote app/src/main/java/ai/genwhy/nobonk/ml/SensorMonitor.kt (7708 chars)
2026-08-29 01:09:30 | PASS 48 · SensorMonitor.kt — generated; running tests…
2026-08-29 01:09:30 | PASS 48 · SensorMonitor.kt — no change
2026-08-29 01:09:40 | PASS 48 · DetectionEvent.kt — coding-lane hardening…
GLM_OK: rewrote app/src/main/java/ai/genwhy/nobonk/data/DetectionEvent.kt (7650 chars)
2026-08-29 01:10:51 | PASS 48 · DetectionEvent.kt — generated; running tests…
2026-08-29 01:10:52 | PASS 48 · DetectionEvent.kt — no change
2026-08-29 01:11:02 | PASS 48 · AlertPolicy.kt — coding-lane hardening…
GLM_OK: rewrote app/src/main/java/ai/genwhy/nobonk/ml/AlertPolicy.kt (10552 chars)
2026-08-29 01:13:24 | PASS 48 · AlertPolicy.kt — generated; running tests…
2026-08-29 01:13:25 | PASS 48 · AlertPolicy.kt — no change
2026-08-29 01:13:35 | PASS 48 · AnalyticsEngine.kt — coding-lane hardening…
GLM_OK: rewrote app/src/main/java/ai/genwhy/nobonk/analytics/AnalyticsEngine.kt (10990 chars)
2026-08-29 01:15:39 | PASS 48 · AnalyticsEngine.kt — generated; running tests…
2026-08-29 01:15:41 | PASS 48 · AnalyticsEngine.kt — TESTS GREEN, committed
2026-08-29 01:15:43 |   pushed to origin
2026-08-29 01:15:53 | PASS 49 · Nms.kt — coding-lane hardening…
GLM_OK: rewrote app/src/main/java/ai/genwhy/nobonk/ml/Nms.kt (4291 chars)
2026-08-29 01:16:33 | PASS 49 · Nms.kt — generated; running tests…
2026-08-29 01:16:34 | PASS 49 · Nms.kt — no change
2026-08-29 01:16:44 | PASS 49 · LowLight.kt — coding-lane hardening…
GLM_OK: rewrote app/src/main/java/ai/genwhy/nobonk/ml/LowLight.kt (5222 chars)
2026-08-29 01:17:28 | PASS 49 · LowLight.kt — generated; running tests…
2026-08-29 01:17:28 | PASS 49 · LowLight.kt — no change
2026-08-29 01:17:38 | PASS 49 · Letterbox.kt — coding-lane hardening…
GLM_OK: rewrote app/src/main/java/ai/genwhy/nobonk/ml/Letterbox.kt (5540 chars)
2026-08-29 01:18:37 | PASS 49 · Letterbox.kt — generated; running tests…
2026-08-29 01:18:38 | PASS 49 · Letterbox.kt — no change
2026-08-29 01:18:48 | PASS 49 · Detection.kt — coding-lane hardening…
GLM_OK: rewrote app/src/main/java/ai/genwhy/nobonk/model/Detection.kt (5690 chars)
2026-08-29 01:19:51 | PASS 49 · Detection.kt — generated; running tests…
2026-08-29 01:19:52 | PASS 49 · Detection.kt — no change
2026-08-29 01:20:02 | PASS 49 · NormBox.kt — coding-lane hardening…
GLM_OK: rewrote app/src/main/java/ai/genwhy/nobonk/model/NormBox.kt (4718 chars)
2026-08-29 01:20:47 | PASS 49 · NormBox.kt — generated; running tests…
2026-08-29 01:20:48 | PASS 49 · NormBox.kt — no change
2026-08-29 01:20:58 | PASS 49 · SensorMonitor.kt — coding-lane hardening…
GLM_OK: rewrote app/src/main/java/ai/genwhy/nobonk/ml/SensorMonitor.kt (7768 chars)
2026-08-29 01:22:08 | PASS 49 · SensorMonitor.kt — generated; running tests…
2026-08-29 01:22:10 | PASS 49 · SensorMonitor.kt — TESTS GREEN, committed
2026-08-29 01:22:11 |   pushed to origin
2026-08-29 01:22:21 | PASS 49 · DetectionEvent.kt — coding-lane hardening…
GLM_OK: rewrote app/src/main/java/ai/genwhy/nobonk/data/DetectionEvent.kt (7650 chars)
2026-08-29 01:23:37 | PASS 49 · DetectionEvent.kt — generated; running tests…
2026-08-29 01:23:38 | PASS 49 · DetectionEvent.kt — no change
2026-08-29 01:23:48 | PASS 49 · AlertPolicy.kt — coding-lane hardening…
GLM_OK: rewrote app/src/main/java/ai/genwhy/nobonk/ml/AlertPolicy.kt (10552 chars)
2026-08-29 01:25:58 | PASS 49 · AlertPolicy.kt — generated; running tests…
2026-08-29 01:25:59 | PASS 49 · AlertPolicy.kt — no change
2026-08-29 01:26:09 | PASS 49 · AnalyticsEngine.kt — coding-lane hardening…
GLM_OK: rewrote app/src/main/java/ai/genwhy/nobonk/analytics/AnalyticsEngine.kt (10999 chars)
2026-08-29 01:28:25 | PASS 49 · AnalyticsEngine.kt — generated; running tests…
2026-08-29 01:28:27 | PASS 49 · AnalyticsEngine.kt — TESTS GREEN, committed
2026-08-29 01:28:28 |   pushed to origin
2026-08-29 01:28:38 | PASS 50 · Nms.kt — coding-lane hardening…
GLM_OK: rewrote app/src/main/java/ai/genwhy/nobonk/ml/Nms.kt (4465 chars)
2026-08-29 01:29:41 | PASS 50 · Nms.kt — generated; running tests…
2026-08-29 01:29:43 | PASS 50 · Nms.kt — TESTS GREEN, committed
2026-08-29 01:29:44 |   pushed to origin
2026-08-29 01:29:54 | PASS 50 · LowLight.kt — coding-lane hardening…
GLM_OK: rewrote app/src/main/java/ai/genwhy/nobonk/ml/LowLight.kt (5222 chars)
2026-08-29 01:31:04 | PASS 50 · LowLight.kt — generated; running tests…
2026-08-29 01:31:05 | PASS 50 · LowLight.kt — no change
2026-08-29 01:31:15 | PASS 50 · Letterbox.kt — coding-lane hardening…
GLM_OK: rewrote app/src/main/java/ai/genwhy/nobonk/ml/Letterbox.kt (5540 chars)
2026-08-29 01:35:08 | PASS 50 · Letterbox.kt — generated; running tests…
2026-08-29 01:35:08 | PASS 50 · Letterbox.kt — no change
2026-08-29 01:35:18 | PASS 50 · Detection.kt — coding-lane hardening…
GLM_OK: rewrote app/src/main/java/ai/genwhy/nobonk/model/Detection.kt (5690 chars)
2026-08-29 01:36:17 | PASS 50 · Detection.kt — generated; running tests…
2026-08-29 01:36:17 | PASS 50 · Detection.kt — no change
2026-08-29 01:36:27 | PASS 50 · NormBox.kt — coding-lane hardening…
GLM_OK: rewrote app/src/main/java/ai/genwhy/nobonk/model/NormBox.kt (4718 chars)
2026-08-29 01:37:16 | PASS 50 · NormBox.kt — generated; running tests…
2026-08-29 01:37:16 | PASS 50 · NormBox.kt — no change
2026-08-29 01:37:26 | PASS 50 · SensorMonitor.kt — coding-lane hardening…
GLM_OK: rewrote app/src/main/java/ai/genwhy/nobonk/ml/SensorMonitor.kt (7768 chars)
2026-08-29 01:38:36 | PASS 50 · SensorMonitor.kt — generated; running tests…
2026-08-29 01:38:36 | PASS 50 · SensorMonitor.kt — no change
2026-08-29 01:38:46 | PASS 50 · DetectionEvent.kt — coding-lane hardening…
GLM_OK: rewrote app/src/main/java/ai/genwhy/nobonk/data/DetectionEvent.kt (7650 chars)
2026-08-29 01:40:01 | PASS 50 · DetectionEvent.kt — generated; running tests…
2026-08-29 01:40:02 | PASS 50 · DetectionEvent.kt — no change
2026-08-29 01:40:12 | PASS 50 · AlertPolicy.kt — coding-lane hardening…
GLM_OK: rewrote app/src/main/java/ai/genwhy/nobonk/ml/AlertPolicy.kt (10552 chars)
2026-08-29 01:42:23 | PASS 50 · AlertPolicy.kt — generated; running tests…
2026-08-29 01:42:24 | PASS 50 · AlertPolicy.kt — no change
2026-08-29 01:42:34 | PASS 50 · AnalyticsEngine.kt — coding-lane hardening…
GLM_OK: rewrote app/src/main/java/ai/genwhy/nobonk/analytics/AnalyticsEngine.kt (10999 chars)
2026-08-29 01:44:33 | PASS 50 · AnalyticsEngine.kt — generated; running tests…
2026-08-29 01:44:34 | PASS 50 · AnalyticsEngine.kt — no change
2026-08-29 01:44:44 | PASS 51 · Nms.kt — coding-lane hardening…
GLM_OK: rewrote app/src/main/java/ai/genwhy/nobonk/ml/Nms.kt (4465 chars)
2026-08-29 01:45:26 | PASS 51 · Nms.kt — generated; running tests…
2026-08-29 01:45:27 | PASS 51 · Nms.kt — no change
2026-08-29 01:45:37 | PASS 51 · LowLight.kt — coding-lane hardening…
GLM_OK: rewrote app/src/main/java/ai/genwhy/nobonk/ml/LowLight.kt (5222 chars)
2026-08-29 01:46:20 | PASS 51 · LowLight.kt — generated; running tests…
2026-08-29 01:46:21 | PASS 51 · LowLight.kt — no change
2026-08-29 01:46:31 | PASS 51 · Letterbox.kt — coding-lane hardening…
GLM_OK: rewrote app/src/main/java/ai/genwhy/nobonk/ml/Letterbox.kt (5540 chars)
2026-08-29 01:47:29 | PASS 51 · Letterbox.kt — generated; running tests…
2026-08-29 01:47:30 | PASS 51 · Letterbox.kt — no change
2026-08-29 01:47:40 | PASS 51 · Detection.kt — coding-lane hardening…
GLM_OK: rewrote app/src/main/java/ai/genwhy/nobonk/model/Detection.kt (5690 chars)
2026-08-29 01:48:59 | PASS 51 · Detection.kt — generated; running tests…
2026-08-29 01:49:00 | PASS 51 · Detection.kt — no change
2026-08-29 01:49:10 | PASS 51 · NormBox.kt — coding-lane hardening…
GLM_OK: rewrote app/src/main/java/ai/genwhy/nobonk/model/NormBox.kt (4718 chars)
2026-08-29 01:49:58 | PASS 51 · NormBox.kt — generated; running tests…
2026-08-29 01:49:58 | PASS 51 · NormBox.kt — no change
2026-08-29 01:50:08 | PASS 51 · SensorMonitor.kt — coding-lane hardening…
GLM_OK: rewrote app/src/main/java/ai/genwhy/nobonk/ml/SensorMonitor.kt (7768 chars)
2026-08-29 01:51:17 | PASS 51 · SensorMonitor.kt — generated; running tests…
2026-08-29 01:51:18 | PASS 51 · SensorMonitor.kt — no change
2026-08-29 01:51:28 | PASS 51 · DetectionEvent.kt — coding-lane hardening…
GLM_OK: rewrote app/src/main/java/ai/genwhy/nobonk/data/DetectionEvent.kt (7650 chars)
2026-08-29 01:52:37 | PASS 51 · DetectionEvent.kt — generated; running tests…
2026-08-29 01:52:38 | PASS 51 · DetectionEvent.kt — no change
2026-08-29 01:52:48 | PASS 51 · AlertPolicy.kt — coding-lane hardening…
GLM_OK: rewrote app/src/main/java/ai/genwhy/nobonk/ml/AlertPolicy.kt (10552 chars)
2026-08-29 01:55:08 | PASS 51 · AlertPolicy.kt — generated; running tests…
2026-08-29 01:55:09 | PASS 51 · AlertPolicy.kt — no change
2026-08-29 01:55:19 | PASS 51 · AnalyticsEngine.kt — coding-lane hardening…
GLM_OK: rewrote app/src/main/java/ai/genwhy/nobonk/analytics/AnalyticsEngine.kt (10999 chars)
2026-08-29 01:58:11 | PASS 51 · AnalyticsEngine.kt — generated; running tests…
2026-08-29 01:58:12 | PASS 51 · AnalyticsEngine.kt — no change
2026-08-29 01:58:22 | PASS 52 · Nms.kt — coding-lane hardening…
GLM_OK: rewrote app/src/main/java/ai/genwhy/nobonk/ml/Nms.kt (4669 chars)
2026-08-29 01:59:19 | PASS 52 · Nms.kt — generated; running tests…
2026-08-29 01:59:20 | PASS 52 · Nms.kt — TESTS GREEN, committed
2026-08-29 01:59:22 |   pushed to origin
2026-08-29 01:59:32 | PASS 52 · LowLight.kt — coding-lane hardening…
GLM_OK: rewrote app/src/main/java/ai/genwhy/nobonk/ml/LowLight.kt (5222 chars)
2026-08-29 02:00:18 | PASS 52 · LowLight.kt — generated; running tests…
2026-08-29 02:00:19 | PASS 52 · LowLight.kt — no change
2026-08-29 02:00:29 | PASS 52 · Letterbox.kt — coding-lane hardening…
GLM_OK: rewrote app/src/main/java/ai/genwhy/nobonk/ml/Letterbox.kt (5540 chars)
2026-08-29 02:01:29 | PASS 52 · Letterbox.kt — generated; running tests…
2026-08-29 02:01:30 | PASS 52 · Letterbox.kt — no change
2026-08-29 02:01:40 | PASS 52 · Detection.kt — coding-lane hardening…
GLM_OK: rewrote app/src/main/java/ai/genwhy/nobonk/model/Detection.kt (5690 chars)
2026-08-29 02:02:35 | PASS 52 · Detection.kt — generated; running tests…
2026-08-29 02:02:36 | PASS 52 · Detection.kt — no change
2026-08-29 02:02:46 | PASS 52 · NormBox.kt — coding-lane hardening…
GLM_OK: rewrote app/src/main/java/ai/genwhy/nobonk/model/NormBox.kt (4718 chars)
2026-08-29 02:03:31 | PASS 52 · NormBox.kt — generated; running tests…
2026-08-29 02:03:32 | PASS 52 · NormBox.kt — no change
2026-08-29 02:03:42 | PASS 52 · SensorMonitor.kt — coding-lane hardening…
GLM_OK: rewrote app/src/main/java/ai/genwhy/nobonk/ml/SensorMonitor.kt (7768 chars)
2026-08-29 02:04:50 | PASS 52 · SensorMonitor.kt — generated; running tests…
2026-08-29 02:04:50 | PASS 52 · SensorMonitor.kt — no change
2026-08-29 02:05:00 | PASS 52 · DetectionEvent.kt — coding-lane hardening…
GLM_OK: rewrote app/src/main/java/ai/genwhy/nobonk/data/DetectionEvent.kt (7650 chars)
2026-08-29 02:06:04 | PASS 52 · DetectionEvent.kt — generated; running tests…
2026-08-29 02:06:05 | PASS 52 · DetectionEvent.kt — no change
2026-08-29 02:06:15 | PASS 52 · AlertPolicy.kt — coding-lane hardening…
GLM_OK: rewrote app/src/main/java/ai/genwhy/nobonk/ml/AlertPolicy.kt (10552 chars)
2026-08-29 02:08:31 | PASS 52 · AlertPolicy.kt — generated; running tests…
2026-08-29 02:08:31 | PASS 52 · AlertPolicy.kt — no change
2026-08-29 02:08:41 | PASS 52 · AnalyticsEngine.kt — coding-lane hardening…
GLM_OK: rewrote app/src/main/java/ai/genwhy/nobonk/analytics/AnalyticsEngine.kt (10999 chars)
2026-08-29 02:10:40 | PASS 52 · AnalyticsEngine.kt — generated; running tests…
2026-08-29 02:10:41 | PASS 52 · AnalyticsEngine.kt — no change
2026-08-29 02:10:51 | PASS 53 · Nms.kt — coding-lane hardening…
GLM_OK: rewrote app/src/main/java/ai/genwhy/nobonk/ml/Nms.kt (4669 chars)
2026-08-29 02:11:36 | PASS 53 · Nms.kt — generated; running tests…
2026-08-29 02:11:36 | PASS 53 · Nms.kt — no change
2026-08-29 02:11:46 | PASS 53 · LowLight.kt — coding-lane hardening…
GLM_OK: rewrote app/src/main/java/ai/genwhy/nobonk/ml/LowLight.kt (5222 chars)
2026-08-29 02:12:39 | PASS 53 · LowLight.kt — generated; running tests…
2026-08-29 02:12:40 | PASS 53 · LowLight.kt — no change
2026-08-29 02:12:50 | PASS 53 · Letterbox.kt — coding-lane hardening…
GLM_OK: rewrote app/src/main/java/ai/genwhy/nobonk/ml/Letterbox.kt (5540 chars)
2026-08-29 02:13:42 | PASS 53 · Letterbox.kt — generated; running tests…
2026-08-29 02:13:43 | PASS 53 · Letterbox.kt — no change
2026-08-29 02:13:53 | PASS 53 · Detection.kt — coding-lane hardening…
GLM_OK: rewrote app/src/main/java/ai/genwhy/nobonk/model/Detection.kt (5738 chars)
2026-08-29 02:15:01 | PASS 53 · Detection.kt — generated; running tests…
2026-08-29 02:15:03 | PASS 53 · Detection.kt — TESTS GREEN, committed
2026-08-29 02:15:04 |   pushed to origin
2026-08-29 02:15:14 | PASS 53 · NormBox.kt — coding-lane hardening…
GLM_OK: rewrote app/src/main/java/ai/genwhy/nobonk/model/NormBox.kt (4718 chars)
2026-08-29 02:16:05 | PASS 53 · NormBox.kt — generated; running tests…
2026-08-29 02:16:06 | PASS 53 · NormBox.kt — no change
2026-08-29 02:16:16 | PASS 53 · SensorMonitor.kt — coding-lane hardening…
GLM_OK: rewrote app/src/main/java/ai/genwhy/nobonk/ml/SensorMonitor.kt (7768 chars)
2026-08-29 02:17:22 | PASS 53 · SensorMonitor.kt — generated; running tests…
2026-08-29 02:17:23 | PASS 53 · SensorMonitor.kt — no change
2026-08-29 02:17:33 | PASS 53 · DetectionEvent.kt — coding-lane hardening…
GLM_OK: rewrote app/src/main/java/ai/genwhy/nobonk/data/DetectionEvent.kt (7650 chars)
2026-08-29 02:18:41 | PASS 53 · DetectionEvent.kt — generated; running tests…
2026-08-29 02:18:42 | PASS 53 · DetectionEvent.kt — no change
2026-08-29 02:18:52 | PASS 53 · AlertPolicy.kt — coding-lane hardening…
GLM_OK: rewrote app/src/main/java/ai/genwhy/nobonk/ml/AlertPolicy.kt (10552 chars)
2026-08-29 02:21:12 | PASS 53 · AlertPolicy.kt — generated; running tests…
2026-08-29 02:21:12 | PASS 53 · AlertPolicy.kt — no change
2026-08-29 02:21:22 | PASS 53 · AnalyticsEngine.kt — coding-lane hardening…
GLM_OK: rewrote app/src/main/java/ai/genwhy/nobonk/analytics/AnalyticsEngine.kt (10977 chars)
2026-08-29 02:23:35 | PASS 53 · AnalyticsEngine.kt — generated; running tests…
2026-08-29 02:23:37 | PASS 53 · AnalyticsEngine.kt — TESTS GREEN, committed
2026-08-29 02:23:38 |   pushed to origin
2026-08-29 02:23:48 | PASS 54 · Nms.kt — coding-lane hardening…
GLM_OK: rewrote app/src/main/java/ai/genwhy/nobonk/ml/Nms.kt (4801 chars)
2026-08-29 02:25:02 | PASS 54 · Nms.kt — generated; running tests…
2026-08-29 02:25:04 | PASS 54 · Nms.kt — TESTS GREEN, committed
2026-08-29 02:25:06 |   pushed to origin
2026-08-29 02:25:16 | PASS 54 · LowLight.kt — coding-lane hardening…
GLM_OK: rewrote app/src/main/java/ai/genwhy/nobonk/ml/LowLight.kt (5222 chars)
2026-08-29 02:26:01 | PASS 54 · LowLight.kt — generated; running tests…
2026-08-29 02:26:02 | PASS 54 · LowLight.kt — no change
2026-08-29 02:26:12 | PASS 54 · Letterbox.kt — coding-lane hardening…
GLM_OK: rewrote app/src/main/java/ai/genwhy/nobonk/ml/Letterbox.kt (5540 chars)
2026-08-29 02:27:10 | PASS 54 · Letterbox.kt — generated; running tests…
2026-08-29 02:27:11 | PASS 54 · Letterbox.kt — no change
2026-08-29 02:27:21 | PASS 54 · Detection.kt — coding-lane hardening…
GLM_OK: rewrote app/src/main/java/ai/genwhy/nobonk/model/Detection.kt (5738 chars)
2026-08-29 02:29:19 | PASS 54 · Detection.kt — generated; running tests…
2026-08-29 02:29:20 | PASS 54 · Detection.kt — no change
2026-08-29 02:29:30 | PASS 54 · NormBox.kt — coding-lane hardening…
GLM_OK: rewrote app/src/main/java/ai/genwhy/nobonk/model/NormBox.kt (4718 chars)
2026-08-29 02:30:18 | PASS 54 · NormBox.kt — generated; running tests…
2026-08-29 02:30:19 | PASS 54 · NormBox.kt — no change
2026-08-29 02:30:29 | PASS 54 · SensorMonitor.kt — coding-lane hardening…
GLM_OK: rewrote app/src/main/java/ai/genwhy/nobonk/ml/SensorMonitor.kt (7768 chars)
2026-08-29 02:31:35 | PASS 54 · SensorMonitor.kt — generated; running tests…
2026-08-29 02:31:36 | PASS 54 · SensorMonitor.kt — no change
2026-08-29 02:31:46 | PASS 54 · DetectionEvent.kt — coding-lane hardening…
GLM_OK: rewrote app/src/main/java/ai/genwhy/nobonk/data/DetectionEvent.kt (7650 chars)
2026-08-29 02:32:50 | PASS 54 · DetectionEvent.kt — generated; running tests…
2026-08-29 02:32:51 | PASS 54 · DetectionEvent.kt — no change
2026-08-29 02:33:01 | PASS 54 · AlertPolicy.kt — coding-lane hardening…
GLM_OK: rewrote app/src/main/java/ai/genwhy/nobonk/ml/AlertPolicy.kt (10552 chars)
2026-08-29 02:35:09 | PASS 54 · AlertPolicy.kt — generated; running tests…
2026-08-29 02:35:09 | PASS 54 · AlertPolicy.kt — no change
2026-08-29 02:35:19 | PASS 54 · AnalyticsEngine.kt — coding-lane hardening…
GLM_OK: rewrote app/src/main/java/ai/genwhy/nobonk/analytics/AnalyticsEngine.kt (10977 chars)
2026-08-29 02:37:28 | PASS 54 · AnalyticsEngine.kt — generated; running tests…
2026-08-29 02:37:29 | PASS 54 · AnalyticsEngine.kt — no change
2026-08-29 02:37:39 | PASS 55 · Nms.kt — coding-lane hardening…
GLM_OK: rewrote app/src/main/java/ai/genwhy/nobonk/ml/Nms.kt (4801 chars)
2026-08-29 02:38:22 | PASS 55 · Nms.kt — generated; running tests…
2026-08-29 02:38:22 | PASS 55 · Nms.kt — no change
2026-08-29 02:38:32 | PASS 55 · LowLight.kt — coding-lane hardening…
GLM_OK: rewrote app/src/main/java/ai/genwhy/nobonk/ml/LowLight.kt (5222 chars)
2026-08-29 02:39:17 | PASS 55 · LowLight.kt — generated; running tests…
2026-08-29 02:39:18 | PASS 55 · LowLight.kt — no change
2026-08-29 02:39:28 | PASS 55 · Letterbox.kt — coding-lane hardening…
GLM_OK: rewrote app/src/main/java/ai/genwhy/nobonk/ml/Letterbox.kt (5540 chars)
2026-08-29 02:40:25 | PASS 55 · Letterbox.kt — generated; running tests…
2026-08-29 02:40:26 | PASS 55 · Letterbox.kt — no change
2026-08-29 02:40:36 | PASS 55 · Detection.kt — coding-lane hardening…
GLM_OK: rewrote app/src/main/java/ai/genwhy/nobonk/model/Detection.kt (5738 chars)
2026-08-29 02:41:33 | PASS 55 · Detection.kt — generated; running tests…
2026-08-29 02:41:34 | PASS 55 · Detection.kt — no change
2026-08-29 02:41:44 | PASS 55 · NormBox.kt — coding-lane hardening…
GLM_OK: rewrote app/src/main/java/ai/genwhy/nobonk/model/NormBox.kt (4718 chars)
2026-08-29 02:42:38 | PASS 55 · NormBox.kt — generated; running tests…
2026-08-29 02:42:39 | PASS 55 · NormBox.kt — no change
2026-08-29 02:42:49 | PASS 55 · SensorMonitor.kt — coding-lane hardening…
GLM_OK: rewrote app/src/main/java/ai/genwhy/nobonk/ml/SensorMonitor.kt (7768 chars)
2026-08-29 02:43:56 | PASS 55 · SensorMonitor.kt — generated; running tests…
2026-08-29 02:43:57 | PASS 55 · SensorMonitor.kt — no change
2026-08-29 02:44:07 | PASS 55 · DetectionEvent.kt — coding-lane hardening…
GLM_OK: rewrote app/src/main/java/ai/genwhy/nobonk/data/DetectionEvent.kt (7650 chars)
2026-08-29 02:45:10 | PASS 55 · DetectionEvent.kt — generated; running tests…
2026-08-29 02:45:11 | PASS 55 · DetectionEvent.kt — no change
2026-08-29 02:45:21 | PASS 55 · AlertPolicy.kt — coding-lane hardening…
GLM_OK: rewrote app/src/main/java/ai/genwhy/nobonk/ml/AlertPolicy.kt (10552 chars)
2026-08-29 02:47:37 | PASS 55 · AlertPolicy.kt — generated; running tests…
2026-08-29 02:47:38 | PASS 55 · AlertPolicy.kt — no change
2026-08-29 02:47:48 | PASS 55 · AnalyticsEngine.kt — coding-lane hardening…
GLM_OK: rewrote app/src/main/java/ai/genwhy/nobonk/analytics/AnalyticsEngine.kt (10977 chars)
2026-08-29 02:49:36 | PASS 55 · AnalyticsEngine.kt — generated; running tests…
2026-08-29 02:49:37 | PASS 55 · AnalyticsEngine.kt — no change
2026-08-29 02:49:47 | PASS 56 · Nms.kt — coding-lane hardening…
GLM_OK: rewrote app/src/main/java/ai/genwhy/nobonk/ml/Nms.kt (4801 chars)
2026-08-29 02:53:22 | PASS 56 · Nms.kt — generated; running tests…
2026-08-29 02:53:23 | PASS 56 · Nms.kt — no change
2026-08-29 02:53:33 | PASS 56 · LowLight.kt — coding-lane hardening…
GLM_OK: rewrote app/src/main/java/ai/genwhy/nobonk/ml/LowLight.kt (5222 chars)
2026-08-29 02:56:36 | PASS 56 · LowLight.kt — generated; running tests…
2026-08-29 02:56:37 | PASS 56 · LowLight.kt — no change
2026-08-29 02:56:47 | PASS 56 · Letterbox.kt — coding-lane hardening…
GLM_OK: rewrote app/src/main/java/ai/genwhy/nobonk/ml/Letterbox.kt (5540 chars)
2026-08-29 02:57:44 | PASS 56 · Letterbox.kt — generated; running tests…
2026-08-29 02:57:45 | PASS 56 · Letterbox.kt — no change
2026-08-29 02:57:55 | PASS 56 · Detection.kt — coding-lane hardening…
GLM_OK: rewrote app/src/main/java/ai/genwhy/nobonk/model/Detection.kt (5738 chars)
2026-08-29 02:58:54 | PASS 56 · Detection.kt — generated; running tests…
2026-08-29 02:58:55 | PASS 56 · Detection.kt — no change
2026-08-29 02:59:05 | PASS 56 · NormBox.kt — coding-lane hardening…
GLM_OK: rewrote app/src/main/java/ai/genwhy/nobonk/model/NormBox.kt (4718 chars)
2026-08-29 02:59:50 | PASS 56 · NormBox.kt — generated; running tests…
2026-08-29 02:59:51 | PASS 56 · NormBox.kt — no change
2026-08-29 03:00:01 | PASS 56 · SensorMonitor.kt — coding-lane hardening…
GLM_OK: rewrote app/src/main/java/ai/genwhy/nobonk/ml/SensorMonitor.kt (7768 chars)
2026-08-29 03:01:14 | PASS 56 · SensorMonitor.kt — generated; running tests…
2026-08-29 03:01:15 | PASS 56 · SensorMonitor.kt — no change
2026-08-29 03:01:25 | PASS 56 · DetectionEvent.kt — coding-lane hardening…
GLM_OK: rewrote app/src/main/java/ai/genwhy/nobonk/data/DetectionEvent.kt (7650 chars)
2026-08-29 03:02:36 | PASS 56 · DetectionEvent.kt — generated; running tests…
2026-08-29 03:02:37 | PASS 56 · DetectionEvent.kt — no change
2026-08-29 03:02:47 | PASS 56 · AlertPolicy.kt — coding-lane hardening…
GLM_OK: rewrote app/src/main/java/ai/genwhy/nobonk/ml/AlertPolicy.kt (10552 chars)
2026-08-29 03:05:00 | PASS 56 · AlertPolicy.kt — generated; running tests…
2026-08-29 03:05:01 | PASS 56 · AlertPolicy.kt — no change
2026-08-29 03:05:11 | PASS 56 · AnalyticsEngine.kt — coding-lane hardening…
GLM_OK: rewrote app/src/main/java/ai/genwhy/nobonk/analytics/AnalyticsEngine.kt (10977 chars)
2026-08-29 03:07:11 | PASS 56 · AnalyticsEngine.kt — generated; running tests…
2026-08-29 03:07:12 | PASS 56 · AnalyticsEngine.kt — no change
2026-08-29 03:07:22 | PASS 57 · Nms.kt — coding-lane hardening…
GLM_OK: rewrote app/src/main/java/ai/genwhy/nobonk/ml/Nms.kt (4801 chars)
2026-08-29 03:08:08 | PASS 57 · Nms.kt — generated; running tests…
2026-08-29 03:08:08 | PASS 57 · Nms.kt — no change
2026-08-29 03:08:18 | PASS 57 · LowLight.kt — coding-lane hardening…
GLM_OK: rewrote app/src/main/java/ai/genwhy/nobonk/ml/LowLight.kt (5222 chars)
2026-08-29 03:09:08 | PASS 57 · LowLight.kt — generated; running tests…
2026-08-29 03:09:09 | PASS 57 · LowLight.kt — no change
2026-08-29 03:09:19 | PASS 57 · Letterbox.kt — coding-lane hardening…
GLM_OK: rewrote app/src/main/java/ai/genwhy/nobonk/ml/Letterbox.kt (5540 chars)
2026-08-29 03:10:19 | PASS 57 · Letterbox.kt — generated; running tests…
2026-08-29 03:10:20 | PASS 57 · Letterbox.kt — no change
2026-08-29 03:10:30 | PASS 57 · Detection.kt — coding-lane hardening…
GLM_OK: rewrote app/src/main/java/ai/genwhy/nobonk/model/Detection.kt (5738 chars)
2026-08-29 03:11:22 | PASS 57 · Detection.kt — generated; running tests…
2026-08-29 03:11:23 | PASS 57 · Detection.kt — no change
2026-08-29 03:11:33 | PASS 57 · NormBox.kt — coding-lane hardening…
GLM_OK: rewrote app/src/main/java/ai/genwhy/nobonk/model/NormBox.kt (4718 chars)
2026-08-29 03:12:19 | PASS 57 · NormBox.kt — generated; running tests…
2026-08-29 03:12:19 | PASS 57 · NormBox.kt — no change
2026-08-29 03:12:29 | PASS 57 · SensorMonitor.kt — coding-lane hardening…
GLM_OK: rewrote app/src/main/java/ai/genwhy/nobonk/ml/SensorMonitor.kt (7768 chars)
2026-08-29 03:13:37 | PASS 57 · SensorMonitor.kt — generated; running tests…
2026-08-29 03:13:38 | PASS 57 · SensorMonitor.kt — no change
2026-08-29 03:13:48 | PASS 57 · DetectionEvent.kt — coding-lane hardening…
GLM_OK: rewrote app/src/main/java/ai/genwhy/nobonk/data/DetectionEvent.kt (7650 chars)
2026-08-29 03:14:55 | PASS 57 · DetectionEvent.kt — generated; running tests…
2026-08-29 03:14:55 | PASS 57 · DetectionEvent.kt — no change
2026-08-29 03:15:05 | PASS 57 · AlertPolicy.kt — coding-lane hardening…
GLM_OK: rewrote app/src/main/java/ai/genwhy/nobonk/ml/AlertPolicy.kt (10552 chars)
2026-08-29 03:17:21 | PASS 57 · AlertPolicy.kt — generated; running tests…
2026-08-29 03:17:22 | PASS 57 · AlertPolicy.kt — no change
2026-08-29 03:17:32 | PASS 57 · AnalyticsEngine.kt — coding-lane hardening…
GLM_OK: rewrote app/src/main/java/ai/genwhy/nobonk/analytics/AnalyticsEngine.kt (10977 chars)
2026-08-29 03:19:33 | PASS 57 · AnalyticsEngine.kt — generated; running tests…
2026-08-29 03:19:34 | PASS 57 · AnalyticsEngine.kt — no change
2026-08-29 03:19:44 | PASS 58 · Nms.kt — coding-lane hardening…
GLM_OK: rewrote app/src/main/java/ai/genwhy/nobonk/ml/Nms.kt (4801 chars)
2026-08-29 03:20:30 | PASS 58 · Nms.kt — generated; running tests…
2026-08-29 03:20:31 | PASS 58 · Nms.kt — no change
2026-08-29 03:20:41 | PASS 58 · LowLight.kt — coding-lane hardening…
GLM_OK: rewrote app/src/main/java/ai/genwhy/nobonk/ml/LowLight.kt (5222 chars)
2026-08-29 03:21:26 | PASS 58 · LowLight.kt — generated; running tests…
2026-08-29 03:21:27 | PASS 58 · LowLight.kt — no change
2026-08-29 03:21:37 | PASS 58 · Letterbox.kt — coding-lane hardening…
GLM_OK: rewrote app/src/main/java/ai/genwhy/nobonk/ml/Letterbox.kt (5540 chars)
2026-08-29 03:22:27 | PASS 58 · Letterbox.kt — generated; running tests…
2026-08-29 03:22:28 | PASS 58 · Letterbox.kt — no change
2026-08-29 03:22:38 | PASS 58 · Detection.kt — coding-lane hardening…
GLM_OK: rewrote app/src/main/java/ai/genwhy/nobonk/model/Detection.kt (5738 chars)
2026-08-29 03:23:33 | PASS 58 · Detection.kt — generated; running tests…
2026-08-29 03:23:34 | PASS 58 · Detection.kt — no change
2026-08-29 03:23:44 | PASS 58 · NormBox.kt — coding-lane hardening…
GLM_OK: rewrote app/src/main/java/ai/genwhy/nobonk/model/NormBox.kt (4718 chars)
2026-08-29 03:26:25 | PASS 58 · NormBox.kt — generated; running tests…
2026-08-29 03:26:26 | PASS 58 · NormBox.kt — no change
2026-08-29 03:26:36 | PASS 58 · SensorMonitor.kt — coding-lane hardening…
GLM_OK: rewrote app/src/main/java/ai/genwhy/nobonk/ml/SensorMonitor.kt (7768 chars)
2026-08-29 03:27:42 | PASS 58 · SensorMonitor.kt — generated; running tests…
2026-08-29 03:27:43 | PASS 58 · SensorMonitor.kt — no change
2026-08-29 03:27:53 | PASS 58 · DetectionEvent.kt — coding-lane hardening…
GLM_OK: rewrote app/src/main/java/ai/genwhy/nobonk/data/DetectionEvent.kt (7650 chars)
2026-08-29 03:29:03 | PASS 58 · DetectionEvent.kt — generated; running tests…
2026-08-29 03:29:04 | PASS 58 · DetectionEvent.kt — TESTS GREEN, committed
2026-08-29 03:29:06 |   pushed to origin
2026-08-29 03:29:16 | PASS 58 · AlertPolicy.kt — coding-lane hardening…
GLM_OK: rewrote app/src/main/java/ai/genwhy/nobonk/ml/AlertPolicy.kt (10552 chars)
2026-08-29 03:31:00 | PASS 58 · AlertPolicy.kt — generated; running tests…
2026-08-29 03:31:01 | PASS 58 · AlertPolicy.kt — no change
2026-08-29 03:31:11 | PASS 58 · AnalyticsEngine.kt — coding-lane hardening…
GLM_OK: rewrote app/src/main/java/ai/genwhy/nobonk/analytics/AnalyticsEngine.kt (10977 chars)
2026-08-29 03:33:12 | PASS 58 · AnalyticsEngine.kt — generated; running tests…
2026-08-29 03:33:13 | PASS 58 · AnalyticsEngine.kt — no change
2026-08-29 03:33:23 | PASS 59 · Nms.kt — coding-lane hardening…
GLM_OK: rewrote app/src/main/java/ai/genwhy/nobonk/ml/Nms.kt (4801 chars)
2026-08-29 03:34:08 | PASS 59 · Nms.kt — generated; running tests…
2026-08-29 03:34:08 | PASS 59 · Nms.kt — no change
2026-08-29 03:34:18 | PASS 59 · LowLight.kt — coding-lane hardening…
GLM_OK: rewrote app/src/main/java/ai/genwhy/nobonk/ml/LowLight.kt (5222 chars)
2026-08-29 03:35:04 | PASS 59 · LowLight.kt — generated; running tests…
2026-08-29 03:35:05 | PASS 59 · LowLight.kt — no change
2026-08-29 03:35:15 | PASS 59 · Letterbox.kt — coding-lane hardening…
GLM_OK: rewrote app/src/main/java/ai/genwhy/nobonk/ml/Letterbox.kt (5540 chars)
2026-08-29 03:36:12 | PASS 59 · Letterbox.kt — generated; running tests…
2026-08-29 03:36:13 | PASS 59 · Letterbox.kt — no change
2026-08-29 03:36:23 | PASS 59 · Detection.kt — coding-lane hardening…
GLM_OK: rewrote app/src/main/java/ai/genwhy/nobonk/model/Detection.kt (5738 chars)
2026-08-29 03:37:23 | PASS 59 · Detection.kt — generated; running tests…
2026-08-29 03:37:24 | PASS 59 · Detection.kt — no change
2026-08-29 03:37:34 | PASS 59 · NormBox.kt — coding-lane hardening…
GLM_OK: rewrote app/src/main/java/ai/genwhy/nobonk/model/NormBox.kt (4718 chars)
2026-08-29 03:38:26 | PASS 59 · NormBox.kt — generated; running tests…
2026-08-29 03:38:26 | PASS 59 · NormBox.kt — no change
2026-08-29 03:38:36 | PASS 59 · SensorMonitor.kt — coding-lane hardening…
GLM_OK: rewrote app/src/main/java/ai/genwhy/nobonk/ml/SensorMonitor.kt (7768 chars)
2026-08-29 03:39:31 | PASS 59 · SensorMonitor.kt — generated; running tests…
2026-08-29 03:39:31 | PASS 59 · SensorMonitor.kt — no change
2026-08-29 03:39:41 | PASS 59 · DetectionEvent.kt — coding-lane hardening…
GLM_OK: rewrote app/src/main/java/ai/genwhy/nobonk/data/DetectionEvent.kt (7650 chars)
2026-08-29 03:40:46 | PASS 59 · DetectionEvent.kt — generated; running tests…
2026-08-29 03:40:47 | PASS 59 · DetectionEvent.kt — no change
2026-08-29 03:40:57 | PASS 59 · AlertPolicy.kt — coding-lane hardening…
GLM_OK: rewrote app/src/main/java/ai/genwhy/nobonk/ml/AlertPolicy.kt (10552 chars)
2026-08-29 03:43:13 | PASS 59 · AlertPolicy.kt — generated; running tests…
2026-08-29 03:43:14 | PASS 59 · AlertPolicy.kt — no change
2026-08-29 03:43:24 | PASS 59 · AnalyticsEngine.kt — coding-lane hardening…
GLM_OK: rewrote app/src/main/java/ai/genwhy/nobonk/analytics/AnalyticsEngine.kt (10977 chars)
2026-08-29 03:45:35 | PASS 59 · AnalyticsEngine.kt — generated; running tests…
2026-08-29 03:45:36 | PASS 59 · AnalyticsEngine.kt — no change
2026-08-29 03:45:46 | PASS 60 · Nms.kt — coding-lane hardening…
GLM_OK: rewrote app/src/main/java/ai/genwhy/nobonk/ml/Nms.kt (4801 chars)
2026-08-29 03:50:10 | PASS 60 · Nms.kt — generated; running tests…
2026-08-29 03:50:11 | PASS 60 · Nms.kt — no change
2026-08-29 03:50:21 | PASS 60 · LowLight.kt — coding-lane hardening…
GLM_OK: rewrote app/src/main/java/ai/genwhy/nobonk/ml/LowLight.kt (5222 chars)
2026-08-29 03:51:25 | PASS 60 · LowLight.kt — generated; running tests…
2026-08-29 03:51:26 | PASS 60 · LowLight.kt — no change
2026-08-29 03:51:36 | PASS 60 · Letterbox.kt — coding-lane hardening…
GLM_OK: rewrote app/src/main/java/ai/genwhy/nobonk/ml/Letterbox.kt (5540 chars)
2026-08-29 03:52:32 | PASS 60 · Letterbox.kt — generated; running tests…
2026-08-29 03:52:33 | PASS 60 · Letterbox.kt — no change
2026-08-29 03:52:43 | PASS 60 · Detection.kt — coding-lane hardening…
GLM_OK: rewrote app/src/main/java/ai/genwhy/nobonk/model/Detection.kt (5738 chars)
2026-08-29 03:53:45 | PASS 60 · Detection.kt — generated; running tests…
2026-08-29 03:53:46 | PASS 60 · Detection.kt — no change
2026-08-29 03:53:56 | PASS 60 · NormBox.kt — coding-lane hardening…
GLM_OK: rewrote app/src/main/java/ai/genwhy/nobonk/model/NormBox.kt (4718 chars)
2026-08-29 03:54:43 | PASS 60 · NormBox.kt — generated; running tests…
2026-08-29 03:54:44 | PASS 60 · NormBox.kt — no change
2026-08-29 03:54:54 | PASS 60 · SensorMonitor.kt — coding-lane hardening…
GLM_OK: rewrote app/src/main/java/ai/genwhy/nobonk/ml/SensorMonitor.kt (8067 chars)
2026-08-29 03:56:11 | PASS 60 · SensorMonitor.kt — generated; running tests…
2026-08-29 03:56:13 | PASS 60 · SensorMonitor.kt — TESTS GREEN, committed
2026-08-29 03:56:15 |   pushed to origin
2026-08-29 03:56:25 | PASS 60 · DetectionEvent.kt — coding-lane hardening…
GLM_OK: rewrote app/src/main/java/ai/genwhy/nobonk/data/DetectionEvent.kt (7650 chars)
2026-08-29 03:57:44 | PASS 60 · DetectionEvent.kt — generated; running tests…
2026-08-29 03:57:44 | PASS 60 · DetectionEvent.kt — no change
2026-08-29 03:57:54 | PASS 60 · AlertPolicy.kt — coding-lane hardening…
GLM_OK: rewrote app/src/main/java/ai/genwhy/nobonk/ml/AlertPolicy.kt (10552 chars)
2026-08-29 04:00:12 | PASS 60 · AlertPolicy.kt — generated; running tests…
2026-08-29 04:00:12 | PASS 60 · AlertPolicy.kt — no change
2026-08-29 04:00:22 | PASS 60 · AnalyticsEngine.kt — coding-lane hardening…
GLM_OK: rewrote app/src/main/java/ai/genwhy/nobonk/analytics/AnalyticsEngine.kt (10977 chars)
2026-08-29 04:02:35 | PASS 60 · AnalyticsEngine.kt — generated; running tests…
2026-08-29 04:02:36 | PASS 60 · AnalyticsEngine.kt — no change
2026-08-29 04:02:46 | PASS 61 · Nms.kt — coding-lane hardening…
GLM_OK: rewrote app/src/main/java/ai/genwhy/nobonk/ml/Nms.kt (4801 chars)
2026-08-29 04:03:40 | PASS 61 · Nms.kt — generated; running tests…
2026-08-29 04:03:41 | PASS 61 · Nms.kt — no change
2026-08-29 04:03:51 | PASS 61 · LowLight.kt — coding-lane hardening…
GLM_OK: rewrote app/src/main/java/ai/genwhy/nobonk/ml/LowLight.kt (5222 chars)
2026-08-29 04:04:54 | PASS 61 · LowLight.kt — generated; running tests…
2026-08-29 04:04:55 | PASS 61 · LowLight.kt — no change
2026-08-29 04:05:05 | PASS 61 · Letterbox.kt — coding-lane hardening…
GLM_OK: rewrote app/src/main/java/ai/genwhy/nobonk/ml/Letterbox.kt (5540 chars)
2026-08-29 04:06:25 | PASS 61 · Letterbox.kt — generated; running tests…
2026-08-29 04:06:26 | PASS 61 · Letterbox.kt — no change
2026-08-29 04:06:36 | PASS 61 · Detection.kt — coding-lane hardening…
GLM_OK: rewrote app/src/main/java/ai/genwhy/nobonk/model/Detection.kt (5738 chars)
2026-08-29 04:07:53 | PASS 61 · Detection.kt — generated; running tests…
2026-08-29 04:07:54 | PASS 61 · Detection.kt — no change
2026-08-29 04:08:04 | PASS 61 · NormBox.kt — coding-lane hardening…
GLM_OK: rewrote app/src/main/java/ai/genwhy/nobonk/model/NormBox.kt (4718 chars)
2026-08-29 04:09:13 | PASS 61 · NormBox.kt — generated; running tests…
2026-08-29 04:09:14 | PASS 61 · NormBox.kt — no change
2026-08-29 04:09:24 | PASS 61 · SensorMonitor.kt — coding-lane hardening…
GLM_OK: rewrote app/src/main/java/ai/genwhy/nobonk/ml/SensorMonitor.kt (8132 chars)
2026-08-29 04:11:15 | PASS 61 · SensorMonitor.kt — generated; running tests…
2026-08-29 04:11:17 | PASS 61 · SensorMonitor.kt — TESTS GREEN, committed
2026-08-29 04:11:18 |   pushed to origin
2026-08-29 04:11:28 | PASS 61 · DetectionEvent.kt — coding-lane hardening…
GLM_OK: rewrote app/src/main/java/ai/genwhy/nobonk/data/DetectionEvent.kt (7650 chars)
2026-08-29 04:12:58 | PASS 61 · DetectionEvent.kt — generated; running tests…
2026-08-29 04:12:58 | PASS 61 · DetectionEvent.kt — no change
2026-08-29 04:13:09 | PASS 61 · AlertPolicy.kt — coding-lane hardening…
GLM_OK: rewrote app/src/main/java/ai/genwhy/nobonk/ml/AlertPolicy.kt (10552 chars)
2026-08-29 04:16:08 | PASS 61 · AlertPolicy.kt — generated; running tests…
2026-08-29 04:16:09 | PASS 61 · AlertPolicy.kt — no change
2026-08-29 04:16:19 | PASS 61 · AnalyticsEngine.kt — coding-lane hardening…
GLM_OK: rewrote app/src/main/java/ai/genwhy/nobonk/analytics/AnalyticsEngine.kt (10977 chars)
2026-08-29 04:19:04 | PASS 61 · AnalyticsEngine.kt — generated; running tests…
2026-08-29 04:19:05 | PASS 61 · AnalyticsEngine.kt — no change
2026-08-29 04:19:15 | PASS 62 · Nms.kt — coding-lane hardening…
GLM_OK: rewrote app/src/main/java/ai/genwhy/nobonk/ml/Nms.kt (4801 chars)
2026-08-29 04:20:12 | PASS 62 · Nms.kt — generated; running tests…
2026-08-29 04:20:13 | PASS 62 · Nms.kt — no change
2026-08-29 04:20:23 | PASS 62 · LowLight.kt — coding-lane hardening…
GLM_OK: rewrote app/src/main/java/ai/genwhy/nobonk/ml/LowLight.kt (5222 chars)
2026-08-29 04:21:21 | PASS 62 · LowLight.kt — generated; running tests…
2026-08-29 04:21:22 | PASS 62 · LowLight.kt — no change
2026-08-29 04:21:32 | PASS 62 · Letterbox.kt — coding-lane hardening…
GLM_OK: rewrote app/src/main/java/ai/genwhy/nobonk/ml/Letterbox.kt (5540 chars)
2026-08-29 04:22:57 | PASS 62 · Letterbox.kt — generated; running tests…
2026-08-29 04:22:58 | PASS 62 · Letterbox.kt — no change
2026-08-29 04:23:08 | PASS 62 · Detection.kt — coding-lane hardening…
GLM_OK: rewrote app/src/main/java/ai/genwhy/nobonk/model/Detection.kt (5903 chars)
2026-08-29 04:24:35 | PASS 62 · Detection.kt — generated; running tests…
2026-08-29 04:24:37 | PASS 62 · Detection.kt — TESTS GREEN, committed
2026-08-29 04:24:38 |   pushed to origin
2026-08-29 04:24:48 | PASS 62 · NormBox.kt — coding-lane hardening…
GLM_OK: rewrote app/src/main/java/ai/genwhy/nobonk/model/NormBox.kt (4718 chars)
2026-08-29 04:25:52 | PASS 62 · NormBox.kt — generated; running tests…
2026-08-29 04:25:53 | PASS 62 · NormBox.kt — no change
2026-08-29 04:26:03 | PASS 62 · SensorMonitor.kt — coding-lane hardening…
GLM_OK: rewrote app/src/main/java/ai/genwhy/nobonk/ml/SensorMonitor.kt (8132 chars)
2026-08-29 04:27:36 | PASS 62 · SensorMonitor.kt — generated; running tests…
2026-08-29 04:27:37 | PASS 62 · SensorMonitor.kt — no change
2026-08-29 04:27:47 | PASS 62 · DetectionEvent.kt — coding-lane hardening…
GLM_OK: rewrote app/src/main/java/ai/genwhy/nobonk/data/DetectionEvent.kt (7650 chars)
2026-08-29 04:29:13 | PASS 62 · DetectionEvent.kt — generated; running tests…
2026-08-29 04:29:13 | PASS 62 · DetectionEvent.kt — no change
2026-08-29 04:29:23 | PASS 62 · AlertPolicy.kt — coding-lane hardening…
GLM_OK: rewrote app/src/main/java/ai/genwhy/nobonk/ml/AlertPolicy.kt (10638 chars)
2026-08-29 04:32:01 | PASS 62 · AlertPolicy.kt — generated; running tests…
2026-08-29 04:32:03 | PASS 62 · AlertPolicy.kt — TESTS GREEN, committed
2026-08-29 04:32:04 |   pushed to origin
2026-08-29 04:32:14 | PASS 62 · AnalyticsEngine.kt — coding-lane hardening…
GLM_OK: rewrote app/src/main/java/ai/genwhy/nobonk/analytics/AnalyticsEngine.kt (10977 chars)
2026-08-29 04:34:55 | PASS 62 · AnalyticsEngine.kt — generated; running tests…
2026-08-29 04:34:56 | PASS 62 · AnalyticsEngine.kt — no change
2026-08-29 04:35:06 | PASS 63 · Nms.kt — coding-lane hardening…
GLM_OK: rewrote app/src/main/java/ai/genwhy/nobonk/ml/Nms.kt (4801 chars)
2026-08-29 04:36:15 | PASS 63 · Nms.kt — generated; running tests…
2026-08-29 04:36:16 | PASS 63 · Nms.kt — no change
2026-08-29 04:36:26 | PASS 63 · LowLight.kt — coding-lane hardening…
GLM_OK: rewrote app/src/main/java/ai/genwhy/nobonk/ml/LowLight.kt (5222 chars)
2026-08-29 04:44:35 | PASS 63 · LowLight.kt — generated; running tests…
2026-08-29 04:44:36 | PASS 63 · LowLight.kt — no change
2026-08-29 04:44:46 | PASS 63 · Letterbox.kt — coding-lane hardening…
GLM_OK: rewrote app/src/main/java/ai/genwhy/nobonk/ml/Letterbox.kt (5540 chars)
2026-08-29 04:46:33 | PASS 63 · Letterbox.kt — generated; running tests…
2026-08-29 04:46:34 | PASS 63 · Letterbox.kt — no change
2026-08-29 04:46:44 | PASS 63 · Detection.kt — coding-lane hardening…
GLM_OK: rewrote app/src/main/java/ai/genwhy/nobonk/model/Detection.kt (5903 chars)
2026-08-29 04:48:39 | PASS 63 · Detection.kt — generated; running tests…
2026-08-29 04:48:40 | PASS 63 · Detection.kt — no change
2026-08-29 04:48:50 | PASS 63 · NormBox.kt — coding-lane hardening…
GLM_OK: rewrote app/src/main/java/ai/genwhy/nobonk/model/NormBox.kt (4718 chars)
2026-08-29 04:49:53 | PASS 63 · NormBox.kt — generated; running tests…
2026-08-29 04:49:53 | PASS 63 · NormBox.kt — no change
2026-08-29 04:50:03 | PASS 63 · SensorMonitor.kt — coding-lane hardening…
GLM_OK: rewrote app/src/main/java/ai/genwhy/nobonk/ml/SensorMonitor.kt (8132 chars)
2026-08-29 04:51:32 | PASS 63 · SensorMonitor.kt — generated; running tests…
2026-08-29 04:51:33 | PASS 63 · SensorMonitor.kt — no change
2026-08-29 04:51:43 | PASS 63 · DetectionEvent.kt — coding-lane hardening…
GLM_OK: rewrote app/src/main/java/ai/genwhy/nobonk/data/DetectionEvent.kt (7650 chars)
2026-08-29 04:52:47 | PASS 63 · DetectionEvent.kt — generated; running tests…
2026-08-29 04:52:48 | PASS 63 · DetectionEvent.kt — no change
2026-08-29 04:52:58 | PASS 63 · AlertPolicy.kt — coding-lane hardening…
GLM_OK: rewrote app/src/main/java/ai/genwhy/nobonk/ml/AlertPolicy.kt (10638 chars)
2026-08-29 04:55:00 | PASS 63 · AlertPolicy.kt — generated; running tests…
2026-08-29 04:55:01 | PASS 63 · AlertPolicy.kt — no change
2026-08-29 04:55:11 | PASS 63 · AnalyticsEngine.kt — coding-lane hardening…
GLM_OK: rewrote app/src/main/java/ai/genwhy/nobonk/analytics/AnalyticsEngine.kt (10977 chars)
2026-08-29 04:57:12 | PASS 63 · AnalyticsEngine.kt — generated; running tests…
2026-08-29 04:57:13 | PASS 63 · AnalyticsEngine.kt — no change
2026-08-29 04:57:23 | PASS 64 · Nms.kt — coding-lane hardening…
GLM_OK: rewrote app/src/main/java/ai/genwhy/nobonk/ml/Nms.kt (4801 chars)
2026-08-29 04:58:06 | PASS 64 · Nms.kt — generated; running tests…
2026-08-29 04:58:06 | PASS 64 · Nms.kt — no change
2026-08-29 04:58:16 | PASS 64 · LowLight.kt — coding-lane hardening…
GLM_OK: rewrote app/src/main/java/ai/genwhy/nobonk/ml/LowLight.kt (5222 chars)
2026-08-29 04:59:06 | PASS 64 · LowLight.kt — generated; running tests…
2026-08-29 04:59:07 | PASS 64 · LowLight.kt — no change
2026-08-29 04:59:17 | PASS 64 · Letterbox.kt — coding-lane hardening…
GLM_OK: rewrote app/src/main/java/ai/genwhy/nobonk/ml/Letterbox.kt (5540 chars)
2026-08-29 05:00:21 | PASS 64 · Letterbox.kt — generated; running tests…
2026-08-29 05:00:22 | PASS 64 · Letterbox.kt — no change
2026-08-29 05:00:32 | PASS 64 · Detection.kt — coding-lane hardening…
GLM_OK: rewrote app/src/main/java/ai/genwhy/nobonk/model/Detection.kt (5903 chars)
2026-08-29 05:06:42 | PASS 64 · Detection.kt — generated; running tests…
2026-08-29 05:06:42 | PASS 64 · Detection.kt — no change
2026-08-29 05:06:52 | PASS 64 · NormBox.kt — coding-lane hardening…
GLM_OK: rewrote app/src/main/java/ai/genwhy/nobonk/model/NormBox.kt (4718 chars)
2026-08-29 05:08:44 | PASS 64 · NormBox.kt — generated; running tests…
2026-08-29 05:08:45 | PASS 64 · NormBox.kt — no change
2026-08-29 05:08:55 | PASS 64 · SensorMonitor.kt — coding-lane hardening…
GLM_OK: rewrote app/src/main/java/ai/genwhy/nobonk/ml/SensorMonitor.kt (8297 chars)
2026-08-29 05:14:24 | PASS 64 · SensorMonitor.kt — generated; running tests…
2026-08-29 05:14:25 | PASS 64 · SensorMonitor.kt — TESTS GREEN, committed
2026-08-29 05:14:27 |   pushed to origin
2026-08-29 05:14:37 | PASS 64 · DetectionEvent.kt — coding-lane hardening…
GLM_OK: rewrote app/src/main/java/ai/genwhy/nobonk/data/DetectionEvent.kt (7650 chars)
2026-08-29 05:17:42 | PASS 64 · DetectionEvent.kt — generated; running tests…
2026-08-29 05:17:43 | PASS 64 · DetectionEvent.kt — no change
2026-08-29 05:17:53 | PASS 64 · AlertPolicy.kt — coding-lane hardening…
GLM_OK: rewrote app/src/main/java/ai/genwhy/nobonk/ml/AlertPolicy.kt (10638 chars)
2026-08-29 05:22:56 | PASS 64 · AlertPolicy.kt — generated; running tests…
2026-08-29 05:22:57 | PASS 64 · AlertPolicy.kt — no change
2026-08-29 05:23:07 | PASS 64 · AnalyticsEngine.kt — coding-lane hardening…
GLM_OK: rewrote app/src/main/java/ai/genwhy/nobonk/analytics/AnalyticsEngine.kt (10977 chars)
2026-08-29 05:27:14 | PASS 64 · AnalyticsEngine.kt — generated; running tests…
2026-08-29 05:27:15 | PASS 64 · AnalyticsEngine.kt — no change
2026-08-29 05:27:25 | PASS 65 · Nms.kt — coding-lane hardening…
GLM_OK: rewrote app/src/main/java/ai/genwhy/nobonk/ml/Nms.kt (4801 chars)
2026-08-29 05:29:51 | PASS 65 · Nms.kt — generated; running tests…
2026-08-29 05:29:52 | PASS 65 · Nms.kt — no change
2026-08-29 05:30:02 | PASS 65 · LowLight.kt — coding-lane hardening…
GLM_OK: rewrote app/src/main/java/ai/genwhy/nobonk/ml/LowLight.kt (5222 chars)
2026-08-29 05:33:24 | PASS 65 · LowLight.kt — generated; running tests…
2026-08-29 05:33:24 | PASS 65 · LowLight.kt — no change
2026-08-29 05:33:34 | PASS 65 · Letterbox.kt — coding-lane hardening…
GLM_OK: rewrote app/src/main/java/ai/genwhy/nobonk/ml/Letterbox.kt (5540 chars)
2026-08-29 05:34:57 | PASS 65 · Letterbox.kt — generated; running tests…
2026-08-29 05:34:57 | PASS 65 · Letterbox.kt — no change
2026-08-29 05:35:07 | PASS 65 · Detection.kt — coding-lane hardening…
GLM_OK: rewrote app/src/main/java/ai/genwhy/nobonk/model/Detection.kt (5903 chars)
2026-08-29 05:37:48 | PASS 65 · Detection.kt — generated; running tests…
2026-08-29 05:37:49 | PASS 65 · Detection.kt — no change
2026-08-29 05:37:59 | PASS 65 · NormBox.kt — coding-lane hardening…
GLM_OK: rewrote app/src/main/java/ai/genwhy/nobonk/model/NormBox.kt (4718 chars)
2026-08-29 05:42:13 | PASS 65 · NormBox.kt — generated; running tests…
2026-08-29 05:42:13 | PASS 65 · NormBox.kt — no change
2026-08-29 05:42:23 | PASS 65 · SensorMonitor.kt — coding-lane hardening…
GLM_OK: rewrote app/src/main/java/ai/genwhy/nobonk/ml/SensorMonitor.kt (8361 chars)
2026-08-29 05:44:13 | PASS 65 · SensorMonitor.kt — generated; running tests…
2026-08-29 05:44:15 | PASS 65 · SensorMonitor.kt — TESTS GREEN, committed
2026-08-29 05:44:16 |   pushed to origin
2026-08-29 05:44:26 | PASS 65 · DetectionEvent.kt — coding-lane hardening…
GLM_OK: rewrote app/src/main/java/ai/genwhy/nobonk/data/DetectionEvent.kt (7650 chars)
2026-08-29 05:49:44 | PASS 65 · DetectionEvent.kt — generated; running tests…
2026-08-29 05:49:45 | PASS 65 · DetectionEvent.kt — no change
2026-08-29 05:49:55 | PASS 65 · AlertPolicy.kt — coding-lane hardening…
GLM_OK: rewrote app/src/main/java/ai/genwhy/nobonk/ml/AlertPolicy.kt (10638 chars)
2026-08-29 05:53:10 | PASS 65 · AlertPolicy.kt — generated; running tests…
2026-08-29 05:53:11 | PASS 65 · AlertPolicy.kt — no change
2026-08-29 05:53:21 | PASS 65 · AnalyticsEngine.kt — coding-lane hardening…
GLM_OK: rewrote app/src/main/java/ai/genwhy/nobonk/analytics/AnalyticsEngine.kt (10977 chars)
2026-08-29 05:57:47 | PASS 65 · AnalyticsEngine.kt — generated; running tests…
2026-08-29 05:57:47 | PASS 65 · AnalyticsEngine.kt — no change
2026-08-29 05:57:57 | PASS 66 · Nms.kt — coding-lane hardening…
GLM_OK: rewrote app/src/main/java/ai/genwhy/nobonk/ml/Nms.kt (4801 chars)
2026-08-29 06:00:17 | PASS 66 · Nms.kt — generated; running tests…
2026-08-29 06:00:18 | PASS 66 · Nms.kt — no change
2026-08-29 06:00:28 | PASS 66 · LowLight.kt — coding-lane hardening…
GLM_OK: rewrote app/src/main/java/ai/genwhy/nobonk/ml/LowLight.kt (5222 chars)
2026-08-29 06:04:26 | PASS 66 · LowLight.kt — generated; running tests…
2026-08-29 06:04:27 | PASS 66 · LowLight.kt — no change
2026-08-29 06:04:37 | PASS 66 · Letterbox.kt — coding-lane hardening…
GLM_OK: rewrote app/src/main/java/ai/genwhy/nobonk/ml/Letterbox.kt (5540 chars)
2026-08-29 06:06:38 | PASS 66 · Letterbox.kt — generated; running tests…
2026-08-29 06:06:39 | PASS 66 · Letterbox.kt — no change
2026-08-29 06:06:49 | PASS 66 · Detection.kt — coding-lane hardening…
GLM_OK: rewrote app/src/main/java/ai/genwhy/nobonk/model/Detection.kt (5903 chars)
2026-08-29 06:09:40 | PASS 66 · Detection.kt — generated; running tests…
2026-08-29 06:09:40 | PASS 66 · Detection.kt — no change
2026-08-29 06:09:50 | PASS 66 · NormBox.kt — coding-lane hardening…
GLM_OK: rewrote app/src/main/java/ai/genwhy/nobonk/model/NormBox.kt (4718 chars)
2026-08-29 06:14:10 | PASS 66 · NormBox.kt — generated; running tests…
2026-08-29 06:14:11 | PASS 66 · NormBox.kt — no change
2026-08-29 06:14:21 | PASS 66 · SensorMonitor.kt — coding-lane hardening…
GLM_OK: rewrote app/src/main/java/ai/genwhy/nobonk/ml/SensorMonitor.kt (8361 chars)
2026-08-29 06:16:54 | PASS 66 · SensorMonitor.kt — generated; running tests…
2026-08-29 06:16:55 | PASS 66 · SensorMonitor.kt — no change
2026-08-29 06:17:05 | PASS 66 · DetectionEvent.kt — coding-lane hardening…
GLM_OK: rewrote app/src/main/java/ai/genwhy/nobonk/data/DetectionEvent.kt (7650 chars)
2026-08-29 06:23:15 | PASS 66 · DetectionEvent.kt — generated; running tests…
2026-08-29 06:23:16 | PASS 66 · DetectionEvent.kt — no change
2026-08-29 06:23:26 | PASS 66 · AlertPolicy.kt — coding-lane hardening…
GLM_OK: rewrote app/src/main/java/ai/genwhy/nobonk/ml/AlertPolicy.kt (10552 chars)
2026-08-29 06:27:05 | PASS 66 · AlertPolicy.kt — generated; running tests…
2026-08-29 06:27:07 | PASS 66 · AlertPolicy.kt — TESTS GREEN, committed
2026-08-29 06:27:08 |   pushed to origin
2026-08-29 06:27:18 | PASS 66 · AnalyticsEngine.kt — coding-lane hardening…
GLM_OK: rewrote app/src/main/java/ai/genwhy/nobonk/analytics/AnalyticsEngine.kt (10977 chars)
2026-08-29 06:34:03 | PASS 66 · AnalyticsEngine.kt — generated; running tests…
2026-08-29 06:34:04 | PASS 66 · AnalyticsEngine.kt — no change
2026-08-29 06:34:14 | PASS 67 · Nms.kt — coding-lane hardening…
GLM_OK: rewrote app/src/main/java/ai/genwhy/nobonk/ml/Nms.kt (4801 chars)
2026-08-29 06:36:31 | PASS 67 · Nms.kt — generated; running tests…
2026-08-29 06:36:32 | PASS 67 · Nms.kt — no change
2026-08-29 06:36:42 | PASS 67 · LowLight.kt — coding-lane hardening…
GLM_OK: rewrote app/src/main/java/ai/genwhy/nobonk/ml/LowLight.kt (5222 chars)
2026-08-29 06:43:15 | PASS 67 · LowLight.kt — generated; running tests…
2026-08-29 06:43:16 | PASS 67 · LowLight.kt — no change
2026-08-29 06:43:26 | PASS 67 · Letterbox.kt — coding-lane hardening…
GLM_OK: rewrote app/src/main/java/ai/genwhy/nobonk/ml/Letterbox.kt (5540 chars)
2026-08-29 06:46:09 | PASS 67 · Letterbox.kt — generated; running tests…
2026-08-29 06:46:10 | PASS 67 · Letterbox.kt — no change
2026-08-29 06:46:20 | PASS 67 · Detection.kt — coding-lane hardening…
GLM_OK: rewrote app/src/main/java/ai/genwhy/nobonk/model/Detection.kt (5903 chars)
2026-08-29 06:50:49 | PASS 67 · Detection.kt — generated; running tests…
2026-08-29 06:50:49 | PASS 67 · Detection.kt — no change
2026-08-29 06:50:59 | PASS 67 · NormBox.kt — coding-lane hardening…
GLM_OK: rewrote app/src/main/java/ai/genwhy/nobonk/model/NormBox.kt (4718 chars)
2026-08-29 06:54:58 | PASS 67 · NormBox.kt — generated; running tests…
2026-08-29 06:54:59 | PASS 67 · NormBox.kt — no change
2026-08-29 06:55:09 | PASS 67 · SensorMonitor.kt — coding-lane hardening…
GLM_OK: rewrote app/src/main/java/ai/genwhy/nobonk/ml/SensorMonitor.kt (8361 chars)
2026-08-29 07:00:24 | PASS 67 · SensorMonitor.kt — generated; running tests…
2026-08-29 07:00:25 | PASS 67 · SensorMonitor.kt — no change
2026-08-29 07:00:35 | PASS 67 · DetectionEvent.kt — coding-lane hardening…
GLM_OK: rewrote app/src/main/java/ai/genwhy/nobonk/data/DetectionEvent.kt (7650 chars)
2026-08-29 07:03:32 | PASS 67 · DetectionEvent.kt — generated; running tests…
2026-08-29 07:03:33 | PASS 67 · DetectionEvent.kt — no change
2026-08-29 07:03:43 | PASS 67 · AlertPolicy.kt — coding-lane hardening…
GLM_OK: rewrote app/src/main/java/ai/genwhy/nobonk/ml/AlertPolicy.kt (10552 chars)
2026-08-29 07:08:13 | PASS 67 · AlertPolicy.kt — generated; running tests…
2026-08-29 07:08:14 | PASS 67 · AlertPolicy.kt — no change
2026-08-29 07:08:24 | PASS 67 · AnalyticsEngine.kt — coding-lane hardening…
GLM_OK: rewrote app/src/main/java/ai/genwhy/nobonk/analytics/AnalyticsEngine.kt (10977 chars)
2026-08-29 07:15:00 | PASS 67 · AnalyticsEngine.kt — generated; running tests…
2026-08-29 07:15:01 | PASS 67 · AnalyticsEngine.kt — no change
2026-08-29 07:15:11 | PASS 68 · Nms.kt — coding-lane hardening…
GLM_OK: rewrote app/src/main/java/ai/genwhy/nobonk/ml/Nms.kt (4801 chars)
2026-08-29 07:17:28 | PASS 68 · Nms.kt — generated; running tests…
2026-08-29 07:17:28 | PASS 68 · Nms.kt — no change
2026-08-29 07:17:38 | PASS 68 · LowLight.kt — coding-lane hardening…
GLM_OK: rewrote app/src/main/java/ai/genwhy/nobonk/ml/LowLight.kt (5222 chars)
2026-08-29 07:24:08 | PASS 68 · LowLight.kt — generated; running tests…
2026-08-29 07:24:09 | PASS 68 · LowLight.kt — no change
2026-08-29 07:24:19 | PASS 68 · Letterbox.kt — coding-lane hardening…
GLM_OK: rewrote app/src/main/java/ai/genwhy/nobonk/ml/Letterbox.kt (5540 chars)
2026-08-29 07:27:21 | PASS 68 · Letterbox.kt — generated; running tests…
2026-08-29 07:27:22 | PASS 68 · Letterbox.kt — no change
2026-08-29 07:27:32 | PASS 68 · Detection.kt — coding-lane hardening…
GLM_OK: rewrote app/src/main/java/ai/genwhy/nobonk/model/Detection.kt (5903 chars)
2026-08-29 07:32:24 | PASS 68 · Detection.kt — generated; running tests…
2026-08-29 07:32:25 | PASS 68 · Detection.kt — no change
2026-08-29 07:32:35 | PASS 68 · NormBox.kt — coding-lane hardening…
GLM_OK: rewrote app/src/main/java/ai/genwhy/nobonk/model/NormBox.kt (4718 chars)
2026-08-29 07:36:44 | PASS 68 · NormBox.kt — generated; running tests…
2026-08-29 07:36:45 | PASS 68 · NormBox.kt — no change
2026-08-29 07:36:55 | PASS 68 · SensorMonitor.kt — coding-lane hardening…
GLM_OK: rewrote app/src/main/java/ai/genwhy/nobonk/ml/SensorMonitor.kt (8361 chars)
2026-08-29 07:40:17 | PASS 68 · SensorMonitor.kt — generated; running tests…
2026-08-29 07:40:18 | PASS 68 · SensorMonitor.kt — no change
2026-08-29 07:40:28 | PASS 68 · DetectionEvent.kt — coding-lane hardening…
GLM_OK: rewrote app/src/main/java/ai/genwhy/nobonk/data/DetectionEvent.kt (7650 chars)
2026-08-29 07:43:51 | PASS 68 · DetectionEvent.kt — generated; running tests…
2026-08-29 07:43:51 | PASS 68 · DetectionEvent.kt — no change
2026-08-29 07:44:01 | PASS 68 · AlertPolicy.kt — coding-lane hardening…
GLM_OK: rewrote app/src/main/java/ai/genwhy/nobonk/ml/AlertPolicy.kt (10639 chars)
2026-08-29 07:51:59 | PASS 68 · AlertPolicy.kt — generated; running tests…
2026-08-29 07:52:00 | PASS 68 · AlertPolicy.kt — TESTS GREEN, committed
2026-08-29 07:52:02 |   pushed to origin
2026-08-29 07:52:12 | PASS 68 · AnalyticsEngine.kt — coding-lane hardening…
GLM_OK: rewrote app/src/main/java/ai/genwhy/nobonk/analytics/AnalyticsEngine.kt (10977 chars)
2026-08-29 07:55:58 | PASS 68 · AnalyticsEngine.kt — generated; running tests…
2026-08-29 07:55:59 | PASS 68 · AnalyticsEngine.kt — no change
2026-08-29 07:56:09 | PASS 69 · Nms.kt — coding-lane hardening…
GLM_OK: rewrote app/src/main/java/ai/genwhy/nobonk/ml/Nms.kt (4801 chars)
2026-08-29 08:01:10 | PASS 69 · Nms.kt — generated; running tests…
2026-08-29 08:01:11 | PASS 69 · Nms.kt — no change
2026-08-29 08:01:21 | PASS 69 · LowLight.kt — coding-lane hardening…
GLM_OK: rewrote app/src/main/java/ai/genwhy/nobonk/ml/LowLight.kt (5222 chars)
2026-08-29 08:03:47 | PASS 69 · LowLight.kt — generated; running tests…
2026-08-29 08:03:48 | PASS 69 · LowLight.kt — no change
2026-08-29 08:03:58 | PASS 69 · Letterbox.kt — coding-lane hardening…
GLM_OK: rewrote app/src/main/java/ai/genwhy/nobonk/ml/Letterbox.kt (5540 chars)
2026-08-29 08:12:24 | PASS 69 · Letterbox.kt — generated; running tests…
2026-08-29 08:12:25 | PASS 69 · Letterbox.kt — no change
2026-08-29 08:12:35 | PASS 69 · Detection.kt — coding-lane hardening…
GLM_OK: rewrote app/src/main/java/ai/genwhy/nobonk/model/Detection.kt (5903 chars)
2026-08-29 08:15:19 | PASS 69 · Detection.kt — generated; running tests…
2026-08-29 08:15:20 | PASS 69 · Detection.kt — no change
2026-08-29 08:15:30 | PASS 69 · NormBox.kt — coding-lane hardening…
GLM_OK: rewrote app/src/main/java/ai/genwhy/nobonk/model/NormBox.kt (4718 chars)
2026-08-29 08:23:49 | PASS 69 · NormBox.kt — generated; running tests…
2026-08-29 08:23:50 | PASS 69 · NormBox.kt — no change
2026-08-29 08:24:00 | PASS 69 · SensorMonitor.kt — coding-lane hardening…
GLM_OK: rewrote app/src/main/java/ai/genwhy/nobonk/ml/SensorMonitor.kt (8492 chars)
2026-08-29 08:29:17 | PASS 69 · SensorMonitor.kt — generated; running tests…
2026-08-29 08:29:18 | PASS 69 · SensorMonitor.kt — TESTS GREEN, committed
2026-08-29 08:29:20 |   pushed to origin
2026-08-29 08:29:30 | PASS 69 · DetectionEvent.kt — coding-lane hardening…
GLM_OK: rewrote app/src/main/java/ai/genwhy/nobonk/data/DetectionEvent.kt (7650 chars)
2026-08-29 08:33:18 | PASS 69 · DetectionEvent.kt — generated; running tests…
2026-08-29 08:33:19 | PASS 69 · DetectionEvent.kt — no change
2026-08-29 08:33:29 | PASS 69 · AlertPolicy.kt — coding-lane hardening…
GLM_OK: rewrote app/src/main/java/ai/genwhy/nobonk/ml/AlertPolicy.kt (10639 chars)
2026-08-29 08:39:18 | PASS 69 · AlertPolicy.kt — generated; running tests…
2026-08-29 08:39:19 | PASS 69 · AlertPolicy.kt — no change
2026-08-29 08:39:29 | PASS 69 · AnalyticsEngine.kt — coding-lane hardening…
GLM_OK: rewrote app/src/main/java/ai/genwhy/nobonk/analytics/AnalyticsEngine.kt (10977 chars)
2026-08-29 08:46:35 | PASS 69 · AnalyticsEngine.kt — generated; running tests…
2026-08-29 08:46:36 | PASS 69 · AnalyticsEngine.kt — no change
2026-08-29 08:46:46 | PASS 70 · Nms.kt — coding-lane hardening…
GLM_OK: rewrote app/src/main/java/ai/genwhy/nobonk/ml/Nms.kt (4801 chars)
2026-08-29 08:55:48 | PASS 70 · Nms.kt — generated; running tests…
2026-08-29 08:55:49 | PASS 70 · Nms.kt — no change
2026-08-29 08:55:59 | PASS 70 · LowLight.kt — coding-lane hardening…
GLM_OK: rewrote app/src/main/java/ai/genwhy/nobonk/ml/LowLight.kt (5222 chars)
2026-08-29 09:05:10 | PASS 70 · LowLight.kt — generated; running tests…
2026-08-29 09:05:10 | PASS 70 · LowLight.kt — no change
2026-08-29 09:05:20 | PASS 70 · Letterbox.kt — coding-lane hardening…
GLM_OK: rewrote app/src/main/java/ai/genwhy/nobonk/ml/Letterbox.kt (5540 chars)
2026-08-29 09:12:04 | PASS 70 · Letterbox.kt — generated; running tests…
2026-08-29 09:12:05 | PASS 70 · Letterbox.kt — no change
2026-08-29 09:12:15 | PASS 70 · Detection.kt — coding-lane hardening…
GLM_OK: rewrote app/src/main/java/ai/genwhy/nobonk/model/Detection.kt (5903 chars)
2026-08-29 09:19:30 | PASS 70 · Detection.kt — generated; running tests…
2026-08-29 09:19:31 | PASS 70 · Detection.kt — no change
2026-08-29 09:19:41 | PASS 70 · NormBox.kt — coding-lane hardening…
GLM_OK: rewrote app/src/main/java/ai/genwhy/nobonk/model/NormBox.kt (4718 chars)
2026-08-29 09:26:19 | PASS 70 · NormBox.kt — generated; running tests…
2026-08-29 09:26:20 | PASS 70 · NormBox.kt — no change
2026-08-29 09:26:30 | PASS 70 · SensorMonitor.kt — coding-lane hardening…
GLM_OK: rewrote app/src/main/java/ai/genwhy/nobonk/ml/SensorMonitor.kt (8618 chars)
2026-08-29 09:31:38 | PASS 70 · SensorMonitor.kt — generated; running tests…
2026-08-29 09:31:40 | PASS 70 · SensorMonitor.kt — TESTS GREEN, committed
2026-08-29 09:31:42 |   pushed to origin
2026-08-29 09:31:52 | PASS 70 · DetectionEvent.kt — coding-lane hardening…
GLM_OK: rewrote app/src/main/java/ai/genwhy/nobonk/data/DetectionEvent.kt (7650 chars)
2026-08-29 09:34:45 | PASS 70 · DetectionEvent.kt — generated; running tests…
2026-08-29 09:34:45 | PASS 70 · DetectionEvent.kt — no change
2026-08-29 09:34:55 | PASS 70 · AlertPolicy.kt — coding-lane hardening…
GLM_OK: rewrote app/src/main/java/ai/genwhy/nobonk/ml/AlertPolicy.kt (10639 chars)
2026-08-29 09:42:39 | PASS 70 · AlertPolicy.kt — generated; running tests…
2026-08-29 09:42:40 | PASS 70 · AlertPolicy.kt — no change
2026-08-29 09:42:50 | PASS 70 · AnalyticsEngine.kt — coding-lane hardening…
GLM_OK: rewrote app/src/main/java/ai/genwhy/nobonk/analytics/AnalyticsEngine.kt (10977 chars)
2026-08-29 09:47:02 | PASS 70 · AnalyticsEngine.kt — generated; running tests…
2026-08-29 09:47:02 | PASS 70 · AnalyticsEngine.kt — no change
2026-08-29 09:47:12 | PASS 71 · Nms.kt — coding-lane hardening…
GLM_OK: rewrote app/src/main/java/ai/genwhy/nobonk/ml/Nms.kt (4801 chars)
2026-08-29 09:49:56 | PASS 71 · Nms.kt — generated; running tests…
2026-08-29 09:49:56 | PASS 71 · Nms.kt — no change
2026-08-29 09:50:06 | PASS 71 · LowLight.kt — coding-lane hardening…
GLM_OK: rewrote app/src/main/java/ai/genwhy/nobonk/ml/LowLight.kt (5222 chars)
2026-08-29 09:51:13 | PASS 71 · LowLight.kt — generated; running tests…
2026-08-29 09:51:14 | PASS 71 · LowLight.kt — no change
2026-08-29 09:51:24 | PASS 71 · Letterbox.kt — coding-lane hardening…
GLM_OK: rewrote app/src/main/java/ai/genwhy/nobonk/ml/Letterbox.kt (5540 chars)
2026-08-29 09:52:22 | PASS 71 · Letterbox.kt — generated; running tests…
2026-08-29 09:52:23 | PASS 71 · Letterbox.kt — no change
2026-08-29 09:52:33 | PASS 71 · Detection.kt — coding-lane hardening…
GLM_OK: rewrote app/src/main/java/ai/genwhy/nobonk/model/Detection.kt (5903 chars)
2026-08-29 09:53:30 | PASS 71 · Detection.kt — generated; running tests…
2026-08-29 09:53:31 | PASS 71 · Detection.kt — no change
2026-08-29 09:53:41 | PASS 71 · NormBox.kt — coding-lane hardening…
GLM_OK: rewrote app/src/main/java/ai/genwhy/nobonk/model/NormBox.kt (4718 chars)
2026-08-29 09:54:29 | PASS 71 · NormBox.kt — generated; running tests…
2026-08-29 09:54:30 | PASS 71 · NormBox.kt — no change
2026-08-29 09:54:40 | PASS 71 · SensorMonitor.kt — coding-lane hardening…
GLM_OK: rewrote app/src/main/java/ai/genwhy/nobonk/ml/SensorMonitor.kt (8618 chars)
2026-08-29 09:55:58 | PASS 71 · SensorMonitor.kt — generated; running tests…
2026-08-29 09:55:59 | PASS 71 · SensorMonitor.kt — no change
2026-08-29 09:56:09 | PASS 71 · DetectionEvent.kt — coding-lane hardening…
GLM_OK: rewrote app/src/main/java/ai/genwhy/nobonk/data/DetectionEvent.kt (7650 chars)
2026-08-29 09:57:17 | PASS 71 · DetectionEvent.kt — generated; running tests…
2026-08-29 09:57:18 | PASS 71 · DetectionEvent.kt — no change
2026-08-29 09:57:28 | PASS 71 · AlertPolicy.kt — coding-lane hardening…
GLM_OK: rewrote app/src/main/java/ai/genwhy/nobonk/ml/AlertPolicy.kt (10639 chars)
2026-08-29 09:59:36 | PASS 71 · AlertPolicy.kt — generated; running tests…
2026-08-29 09:59:36 | PASS 71 · AlertPolicy.kt — no change
2026-08-29 09:59:46 | PASS 71 · AnalyticsEngine.kt — coding-lane hardening…
GLM_OK: rewrote app/src/main/java/ai/genwhy/nobonk/analytics/AnalyticsEngine.kt (10977 chars)
2026-08-29 10:01:58 | PASS 71 · AnalyticsEngine.kt — generated; running tests…
2026-08-29 10:01:59 | PASS 71 · AnalyticsEngine.kt — no change
2026-08-29 10:02:09 | PASS 72 · Nms.kt — coding-lane hardening…
GLM_OK: rewrote app/src/main/java/ai/genwhy/nobonk/ml/Nms.kt (4801 chars)
2026-08-29 10:02:55 | PASS 72 · Nms.kt — generated; running tests…
2026-08-29 10:02:56 | PASS 72 · Nms.kt — no change
2026-08-29 10:03:06 | PASS 72 · LowLight.kt — coding-lane hardening…
GLM_OK: rewrote app/src/main/java/ai/genwhy/nobonk/ml/LowLight.kt (5222 chars)
2026-08-29 10:03:50 | PASS 72 · LowLight.kt — generated; running tests…
2026-08-29 10:03:51 | PASS 72 · LowLight.kt — no change
2026-08-29 10:04:01 | PASS 72 · Letterbox.kt — coding-lane hardening…
GLM_OK: rewrote app/src/main/java/ai/genwhy/nobonk/ml/Letterbox.kt (5540 chars)
2026-08-29 10:04:56 | PASS 72 · Letterbox.kt — generated; running tests…
2026-08-29 10:04:57 | PASS 72 · Letterbox.kt — no change
2026-08-29 10:05:07 | PASS 72 · Detection.kt — coding-lane hardening…
GLM_OK: rewrote app/src/main/java/ai/genwhy/nobonk/model/Detection.kt (5903 chars)
2026-08-29 10:06:03 | PASS 72 · Detection.kt — generated; running tests…
2026-08-29 10:06:03 | PASS 72 · Detection.kt — no change
2026-08-29 10:06:13 | PASS 72 · NormBox.kt — coding-lane hardening…
GLM_OK: rewrote app/src/main/java/ai/genwhy/nobonk/model/NormBox.kt (4718 chars)
2026-08-29 10:07:00 | PASS 72 · NormBox.kt — generated; running tests…
2026-08-29 10:07:01 | PASS 72 · NormBox.kt — no change
2026-08-29 10:07:11 | PASS 72 · SensorMonitor.kt — coding-lane hardening…
GLM_OK: rewrote app/src/main/java/ai/genwhy/nobonk/ml/SensorMonitor.kt (8618 chars)
2026-08-29 10:08:25 | PASS 72 · SensorMonitor.kt — generated; running tests…
2026-08-29 10:08:26 | PASS 72 · SensorMonitor.kt — no change
2026-08-29 10:08:36 | PASS 72 · DetectionEvent.kt — coding-lane hardening…
GLM_OK: rewrote app/src/main/java/ai/genwhy/nobonk/data/DetectionEvent.kt (7650 chars)
2026-08-29 10:09:47 | PASS 72 · DetectionEvent.kt — generated; running tests…
2026-08-29 10:09:48 | PASS 72 · DetectionEvent.kt — no change
2026-08-29 10:09:58 | PASS 72 · AlertPolicy.kt — coding-lane hardening…
GLM_OK: rewrote app/src/main/java/ai/genwhy/nobonk/ml/AlertPolicy.kt (10639 chars)
2026-08-29 10:16:16 | PASS 72 · AlertPolicy.kt — generated; running tests…
2026-08-29 10:16:16 | PASS 72 · AlertPolicy.kt — no change
2026-08-29 10:16:26 | PASS 72 · AnalyticsEngine.kt — coding-lane hardening…
GLM_OK: rewrote app/src/main/java/ai/genwhy/nobonk/analytics/AnalyticsEngine.kt (10977 chars)
2026-08-29 10:19:25 | PASS 72 · AnalyticsEngine.kt — generated; running tests…
2026-08-29 10:19:26 | PASS 72 · AnalyticsEngine.kt — no change
2026-08-29 10:19:36 | PASS 73 · Nms.kt — coding-lane hardening…
GLM_OK: rewrote app/src/main/java/ai/genwhy/nobonk/ml/Nms.kt (4801 chars)
2026-08-29 10:20:19 | PASS 73 · Nms.kt — generated; running tests…
2026-08-29 10:20:20 | PASS 73 · Nms.kt — no change
2026-08-29 10:20:30 | PASS 73 · LowLight.kt — coding-lane hardening…
GLM_OK: rewrote app/src/main/java/ai/genwhy/nobonk/ml/LowLight.kt (5222 chars)
2026-08-29 10:21:19 | PASS 73 · LowLight.kt — generated; running tests…
2026-08-29 10:21:20 | PASS 73 · LowLight.kt — no change
2026-08-29 10:21:30 | PASS 73 · Letterbox.kt — coding-lane hardening…
GLM_OK: rewrote app/src/main/java/ai/genwhy/nobonk/ml/Letterbox.kt (5540 chars)
2026-08-29 10:22:28 | PASS 73 · Letterbox.kt — generated; running tests…
2026-08-29 10:22:29 | PASS 73 · Letterbox.kt — no change
2026-08-29 10:22:39 | PASS 73 · Detection.kt — coding-lane hardening…
GLM_OK: rewrote app/src/main/java/ai/genwhy/nobonk/model/Detection.kt (5903 chars)
2026-08-29 10:23:33 | PASS 73 · Detection.kt — generated; running tests…
2026-08-29 10:23:33 | PASS 73 · Detection.kt — no change
2026-08-29 10:23:43 | PASS 73 · NormBox.kt — coding-lane hardening…
GLM_OK: rewrote app/src/main/java/ai/genwhy/nobonk/model/NormBox.kt (4718 chars)
2026-08-29 10:24:36 | PASS 73 · NormBox.kt — generated; running tests…
2026-08-29 10:24:37 | PASS 73 · NormBox.kt — no change
2026-08-29 10:24:47 | PASS 73 · SensorMonitor.kt — coding-lane hardening…
GLM_OK: rewrote app/src/main/java/ai/genwhy/nobonk/ml/SensorMonitor.kt (8618 chars)
2026-08-29 10:26:12 | PASS 73 · SensorMonitor.kt — generated; running tests…
2026-08-29 10:26:13 | PASS 73 · SensorMonitor.kt — no change
2026-08-29 10:26:23 | PASS 73 · DetectionEvent.kt — coding-lane hardening…
GLM_OK: rewrote app/src/main/java/ai/genwhy/nobonk/data/DetectionEvent.kt (7650 chars)
2026-08-29 10:27:29 | PASS 73 · DetectionEvent.kt — generated; running tests…
2026-08-29 10:27:30 | PASS 73 · DetectionEvent.kt — no change
2026-08-29 10:27:40 | PASS 73 · AlertPolicy.kt — coding-lane hardening…
GLM_OK: rewrote app/src/main/java/ai/genwhy/nobonk/ml/AlertPolicy.kt (10639 chars)
2026-08-29 10:29:52 | PASS 73 · AlertPolicy.kt — generated; running tests…
2026-08-29 10:29:53 | PASS 73 · AlertPolicy.kt — no change
2026-08-29 10:30:03 | PASS 73 · AnalyticsEngine.kt — coding-lane hardening…
GLM_OK: rewrote app/src/main/java/ai/genwhy/nobonk/analytics/AnalyticsEngine.kt (10977 chars)
2026-08-29 10:32:00 | PASS 73 · AnalyticsEngine.kt — generated; running tests…
2026-08-29 10:32:01 | PASS 73 · AnalyticsEngine.kt — no change
2026-08-29 10:32:11 | PASS 74 · Nms.kt — coding-lane hardening…
GLM_OK: rewrote app/src/main/java/ai/genwhy/nobonk/ml/Nms.kt (4801 chars)
2026-08-29 10:32:55 | PASS 74 · Nms.kt — generated; running tests…
2026-08-29 10:32:56 | PASS 74 · Nms.kt — no change
2026-08-29 10:33:06 | PASS 74 · LowLight.kt — coding-lane hardening…
GLM_OK: rewrote app/src/main/java/ai/genwhy/nobonk/ml/LowLight.kt (5222 chars)
2026-08-29 10:33:53 | PASS 74 · LowLight.kt — generated; running tests…
2026-08-29 10:33:54 | PASS 74 · LowLight.kt — no change
2026-08-29 10:34:04 | PASS 74 · Letterbox.kt — coding-lane hardening…
GLM_OK: rewrote app/src/main/java/ai/genwhy/nobonk/ml/Letterbox.kt (5540 chars)
2026-08-29 10:35:00 | PASS 74 · Letterbox.kt — generated; running tests…
2026-08-29 10:35:01 | PASS 74 · Letterbox.kt — no change
2026-08-29 10:35:11 | PASS 74 · Detection.kt — coding-lane hardening…
GLM_OK: rewrote app/src/main/java/ai/genwhy/nobonk/model/Detection.kt (5903 chars)
2026-08-29 10:36:07 | PASS 74 · Detection.kt — generated; running tests…
2026-08-29 10:36:07 | PASS 74 · Detection.kt — no change
2026-08-29 10:36:17 | PASS 74 · NormBox.kt — coding-lane hardening…
GLM_OK: rewrote app/src/main/java/ai/genwhy/nobonk/model/NormBox.kt (4718 chars)
2026-08-29 10:37:03 | PASS 74 · NormBox.kt — generated; running tests…
2026-08-29 10:37:04 | PASS 74 · NormBox.kt — no change
2026-08-29 10:37:14 | PASS 74 · SensorMonitor.kt — coding-lane hardening…
GLM_OK: rewrote app/src/main/java/ai/genwhy/nobonk/ml/SensorMonitor.kt (8618 chars)
2026-08-29 10:38:51 | PASS 74 · SensorMonitor.kt — generated; running tests…
2026-08-29 10:38:51 | PASS 74 · SensorMonitor.kt — no change
2026-08-29 10:39:01 | PASS 74 · DetectionEvent.kt — coding-lane hardening…
GLM_OK: rewrote app/src/main/java/ai/genwhy/nobonk/data/DetectionEvent.kt (7650 chars)
2026-08-29 10:40:03 | PASS 74 · DetectionEvent.kt — generated; running tests…
2026-08-29 10:40:04 | PASS 74 · DetectionEvent.kt — no change
2026-08-29 10:40:14 | PASS 74 · AlertPolicy.kt — coding-lane hardening…
GLM_OK: rewrote app/src/main/java/ai/genwhy/nobonk/ml/AlertPolicy.kt (10639 chars)
2026-08-29 10:42:32 | PASS 74 · AlertPolicy.kt — generated; running tests…
2026-08-29 10:42:33 | PASS 74 · AlertPolicy.kt — no change
2026-08-29 10:42:43 | PASS 74 · AnalyticsEngine.kt — coding-lane hardening…
GLM_OK: rewrote app/src/main/java/ai/genwhy/nobonk/analytics/AnalyticsEngine.kt (10977 chars)
2026-08-29 10:44:57 | PASS 74 · AnalyticsEngine.kt — generated; running tests…
2026-08-29 10:44:57 | PASS 74 · AnalyticsEngine.kt — no change
2026-08-29 10:45:07 | PASS 75 · Nms.kt — coding-lane hardening…
GLM_OK: rewrote app/src/main/java/ai/genwhy/nobonk/ml/Nms.kt (4801 chars)
2026-08-29 10:45:51 | PASS 75 · Nms.kt — generated; running tests…
2026-08-29 10:45:52 | PASS 75 · Nms.kt — no change
2026-08-29 10:46:02 | PASS 75 · LowLight.kt — coding-lane hardening…
GLM_OK: rewrote app/src/main/java/ai/genwhy/nobonk/ml/LowLight.kt (5222 chars)
2026-08-29 10:46:49 | PASS 75 · LowLight.kt — generated; running tests…
2026-08-29 10:46:50 | PASS 75 · LowLight.kt — no change
2026-08-29 10:47:00 | PASS 75 · Letterbox.kt — coding-lane hardening…
GLM_OK: rewrote app/src/main/java/ai/genwhy/nobonk/ml/Letterbox.kt (5540 chars)
2026-08-29 10:49:52 | PASS 75 · Letterbox.kt — generated; running tests…
2026-08-29 10:49:53 | PASS 75 · Letterbox.kt — no change
2026-08-29 10:50:03 | PASS 75 · Detection.kt — coding-lane hardening…
GLM_OK: rewrote app/src/main/java/ai/genwhy/nobonk/model/Detection.kt (5902 chars)
2026-08-29 10:51:05 | PASS 75 · Detection.kt — generated; running tests…
2026-08-29 10:51:06 | PASS 75 · Detection.kt — TESTS GREEN, committed
2026-08-29 10:51:08 |   pushed to origin
2026-08-29 10:51:18 | PASS 75 · NormBox.kt — coding-lane hardening…
GLM_OK: rewrote app/src/main/java/ai/genwhy/nobonk/model/NormBox.kt (4718 chars)
2026-08-29 10:56:42 | PASS 75 · NormBox.kt — generated; running tests…
2026-08-29 10:56:43 | PASS 75 · NormBox.kt — no change
2026-08-29 10:56:53 | PASS 75 · SensorMonitor.kt — coding-lane hardening…
GLM_OK: rewrote app/src/main/java/ai/genwhy/nobonk/ml/SensorMonitor.kt (8618 chars)
2026-08-29 10:58:10 | PASS 75 · SensorMonitor.kt — generated; running tests…
2026-08-29 10:58:10 | PASS 75 · SensorMonitor.kt — no change
2026-08-29 10:58:20 | PASS 75 · DetectionEvent.kt — coding-lane hardening…
GLM_OK: rewrote app/src/main/java/ai/genwhy/nobonk/data/DetectionEvent.kt (7650 chars)
2026-08-29 10:59:34 | PASS 75 · DetectionEvent.kt — generated; running tests…
2026-08-29 10:59:34 | PASS 75 · DetectionEvent.kt — no change
2026-08-29 10:59:44 | PASS 75 · AlertPolicy.kt — coding-lane hardening…
GLM_OK: rewrote app/src/main/java/ai/genwhy/nobonk/ml/AlertPolicy.kt (10639 chars)
2026-08-29 11:01:30 | PASS 75 · AlertPolicy.kt — generated; running tests…
2026-08-29 11:01:31 | PASS 75 · AlertPolicy.kt — no change
2026-08-29 11:01:41 | PASS 75 · AnalyticsEngine.kt — coding-lane hardening…
GLM_OK: rewrote app/src/main/java/ai/genwhy/nobonk/analytics/AnalyticsEngine.kt (10977 chars)
2026-08-29 11:03:49 | PASS 75 · AnalyticsEngine.kt — generated; running tests…
2026-08-29 11:03:50 | PASS 75 · AnalyticsEngine.kt — no change
2026-08-29 11:04:00 | PASS 76 · Nms.kt — coding-lane hardening…
GLM_OK: rewrote app/src/main/java/ai/genwhy/nobonk/ml/Nms.kt (4801 chars)
2026-08-29 11:04:43 | PASS 76 · Nms.kt — generated; running tests…
2026-08-29 11:04:44 | PASS 76 · Nms.kt — no change
2026-08-29 11:04:54 | PASS 76 · LowLight.kt — coding-lane hardening…
GLM_OK: rewrote app/src/main/java/ai/genwhy/nobonk/ml/LowLight.kt (5222 chars)
2026-08-29 11:05:39 | PASS 76 · LowLight.kt — generated; running tests…
2026-08-29 11:05:40 | PASS 76 · LowLight.kt — no change
2026-08-29 11:05:50 | PASS 76 · Letterbox.kt — coding-lane hardening…
GLM_OK: rewrote app/src/main/java/ai/genwhy/nobonk/ml/Letterbox.kt (5540 chars)
2026-08-29 11:06:47 | PASS 76 · Letterbox.kt — generated; running tests…
2026-08-29 11:06:48 | PASS 76 · Letterbox.kt — no change
2026-08-29 11:06:58 | PASS 76 · Detection.kt — coding-lane hardening…
GLM_OK: rewrote app/src/main/java/ai/genwhy/nobonk/model/Detection.kt (5902 chars)
2026-08-29 11:07:49 | PASS 76 · Detection.kt — generated; running tests…
2026-08-29 11:07:50 | PASS 76 · Detection.kt — no change
2026-08-29 11:08:00 | PASS 76 · NormBox.kt — coding-lane hardening…
GLM_OK: rewrote app/src/main/java/ai/genwhy/nobonk/model/NormBox.kt (4718 chars)
2026-08-29 11:08:48 | PASS 76 · NormBox.kt — generated; running tests…
2026-08-29 11:08:49 | PASS 76 · NormBox.kt — no change
2026-08-29 11:08:59 | PASS 76 · SensorMonitor.kt — coding-lane hardening…
GLM_OK: rewrote app/src/main/java/ai/genwhy/nobonk/ml/SensorMonitor.kt (8618 chars)
2026-08-29 11:10:14 | PASS 76 · SensorMonitor.kt — generated; running tests…
2026-08-29 11:10:15 | PASS 76 · SensorMonitor.kt — no change
2026-08-29 11:10:25 | PASS 76 · DetectionEvent.kt — coding-lane hardening…
GLM_OK: rewrote app/src/main/java/ai/genwhy/nobonk/data/DetectionEvent.kt (7650 chars)
2026-08-29 11:11:35 | PASS 76 · DetectionEvent.kt — generated; running tests…
2026-08-29 11:11:36 | PASS 76 · DetectionEvent.kt — no change
2026-08-29 11:11:46 | PASS 76 · AlertPolicy.kt — coding-lane hardening…
GLM_OK: rewrote app/src/main/java/ai/genwhy/nobonk/ml/AlertPolicy.kt (10639 chars)
2026-08-29 11:14:17 | PASS 76 · AlertPolicy.kt — generated; running tests…
2026-08-29 11:14:18 | PASS 76 · AlertPolicy.kt — no change
2026-08-29 11:14:28 | PASS 76 · AnalyticsEngine.kt — coding-lane hardening…
GLM_OK: rewrote app/src/main/java/ai/genwhy/nobonk/analytics/AnalyticsEngine.kt (10814 chars)
2026-08-29 11:16:56 | PASS 76 · AnalyticsEngine.kt — generated; running tests…
2026-08-29 11:16:57 | PASS 76 · AnalyticsEngine.kt — TESTS GREEN, committed
2026-08-29 11:16:59 |   pushed to origin
2026-08-29 11:17:09 | PASS 77 · Nms.kt — coding-lane hardening…
GLM_OK: rewrote app/src/main/java/ai/genwhy/nobonk/ml/Nms.kt (4801 chars)
2026-08-29 11:18:16 | PASS 77 · Nms.kt — generated; running tests…
2026-08-29 11:18:17 | PASS 77 · Nms.kt — no change
2026-08-29 11:18:27 | PASS 77 · LowLight.kt — coding-lane hardening…
GLM_OK: rewrote app/src/main/java/ai/genwhy/nobonk/ml/LowLight.kt (5222 chars)
2026-08-29 11:19:14 | PASS 77 · LowLight.kt — generated; running tests…
2026-08-29 11:19:14 | PASS 77 · LowLight.kt — no change
2026-08-29 11:19:24 | PASS 77 · Letterbox.kt — coding-lane hardening…
GLM_OK: rewrote app/src/main/java/ai/genwhy/nobonk/ml/Letterbox.kt (5540 chars)
2026-08-29 11:20:19 | PASS 77 · Letterbox.kt — generated; running tests…
2026-08-29 11:20:20 | PASS 77 · Letterbox.kt — no change
2026-08-29 11:20:30 | PASS 77 · Detection.kt — coding-lane hardening…
GLM_OK: rewrote app/src/main/java/ai/genwhy/nobonk/model/Detection.kt (5902 chars)
2026-08-29 11:21:26 | PASS 77 · Detection.kt — generated; running tests…
2026-08-29 11:21:26 | PASS 77 · Detection.kt — no change
2026-08-29 11:21:36 | PASS 77 · NormBox.kt — coding-lane hardening…
GLM_OK: rewrote app/src/main/java/ai/genwhy/nobonk/model/NormBox.kt (4718 chars)
2026-08-29 11:23:15 | PASS 77 · NormBox.kt — generated; running tests…
2026-08-29 11:23:16 | PASS 77 · NormBox.kt — no change
2026-08-29 11:23:26 | PASS 77 · SensorMonitor.kt — coding-lane hardening…
GLM_OK: rewrote app/src/main/java/ai/genwhy/nobonk/ml/SensorMonitor.kt (8618 chars)
2026-08-29 11:25:12 | PASS 77 · SensorMonitor.kt — generated; running tests…
2026-08-29 11:25:13 | PASS 77 · SensorMonitor.kt — no change
2026-08-29 11:25:23 | PASS 77 · DetectionEvent.kt — coding-lane hardening…
GLM_OK: rewrote app/src/main/java/ai/genwhy/nobonk/data/DetectionEvent.kt (7650 chars)
2026-08-29 11:26:36 | PASS 77 · DetectionEvent.kt — generated; running tests…
2026-08-29 11:26:36 | PASS 77 · DetectionEvent.kt — no change
2026-08-29 11:26:46 | PASS 77 · AlertPolicy.kt — coding-lane hardening…
GLM_OK: rewrote app/src/main/java/ai/genwhy/nobonk/ml/AlertPolicy.kt (10639 chars)
2026-08-29 11:29:10 | PASS 77 · AlertPolicy.kt — generated; running tests…
2026-08-29 11:29:11 | PASS 77 · AlertPolicy.kt — no change
2026-08-29 11:29:21 | PASS 77 · AnalyticsEngine.kt — coding-lane hardening…
GLM_OK: rewrote app/src/main/java/ai/genwhy/nobonk/analytics/AnalyticsEngine.kt (10814 chars)
2026-08-29 11:31:31 | PASS 77 · AnalyticsEngine.kt — generated; running tests…
2026-08-29 11:31:32 | PASS 77 · AnalyticsEngine.kt — no change
2026-08-29 11:31:42 | PASS 78 · Nms.kt — coding-lane hardening…
GLM_OK: rewrote app/src/main/java/ai/genwhy/nobonk/ml/Nms.kt (4801 chars)
2026-08-29 11:32:25 | PASS 78 · Nms.kt — generated; running tests…
2026-08-29 11:32:26 | PASS 78 · Nms.kt — no change
2026-08-29 11:32:36 | PASS 78 · LowLight.kt — coding-lane hardening…
GLM_OK: rewrote app/src/main/java/ai/genwhy/nobonk/ml/LowLight.kt (5222 chars)
2026-08-29 11:33:25 | PASS 78 · LowLight.kt — generated; running tests…
2026-08-29 11:33:26 | PASS 78 · LowLight.kt — no change
2026-08-29 11:33:36 | PASS 78 · Letterbox.kt — coding-lane hardening…
GLM_OK: rewrote app/src/main/java/ai/genwhy/nobonk/ml/Letterbox.kt (5540 chars)
2026-08-29 11:34:37 | PASS 78 · Letterbox.kt — generated; running tests…
2026-08-29 11:34:38 | PASS 78 · Letterbox.kt — no change
2026-08-29 11:34:48 | PASS 78 · Detection.kt — coding-lane hardening…
GLM_OK: rewrote app/src/main/java/ai/genwhy/nobonk/model/Detection.kt (5902 chars)
2026-08-29 11:37:17 | PASS 78 · Detection.kt — generated; running tests…
2026-08-29 11:37:18 | PASS 78 · Detection.kt — no change
2026-08-29 11:37:28 | PASS 78 · NormBox.kt — coding-lane hardening…
GLM_OK: rewrote app/src/main/java/ai/genwhy/nobonk/model/NormBox.kt (4718 chars)
2026-08-29 11:38:12 | PASS 78 · NormBox.kt — generated; running tests…
2026-08-29 11:38:13 | PASS 78 · NormBox.kt — no change
2026-08-29 11:38:23 | PASS 78 · SensorMonitor.kt — coding-lane hardening…
GLM_OK: rewrote app/src/main/java/ai/genwhy/nobonk/ml/SensorMonitor.kt (8618 chars)
2026-08-29 11:39:41 | PASS 78 · SensorMonitor.kt — generated; running tests…
2026-08-29 11:39:42 | PASS 78 · SensorMonitor.kt — no change
2026-08-29 11:39:52 | PASS 78 · DetectionEvent.kt — coding-lane hardening…
GLM_OK: rewrote app/src/main/java/ai/genwhy/nobonk/data/DetectionEvent.kt (7650 chars)
2026-08-29 11:41:01 | PASS 78 · DetectionEvent.kt — generated; running tests…
2026-08-29 11:41:01 | PASS 78 · DetectionEvent.kt — no change
2026-08-29 11:41:11 | PASS 78 · AlertPolicy.kt — coding-lane hardening…
GLM_OK: rewrote app/src/main/java/ai/genwhy/nobonk/ml/AlertPolicy.kt (10639 chars)
2026-08-29 11:43:24 | PASS 78 · AlertPolicy.kt — generated; running tests…
2026-08-29 11:43:25 | PASS 78 · AlertPolicy.kt — no change
2026-08-29 11:43:35 | PASS 78 · AnalyticsEngine.kt — coding-lane hardening…
GLM_OK: rewrote app/src/main/java/ai/genwhy/nobonk/analytics/AnalyticsEngine.kt (10814 chars)
2026-08-29 11:45:37 | PASS 78 · AnalyticsEngine.kt — generated; running tests…
2026-08-29 11:45:38 | PASS 78 · AnalyticsEngine.kt — no change
2026-08-29 11:45:48 | PASS 79 · Nms.kt — coding-lane hardening…
GLM_OK: rewrote app/src/main/java/ai/genwhy/nobonk/ml/Nms.kt (4801 chars)
2026-08-29 11:46:31 | PASS 79 · Nms.kt — generated; running tests…
2026-08-29 11:46:32 | PASS 79 · Nms.kt — no change
2026-08-29 11:46:42 | PASS 79 · LowLight.kt — coding-lane hardening…
GLM_OK: rewrote app/src/main/java/ai/genwhy/nobonk/ml/LowLight.kt (5222 chars)
2026-08-29 11:47:28 | PASS 79 · LowLight.kt — generated; running tests…
2026-08-29 11:47:29 | PASS 79 · LowLight.kt — no change
2026-08-29 11:47:39 | PASS 79 · Letterbox.kt — coding-lane hardening…
GLM_OK: rewrote app/src/main/java/ai/genwhy/nobonk/ml/Letterbox.kt (5540 chars)
2026-08-29 11:48:35 | PASS 79 · Letterbox.kt — generated; running tests…
2026-08-29 11:48:36 | PASS 79 · Letterbox.kt — no change
2026-08-29 11:48:46 | PASS 79 · Detection.kt — coding-lane hardening…
GLM_OK: rewrote app/src/main/java/ai/genwhy/nobonk/model/Detection.kt (5902 chars)
2026-08-29 11:49:41 | PASS 79 · Detection.kt — generated; running tests…
2026-08-29 11:49:42 | PASS 79 · Detection.kt — no change
2026-08-29 11:49:52 | PASS 79 · NormBox.kt — coding-lane hardening…
GLM_OK: rewrote app/src/main/java/ai/genwhy/nobonk/model/NormBox.kt (4718 chars)
2026-08-29 11:50:37 | PASS 79 · NormBox.kt — generated; running tests…
2026-08-29 11:50:38 | PASS 79 · NormBox.kt — no change
2026-08-29 11:50:48 | PASS 79 · SensorMonitor.kt — coding-lane hardening…
GLM_OK: rewrote app/src/main/java/ai/genwhy/nobonk/ml/SensorMonitor.kt (8618 chars)
2026-08-29 11:52:15 | PASS 79 · SensorMonitor.kt — generated; running tests…
2026-08-29 11:52:16 | PASS 79 · SensorMonitor.kt — no change
2026-08-29 11:52:26 | PASS 79 · DetectionEvent.kt — coding-lane hardening…
GLM_OK: rewrote app/src/main/java/ai/genwhy/nobonk/data/DetectionEvent.kt (7686 chars)
2026-08-29 11:53:46 | PASS 79 · DetectionEvent.kt — generated; running tests…
2026-08-29 11:53:47 | PASS 79 · DetectionEvent.kt — TESTS GREEN, committed
2026-08-29 11:53:49 |   pushed to origin
2026-08-29 11:53:59 | PASS 79 · AlertPolicy.kt — coding-lane hardening…
GLM_OK: rewrote app/src/main/java/ai/genwhy/nobonk/ml/AlertPolicy.kt (10639 chars)
2026-08-29 11:55:49 | PASS 79 · AlertPolicy.kt — generated; running tests…
2026-08-29 11:55:50 | PASS 79 · AlertPolicy.kt — no change
2026-08-29 11:56:00 | PASS 79 · AnalyticsEngine.kt — coding-lane hardening…
GLM_OK: rewrote app/src/main/java/ai/genwhy/nobonk/analytics/AnalyticsEngine.kt (10814 chars)
2026-08-29 11:58:03 | PASS 79 · AnalyticsEngine.kt — generated; running tests…
2026-08-29 11:58:03 | PASS 79 · AnalyticsEngine.kt — no change
2026-08-29 11:58:13 | PASS 80 · Nms.kt — coding-lane hardening…
GLM_OK: rewrote app/src/main/java/ai/genwhy/nobonk/ml/Nms.kt (4801 chars)
2026-08-29 11:58:53 | PASS 80 · Nms.kt — generated; running tests…
2026-08-29 11:58:54 | PASS 80 · Nms.kt — no change
2026-08-29 11:59:04 | PASS 80 · LowLight.kt — coding-lane hardening…
GLM_OK: rewrote app/src/main/java/ai/genwhy/nobonk/ml/LowLight.kt (5222 chars)
2026-08-29 11:59:54 | PASS 80 · LowLight.kt — generated; running tests…
2026-08-29 11:59:54 | PASS 80 · LowLight.kt — no change
2026-08-29 12:00:04 | PASS 80 · Letterbox.kt — coding-lane hardening…
GLM_OK: rewrote app/src/main/java/ai/genwhy/nobonk/ml/Letterbox.kt (5540 chars)
2026-08-29 12:01:00 | PASS 80 · Letterbox.kt — generated; running tests…
2026-08-29 12:01:01 | PASS 80 · Letterbox.kt — no change
2026-08-29 12:01:11 | PASS 80 · Detection.kt — coding-lane hardening…
GLM_OK: rewrote app/src/main/java/ai/genwhy/nobonk/model/Detection.kt (5902 chars)
2026-08-29 12:02:05 | PASS 80 · Detection.kt — generated; running tests…
2026-08-29 12:02:05 | PASS 80 · Detection.kt — no change
2026-08-29 12:02:15 | PASS 80 · NormBox.kt — coding-lane hardening…
GLM_OK: rewrote app/src/main/java/ai/genwhy/nobonk/model/NormBox.kt (4718 chars)
2026-08-29 12:03:08 | PASS 80 · NormBox.kt — generated; running tests…
2026-08-29 12:03:09 | PASS 80 · NormBox.kt — no change
2026-08-29 12:03:19 | PASS 80 · SensorMonitor.kt — coding-lane hardening…
GLM_OK: rewrote app/src/main/java/ai/genwhy/nobonk/ml/SensorMonitor.kt (8618 chars)
2026-08-29 12:04:35 | PASS 80 · SensorMonitor.kt — generated; running tests…
2026-08-29 12:04:36 | PASS 80 · SensorMonitor.kt — no change
2026-08-29 12:04:46 | PASS 80 · DetectionEvent.kt — coding-lane hardening…
GLM_OK: rewrote app/src/main/java/ai/genwhy/nobonk/data/DetectionEvent.kt (7652 chars)
2026-08-29 12:05:51 | PASS 80 · DetectionEvent.kt — generated; running tests…
2026-08-29 12:05:52 | PASS 80 · DetectionEvent.kt — TESTS GREEN, committed
2026-08-29 12:05:54 |   pushed to origin
2026-08-29 12:06:04 | PASS 80 · AlertPolicy.kt — coding-lane hardening…
GLM_OK: rewrote app/src/main/java/ai/genwhy/nobonk/ml/AlertPolicy.kt (10639 chars)
2026-08-29 12:08:15 | PASS 80 · AlertPolicy.kt — generated; running tests…
2026-08-29 12:08:16 | PASS 80 · AlertPolicy.kt — no change
2026-08-29 12:08:26 | PASS 80 · AnalyticsEngine.kt — coding-lane hardening…
GLM_OK: rewrote app/src/main/java/ai/genwhy/nobonk/analytics/AnalyticsEngine.kt (10814 chars)
2026-08-29 12:10:34 | PASS 80 · AnalyticsEngine.kt — generated; running tests…
2026-08-29 12:10:35 | PASS 80 · AnalyticsEngine.kt — no change
2026-08-29 12:10:45 | PASS 81 · Nms.kt — coding-lane hardening…
GLM_OK: rewrote app/src/main/java/ai/genwhy/nobonk/ml/Nms.kt (4801 chars)
2026-08-29 12:11:35 | PASS 81 · Nms.kt — generated; running tests…
2026-08-29 12:11:35 | PASS 81 · Nms.kt — no change
2026-08-29 12:11:45 | PASS 81 · LowLight.kt — coding-lane hardening…
GLM_OK: rewrote app/src/main/java/ai/genwhy/nobonk/ml/LowLight.kt (5222 chars)
2026-08-29 12:12:32 | PASS 81 · LowLight.kt — generated; running tests…
2026-08-29 12:12:33 | PASS 81 · LowLight.kt — no change
2026-08-29 12:12:43 | PASS 81 · Letterbox.kt — coding-lane hardening…
GLM_OK: rewrote app/src/main/java/ai/genwhy/nobonk/ml/Letterbox.kt (5540 chars)
2026-08-29 12:13:40 | PASS 81 · Letterbox.kt — generated; running tests…
2026-08-29 12:13:41 | PASS 81 · Letterbox.kt — no change
2026-08-29 12:13:51 | PASS 81 · Detection.kt — coding-lane hardening…
GLM_OK: rewrote app/src/main/java/ai/genwhy/nobonk/model/Detection.kt (5902 chars)
2026-08-29 12:14:49 | PASS 81 · Detection.kt — generated; running tests…
2026-08-29 12:14:50 | PASS 81 · Detection.kt — no change
2026-08-29 12:15:00 | PASS 81 · NormBox.kt — coding-lane hardening…
GLM_OK: rewrote app/src/main/java/ai/genwhy/nobonk/model/NormBox.kt (4718 chars)
2026-08-29 12:15:47 | PASS 81 · NormBox.kt — generated; running tests…
2026-08-29 12:15:47 | PASS 81 · NormBox.kt — no change
2026-08-29 12:15:57 | PASS 81 · SensorMonitor.kt — coding-lane hardening…
GLM_OK: rewrote app/src/main/java/ai/genwhy/nobonk/ml/SensorMonitor.kt (8618 chars)
2026-08-29 12:17:13 | PASS 81 · SensorMonitor.kt — generated; running tests…
2026-08-29 12:17:14 | PASS 81 · SensorMonitor.kt — no change
2026-08-29 12:17:24 | PASS 81 · DetectionEvent.kt — coding-lane hardening…
GLM_OK: rewrote app/src/main/java/ai/genwhy/nobonk/data/DetectionEvent.kt (7652 chars)
2026-08-29 12:18:21 | PASS 81 · DetectionEvent.kt — generated; running tests…
2026-08-29 12:18:22 | PASS 81 · DetectionEvent.kt — no change
2026-08-29 12:18:32 | PASS 81 · AlertPolicy.kt — coding-lane hardening…
GLM_OK: rewrote app/src/main/java/ai/genwhy/nobonk/ml/AlertPolicy.kt (10639 chars)
2026-08-29 12:20:24 | PASS 81 · AlertPolicy.kt — generated; running tests…
2026-08-29 12:20:25 | PASS 81 · AlertPolicy.kt — no change
2026-08-29 12:20:35 | PASS 81 · AnalyticsEngine.kt — coding-lane hardening…
GLM_OK: rewrote app/src/main/java/ai/genwhy/nobonk/analytics/AnalyticsEngine.kt (10814 chars)
2026-08-29 12:22:39 | PASS 81 · AnalyticsEngine.kt — generated; running tests…
2026-08-29 12:22:39 | PASS 81 · AnalyticsEngine.kt — no change
2026-08-29 12:22:49 | PASS 82 · Nms.kt — coding-lane hardening…
GLM_OK: rewrote app/src/main/java/ai/genwhy/nobonk/ml/Nms.kt (4801 chars)
2026-08-29 12:23:32 | PASS 82 · Nms.kt — generated; running tests…
2026-08-29 12:23:33 | PASS 82 · Nms.kt — no change
2026-08-29 12:23:43 | PASS 82 · LowLight.kt — coding-lane hardening…
GLM_OK: rewrote app/src/main/java/ai/genwhy/nobonk/ml/LowLight.kt (5222 chars)
2026-08-29 12:24:28 | PASS 82 · LowLight.kt — generated; running tests…
2026-08-29 12:24:29 | PASS 82 · LowLight.kt — no change
2026-08-29 12:24:39 | PASS 82 · Letterbox.kt — coding-lane hardening…
GLM_OK: rewrote app/src/main/java/ai/genwhy/nobonk/ml/Letterbox.kt (5540 chars)
2026-08-29 12:25:36 | PASS 82 · Letterbox.kt — generated; running tests…
2026-08-29 12:25:37 | PASS 82 · Letterbox.kt — no change
2026-08-29 12:25:47 | PASS 82 · Detection.kt — coding-lane hardening…
GLM_OK: rewrote app/src/main/java/ai/genwhy/nobonk/model/Detection.kt (5902 chars)
2026-08-29 12:26:42 | PASS 82 · Detection.kt — generated; running tests…
2026-08-29 12:26:43 | PASS 82 · Detection.kt — no change
2026-08-29 12:26:53 | PASS 82 · NormBox.kt — coding-lane hardening…
GLM_OK: rewrote app/src/main/java/ai/genwhy/nobonk/model/NormBox.kt (4718 chars)
2026-08-29 12:27:39 | PASS 82 · NormBox.kt — generated; running tests…
2026-08-29 12:27:40 | PASS 82 · NormBox.kt — no change
2026-08-29 12:27:50 | PASS 82 · SensorMonitor.kt — coding-lane hardening…
GLM_OK: rewrote app/src/main/java/ai/genwhy/nobonk/ml/SensorMonitor.kt (8618 chars)
2026-08-29 12:29:08 | PASS 82 · SensorMonitor.kt — generated; running tests…
2026-08-29 12:29:09 | PASS 82 · SensorMonitor.kt — no change
2026-08-29 12:29:19 | PASS 82 · DetectionEvent.kt — coding-lane hardening…
GLM_OK: rewrote app/src/main/java/ai/genwhy/nobonk/data/DetectionEvent.kt (7652 chars)
2026-08-29 12:30:27 | PASS 82 · DetectionEvent.kt — generated; running tests…
2026-08-29 12:30:27 | PASS 82 · DetectionEvent.kt — no change
2026-08-29 12:30:37 | PASS 82 · AlertPolicy.kt — coding-lane hardening…
GLM_OK: rewrote app/src/main/java/ai/genwhy/nobonk/ml/AlertPolicy.kt (10639 chars)
2026-08-29 12:32:49 | PASS 82 · AlertPolicy.kt — generated; running tests…
2026-08-29 12:32:50 | PASS 82 · AlertPolicy.kt — no change
2026-08-29 12:33:00 | PASS 82 · AnalyticsEngine.kt — coding-lane hardening…
GLM_OK: rewrote app/src/main/java/ai/genwhy/nobonk/analytics/AnalyticsEngine.kt (10814 chars)
2026-08-29 12:34:58 | PASS 82 · AnalyticsEngine.kt — generated; running tests…
2026-08-29 12:34:59 | PASS 82 · AnalyticsEngine.kt — no change
2026-08-29 12:35:09 | PASS 83 · Nms.kt — coding-lane hardening…
GLM_OK: rewrote app/src/main/java/ai/genwhy/nobonk/ml/Nms.kt (4801 chars)
2026-08-29 12:35:56 | PASS 83 · Nms.kt — generated; running tests…
2026-08-29 12:35:56 | PASS 83 · Nms.kt — no change
2026-08-29 12:36:06 | PASS 83 · LowLight.kt — coding-lane hardening…
GLM_OK: rewrote app/src/main/java/ai/genwhy/nobonk/ml/LowLight.kt (5222 chars)
2026-08-29 12:36:55 | PASS 83 · LowLight.kt — generated; running tests…
2026-08-29 12:36:56 | PASS 83 · LowLight.kt — no change
2026-08-29 12:37:06 | PASS 83 · Letterbox.kt — coding-lane hardening…
GLM_OK: rewrote app/src/main/java/ai/genwhy/nobonk/ml/Letterbox.kt (5540 chars)
2026-08-29 12:38:04 | PASS 83 · Letterbox.kt — generated; running tests…
2026-08-29 12:38:04 | PASS 83 · Letterbox.kt — no change
2026-08-29 12:38:14 | PASS 83 · Detection.kt — coding-lane hardening…
GLM_OK: rewrote app/src/main/java/ai/genwhy/nobonk/model/Detection.kt (5902 chars)
2026-08-29 12:39:13 | PASS 83 · Detection.kt — generated; running tests…
2026-08-29 12:39:14 | PASS 83 · Detection.kt — no change
2026-08-29 12:39:24 | PASS 83 · NormBox.kt — coding-lane hardening…
GLM_OK: rewrote app/src/main/java/ai/genwhy/nobonk/model/NormBox.kt (4718 chars)
2026-08-29 12:40:10 | PASS 83 · NormBox.kt — generated; running tests…
2026-08-29 12:40:11 | PASS 83 · NormBox.kt — no change
2026-08-29 12:40:21 | PASS 83 · SensorMonitor.kt — coding-lane hardening…
GLM_OK: rewrote app/src/main/java/ai/genwhy/nobonk/ml/SensorMonitor.kt (8618 chars)
2026-08-29 12:42:08 | PASS 83 · SensorMonitor.kt — generated; running tests…
2026-08-29 12:42:09 | PASS 83 · SensorMonitor.kt — no change
2026-08-29 12:42:19 | PASS 83 · DetectionEvent.kt — coding-lane hardening…
GLM_OK: rewrote app/src/main/java/ai/genwhy/nobonk/data/DetectionEvent.kt (7652 chars)
2026-08-29 12:43:22 | PASS 83 · DetectionEvent.kt — generated; running tests…
2026-08-29 12:43:23 | PASS 83 · DetectionEvent.kt — no change
2026-08-29 12:43:33 | PASS 83 · AlertPolicy.kt — coding-lane hardening…
GLM_OK: rewrote app/src/main/java/ai/genwhy/nobonk/ml/AlertPolicy.kt (10684 chars)
2026-08-29 12:45:51 | PASS 83 · AlertPolicy.kt — generated; running tests…
2026-08-29 12:45:53 | PASS 83 · AlertPolicy.kt — TESTS GREEN, committed
2026-08-29 12:45:55 |   pushed to origin
2026-08-29 12:46:05 | PASS 83 · AnalyticsEngine.kt — coding-lane hardening…
GLM_OK: rewrote app/src/main/java/ai/genwhy/nobonk/analytics/AnalyticsEngine.kt (10814 chars)
2026-08-29 12:48:07 | PASS 83 · AnalyticsEngine.kt — generated; running tests…
2026-08-29 12:48:07 | PASS 83 · AnalyticsEngine.kt — no change
2026-08-29 12:48:17 | PASS 84 · Nms.kt — coding-lane hardening…
GLM_OK: rewrote app/src/main/java/ai/genwhy/nobonk/ml/Nms.kt (4801 chars)
2026-08-29 12:49:00 | PASS 84 · Nms.kt — generated; running tests…
2026-08-29 12:49:01 | PASS 84 · Nms.kt — no change
2026-08-29 12:49:11 | PASS 84 · LowLight.kt — coding-lane hardening…
GLM_OK: rewrote app/src/main/java/ai/genwhy/nobonk/ml/LowLight.kt (5222 chars)
2026-08-29 12:49:57 | PASS 84 · LowLight.kt — generated; running tests…
2026-08-29 12:49:58 | PASS 84 · LowLight.kt — no change
2026-08-29 12:50:08 | PASS 84 · Letterbox.kt — coding-lane hardening…
GLM_OK: rewrote app/src/main/java/ai/genwhy/nobonk/ml/Letterbox.kt (5540 chars)
2026-08-29 12:51:06 | PASS 84 · Letterbox.kt — generated; running tests…
2026-08-29 12:51:06 | PASS 84 · Letterbox.kt — no change
2026-08-29 12:51:16 | PASS 84 · Detection.kt — coding-lane hardening…
GLM_OK: rewrote app/src/main/java/ai/genwhy/nobonk/model/Detection.kt (5902 chars)
2026-08-29 12:52:10 | PASS 84 · Detection.kt — generated; running tests…
2026-08-29 12:52:11 | PASS 84 · Detection.kt — no change
2026-08-29 12:52:21 | PASS 84 · NormBox.kt — coding-lane hardening…
GLM_OK: rewrote app/src/main/java/ai/genwhy/nobonk/model/NormBox.kt (4718 chars)
2026-08-29 12:53:07 | PASS 84 · NormBox.kt — generated; running tests…
2026-08-29 12:53:08 | PASS 84 · NormBox.kt — no change
2026-08-29 12:53:18 | PASS 84 · SensorMonitor.kt — coding-lane hardening…
GLM_OK: rewrote app/src/main/java/ai/genwhy/nobonk/ml/SensorMonitor.kt (8618 chars)
2026-08-29 12:54:38 | PASS 84 · SensorMonitor.kt — generated; running tests…
2026-08-29 12:54:39 | PASS 84 · SensorMonitor.kt — no change
2026-08-29 12:54:49 | PASS 84 · DetectionEvent.kt — coding-lane hardening…
GLM_OK: rewrote app/src/main/java/ai/genwhy/nobonk/data/DetectionEvent.kt (7652 chars)
2026-08-29 12:56:01 | PASS 84 · DetectionEvent.kt — generated; running tests…
2026-08-29 12:56:02 | PASS 84 · DetectionEvent.kt — no change
2026-08-29 12:56:12 | PASS 84 · AlertPolicy.kt — coding-lane hardening…
GLM_OK: rewrote app/src/main/java/ai/genwhy/nobonk/ml/AlertPolicy.kt (10684 chars)
2026-08-29 12:58:43 | PASS 84 · AlertPolicy.kt — generated; running tests…
2026-08-29 12:58:44 | PASS 84 · AlertPolicy.kt — no change
2026-08-29 12:58:54 | PASS 84 · AnalyticsEngine.kt — coding-lane hardening…
GLM_OK: rewrote app/src/main/java/ai/genwhy/nobonk/analytics/AnalyticsEngine.kt (10814 chars)
2026-08-29 13:03:04 | PASS 84 · AnalyticsEngine.kt — generated; running tests…
2026-08-29 13:03:05 | PASS 84 · AnalyticsEngine.kt — no change
2026-08-29 13:03:15 | PASS 85 · Nms.kt — coding-lane hardening…
GLM_OK: rewrote app/src/main/java/ai/genwhy/nobonk/ml/Nms.kt (4801 chars)
2026-08-29 13:05:14 | PASS 85 · Nms.kt — generated; running tests…
2026-08-29 13:05:14 | PASS 85 · Nms.kt — no change
2026-08-29 13:05:24 | PASS 85 · LowLight.kt — coding-lane hardening…
GLM_OK: rewrote app/src/main/java/ai/genwhy/nobonk/ml/LowLight.kt (5222 chars)
2026-08-29 13:06:11 | PASS 85 · LowLight.kt — generated; running tests…
2026-08-29 13:06:12 | PASS 85 · LowLight.kt — no change
2026-08-29 13:06:22 | PASS 85 · Letterbox.kt — coding-lane hardening…
GLM_OK: rewrote app/src/main/java/ai/genwhy/nobonk/ml/Letterbox.kt (5540 chars)
2026-08-29 13:07:20 | PASS 85 · Letterbox.kt — generated; running tests…
2026-08-29 13:07:21 | PASS 85 · Letterbox.kt — no change
2026-08-29 13:07:31 | PASS 85 · Detection.kt — coding-lane hardening…
GLM_OK: rewrote app/src/main/java/ai/genwhy/nobonk/model/Detection.kt (5902 chars)
2026-08-29 13:09:35 | PASS 85 · Detection.kt — generated; running tests…
2026-08-29 13:09:36 | PASS 85 · Detection.kt — no change
2026-08-29 13:09:46 | PASS 85 · NormBox.kt — coding-lane hardening…
GLM_OK: rewrote app/src/main/java/ai/genwhy/nobonk/model/NormBox.kt (4718 chars)
2026-08-29 13:10:35 | PASS 85 · NormBox.kt — generated; running tests…
2026-08-29 13:10:36 | PASS 85 · NormBox.kt — no change
2026-08-29 13:10:46 | PASS 85 · SensorMonitor.kt — coding-lane hardening…
GLM_OK: rewrote app/src/main/java/ai/genwhy/nobonk/ml/SensorMonitor.kt (8618 chars)
2026-08-29 13:12:02 | PASS 85 · SensorMonitor.kt — generated; running tests…
2026-08-29 13:12:03 | PASS 85 · SensorMonitor.kt — no change
2026-08-29 13:12:13 | PASS 85 · DetectionEvent.kt — coding-lane hardening…
GLM_OK: rewrote app/src/main/java/ai/genwhy/nobonk/data/DetectionEvent.kt (8042 chars)
2026-08-29 13:13:50 | PASS 85 · DetectionEvent.kt — generated; running tests…
2026-08-29 13:13:51 | PASS 85 · DetectionEvent.kt — TESTS GREEN, committed
2026-08-29 13:13:53 |   pushed to origin
2026-08-29 13:14:03 | PASS 85 · AlertPolicy.kt — coding-lane hardening…
GLM_OK: rewrote app/src/main/java/ai/genwhy/nobonk/ml/AlertPolicy.kt (10684 chars)
2026-08-29 13:16:18 | PASS 85 · AlertPolicy.kt — generated; running tests…
2026-08-29 13:16:18 | PASS 85 · AlertPolicy.kt — no change
2026-08-29 13:16:28 | PASS 85 · AnalyticsEngine.kt — coding-lane hardening…
GLM_OK: rewrote app/src/main/java/ai/genwhy/nobonk/analytics/AnalyticsEngine.kt (10572 chars)
2026-08-29 13:18:42 | PASS 85 · AnalyticsEngine.kt — generated; running tests…
2026-08-29 13:18:44 | PASS 85 · AnalyticsEngine.kt — TESTS GREEN, committed
2026-08-29 13:18:45 |   pushed to origin
2026-08-29 13:18:55 | PASS 86 · Nms.kt — coding-lane hardening…
GLM_OK: rewrote app/src/main/java/ai/genwhy/nobonk/ml/Nms.kt (4801 chars)
2026-08-29 13:19:37 | PASS 86 · Nms.kt — generated; running tests…
2026-08-29 13:19:38 | PASS 86 · Nms.kt — no change
2026-08-29 13:19:48 | PASS 86 · LowLight.kt — coding-lane hardening…
GLM_OK: rewrote app/src/main/java/ai/genwhy/nobonk/ml/LowLight.kt (5222 chars)
2026-08-29 13:20:32 | PASS 86 · LowLight.kt — generated; running tests…
2026-08-29 13:20:33 | PASS 86 · LowLight.kt — no change
2026-08-29 13:20:43 | PASS 86 · Letterbox.kt — coding-lane hardening…
GLM_OK: rewrote app/src/main/java/ai/genwhy/nobonk/ml/Letterbox.kt (5540 chars)
2026-08-29 13:21:45 | PASS 86 · Letterbox.kt — generated; running tests…
2026-08-29 13:21:45 | PASS 86 · Letterbox.kt — no change
2026-08-29 13:21:55 | PASS 86 · Detection.kt — coding-lane hardening…
GLM_OK: rewrote app/src/main/java/ai/genwhy/nobonk/model/Detection.kt (5902 chars)
2026-08-29 13:22:54 | PASS 86 · Detection.kt — generated; running tests…
2026-08-29 13:22:55 | PASS 86 · Detection.kt — no change
2026-08-29 13:23:05 | PASS 86 · NormBox.kt — coding-lane hardening…
GLM_OK: rewrote app/src/main/java/ai/genwhy/nobonk/model/NormBox.kt (4718 chars)
2026-08-29 13:23:52 | PASS 86 · NormBox.kt — generated; running tests…
2026-08-29 13:23:53 | PASS 86 · NormBox.kt — no change
2026-08-29 13:24:03 | PASS 86 · SensorMonitor.kt — coding-lane hardening…
GLM_OK: rewrote app/src/main/java/ai/genwhy/nobonk/ml/SensorMonitor.kt (8618 chars)
2026-08-29 13:25:20 | PASS 86 · SensorMonitor.kt — generated; running tests…
2026-08-29 13:25:21 | PASS 86 · SensorMonitor.kt — no change
2026-08-29 13:25:31 | PASS 86 · DetectionEvent.kt — coding-lane hardening…
GLM_OK: rewrote app/src/main/java/ai/genwhy/nobonk/data/DetectionEvent.kt (8068 chars)
2026-08-29 13:26:47 | PASS 86 · DetectionEvent.kt — generated; running tests…
2026-08-29 13:26:48 | PASS 86 · DetectionEvent.kt — TESTS GREEN, committed
2026-08-29 13:26:50 |   pushed to origin
2026-08-29 13:27:00 | PASS 86 · AlertPolicy.kt — coding-lane hardening…
GLM_OK: rewrote app/src/main/java/ai/genwhy/nobonk/ml/AlertPolicy.kt (10684 chars)
2026-08-29 13:29:12 | PASS 86 · AlertPolicy.kt — generated; running tests…
2026-08-29 13:29:13 | PASS 86 · AlertPolicy.kt — no change
2026-08-29 13:29:23 | PASS 86 · AnalyticsEngine.kt — coding-lane hardening…
GLM_OK: rewrote app/src/main/java/ai/genwhy/nobonk/analytics/AnalyticsEngine.kt (10572 chars)
2026-08-29 13:31:17 | PASS 86 · AnalyticsEngine.kt — generated; running tests…
2026-08-29 13:31:18 | PASS 86 · AnalyticsEngine.kt — no change
2026-08-29 13:31:28 | PASS 87 · Nms.kt — coding-lane hardening…
GLM_OK: rewrote app/src/main/java/ai/genwhy/nobonk/ml/Nms.kt (4801 chars)
2026-08-29 13:32:14 | PASS 87 · Nms.kt — generated; running tests…
2026-08-29 13:32:15 | PASS 87 · Nms.kt — no change
2026-08-29 13:32:25 | PASS 87 · LowLight.kt — coding-lane hardening…
GLM_OK: rewrote app/src/main/java/ai/genwhy/nobonk/ml/LowLight.kt (5222 chars)
2026-08-29 13:33:15 | PASS 87 · LowLight.kt — generated; running tests…
2026-08-29 13:33:15 | PASS 87 · LowLight.kt — no change
2026-08-29 13:33:25 | PASS 87 · Letterbox.kt — coding-lane hardening…
GLM_OK: rewrote app/src/main/java/ai/genwhy/nobonk/ml/Letterbox.kt (5540 chars)
2026-08-29 13:34:22 | PASS 87 · Letterbox.kt — generated; running tests…
2026-08-29 13:34:23 | PASS 87 · Letterbox.kt — no change
2026-08-29 13:34:33 | PASS 87 · Detection.kt — coding-lane hardening…
GLM_OK: rewrote app/src/main/java/ai/genwhy/nobonk/model/Detection.kt (5902 chars)
2026-08-29 13:35:34 | PASS 87 · Detection.kt — generated; running tests…
2026-08-29 13:35:34 | PASS 87 · Detection.kt — no change
2026-08-29 13:35:44 | PASS 87 · NormBox.kt — coding-lane hardening…
GLM_OK: rewrote app/src/main/java/ai/genwhy/nobonk/model/NormBox.kt (4718 chars)
2026-08-29 13:36:30 | PASS 87 · NormBox.kt — generated; running tests…
2026-08-29 13:36:31 | PASS 87 · NormBox.kt — no change
2026-08-29 13:36:41 | PASS 87 · SensorMonitor.kt — coding-lane hardening…
GLM_OK: rewrote app/src/main/java/ai/genwhy/nobonk/ml/SensorMonitor.kt (8618 chars)
2026-08-29 13:37:59 | PASS 87 · SensorMonitor.kt — generated; running tests…
2026-08-29 13:38:00 | PASS 87 · SensorMonitor.kt — no change
2026-08-29 13:38:10 | PASS 87 · DetectionEvent.kt — coding-lane hardening…
GLM_OK: rewrote app/src/main/java/ai/genwhy/nobonk/data/DetectionEvent.kt (8068 chars)
2026-08-29 13:39:17 | PASS 87 · DetectionEvent.kt — generated; running tests…
2026-08-29 13:39:18 | PASS 87 · DetectionEvent.kt — no change
2026-08-29 13:39:28 | PASS 87 · AlertPolicy.kt — coding-lane hardening…
GLM_OK: rewrote app/src/main/java/ai/genwhy/nobonk/ml/AlertPolicy.kt (10684 chars)
2026-08-29 13:41:43 | PASS 87 · AlertPolicy.kt — generated; running tests…
2026-08-29 13:41:43 | PASS 87 · AlertPolicy.kt — no change
2026-08-29 13:41:53 | PASS 87 · AnalyticsEngine.kt — coding-lane hardening…
GLM_OK: rewrote app/src/main/java/ai/genwhy/nobonk/analytics/AnalyticsEngine.kt (10572 chars)
2026-08-29 13:44:01 | PASS 87 · AnalyticsEngine.kt — generated; running tests…
2026-08-29 13:44:02 | PASS 87 · AnalyticsEngine.kt — no change
2026-08-29 13:44:12 | PASS 88 · Nms.kt — coding-lane hardening…
GLM_OK: rewrote app/src/main/java/ai/genwhy/nobonk/ml/Nms.kt (4801 chars)
2026-08-29 13:44:58 | PASS 88 · Nms.kt — generated; running tests…
2026-08-29 13:44:59 | PASS 88 · Nms.kt — no change
2026-08-29 13:45:09 | PASS 88 · LowLight.kt — coding-lane hardening…
GLM_OK: rewrote app/src/main/java/ai/genwhy/nobonk/ml/LowLight.kt (5222 chars)
2026-08-29 13:45:53 | PASS 88 · LowLight.kt — generated; running tests…
2026-08-29 13:45:54 | PASS 88 · LowLight.kt — no change
2026-08-29 13:46:04 | PASS 88 · Letterbox.kt — coding-lane hardening…
GLM_OK: rewrote app/src/main/java/ai/genwhy/nobonk/ml/Letterbox.kt (5540 chars)
2026-08-29 13:47:02 | PASS 88 · Letterbox.kt — generated; running tests…
2026-08-29 13:47:03 | PASS 88 · Letterbox.kt — no change
2026-08-29 13:47:13 | PASS 88 · Detection.kt — coding-lane hardening…
GLM_OK: rewrote app/src/main/java/ai/genwhy/nobonk/model/Detection.kt (5902 chars)
2026-08-29 13:48:11 | PASS 88 · Detection.kt — generated; running tests…
2026-08-29 13:48:12 | PASS 88 · Detection.kt — no change
2026-08-29 13:48:22 | PASS 88 · NormBox.kt — coding-lane hardening…
GLM_OK: rewrote app/src/main/java/ai/genwhy/nobonk/model/NormBox.kt (4718 chars)
2026-08-29 13:49:07 | PASS 88 · NormBox.kt — generated; running tests…
2026-08-29 13:49:08 | PASS 88 · NormBox.kt — no change
2026-08-29 13:49:18 | PASS 88 · SensorMonitor.kt — coding-lane hardening…
GLM_OK: rewrote app/src/main/java/ai/genwhy/nobonk/ml/SensorMonitor.kt (8618 chars)
2026-08-29 13:50:37 | PASS 88 · SensorMonitor.kt — generated; running tests…
2026-08-29 13:50:38 | PASS 88 · SensorMonitor.kt — no change
2026-08-29 13:50:48 | PASS 88 · DetectionEvent.kt — coding-lane hardening…
GLM_OK: rewrote app/src/main/java/ai/genwhy/nobonk/data/DetectionEvent.kt (8068 chars)
2026-08-29 13:52:01 | PASS 88 · DetectionEvent.kt — generated; running tests…
2026-08-29 13:52:03 | PASS 88 · DetectionEvent.kt — TESTS GREEN, committed
2026-08-29 13:52:05 |   pushed to origin
2026-08-29 13:52:15 | PASS 88 · AlertPolicy.kt — coding-lane hardening…
GLM_OK: rewrote app/src/main/java/ai/genwhy/nobonk/ml/AlertPolicy.kt (10684 chars)
2026-08-29 13:54:36 | PASS 88 · AlertPolicy.kt — generated; running tests…
2026-08-29 13:54:37 | PASS 88 · AlertPolicy.kt — no change
2026-08-29 13:54:47 | PASS 88 · AnalyticsEngine.kt — coding-lane hardening…
GLM_OK: rewrote app/src/main/java/ai/genwhy/nobonk/analytics/AnalyticsEngine.kt (10572 chars)
2026-08-29 13:56:44 | PASS 88 · AnalyticsEngine.kt — generated; running tests…
2026-08-29 13:56:45 | PASS 88 · AnalyticsEngine.kt — no change
2026-08-29 13:56:55 | PASS 89 · Nms.kt — coding-lane hardening…
GLM_OK: rewrote app/src/main/java/ai/genwhy/nobonk/ml/Nms.kt (4801 chars)
2026-08-29 13:57:36 | PASS 89 · Nms.kt — generated; running tests…
2026-08-29 13:57:36 | PASS 89 · Nms.kt — no change
2026-08-29 13:57:47 | PASS 89 · LowLight.kt — coding-lane hardening…
GLM_OK: rewrote app/src/main/java/ai/genwhy/nobonk/ml/LowLight.kt (5222 chars)
2026-08-29 13:58:30 | PASS 89 · LowLight.kt — generated; running tests…
2026-08-29 13:58:31 | PASS 89 · LowLight.kt — no change
2026-08-29 13:58:41 | PASS 89 · Letterbox.kt — coding-lane hardening…
GLM_OK: rewrote app/src/main/java/ai/genwhy/nobonk/ml/Letterbox.kt (5540 chars)
2026-08-29 13:59:39 | PASS 89 · Letterbox.kt — generated; running tests…
2026-08-29 13:59:40 | PASS 89 · Letterbox.kt — no change
2026-08-29 13:59:50 | PASS 89 · Detection.kt — coding-lane hardening…
GLM_OK: rewrote app/src/main/java/ai/genwhy/nobonk/model/Detection.kt (5902 chars)
2026-08-29 14:00:52 | PASS 89 · Detection.kt — generated; running tests…
2026-08-29 14:00:52 | PASS 89 · Detection.kt — no change
2026-08-29 14:01:02 | PASS 89 · NormBox.kt — coding-lane hardening…
GLM_OK: rewrote app/src/main/java/ai/genwhy/nobonk/model/NormBox.kt (4718 chars)
2026-08-29 14:01:50 | PASS 89 · NormBox.kt — generated; running tests…
2026-08-29 14:01:51 | PASS 89 · NormBox.kt — no change
2026-08-29 14:02:01 | PASS 89 · SensorMonitor.kt — coding-lane hardening…
GLM_OK: rewrote app/src/main/java/ai/genwhy/nobonk/ml/SensorMonitor.kt (8618 chars)
2026-08-29 14:03:19 | PASS 89 · SensorMonitor.kt — generated; running tests…
2026-08-29 14:03:20 | PASS 89 · SensorMonitor.kt — no change
2026-08-29 14:03:30 | PASS 89 · DetectionEvent.kt — coding-lane hardening…
GLM_OK: rewrote app/src/main/java/ai/genwhy/nobonk/data/DetectionEvent.kt (8205 chars)
2026-08-29 14:04:41 | PASS 89 · DetectionEvent.kt — generated; running tests…
2026-08-29 14:04:42 | PASS 89 · DetectionEvent.kt — TESTS GREEN, committed
2026-08-29 14:04:44 |   pushed to origin
2026-08-29 14:04:54 | PASS 89 · AlertPolicy.kt — coding-lane hardening…
GLM_OK: rewrote app/src/main/java/ai/genwhy/nobonk/ml/AlertPolicy.kt (10684 chars)
2026-08-29 14:07:06 | PASS 89 · AlertPolicy.kt — generated; running tests…
2026-08-29 14:07:07 | PASS 89 · AlertPolicy.kt — no change
2026-08-29 14:07:17 | PASS 89 · AnalyticsEngine.kt — coding-lane hardening…
GLM_OK: rewrote app/src/main/java/ai/genwhy/nobonk/analytics/AnalyticsEngine.kt (10572 chars)
2026-08-29 14:09:20 | PASS 89 · AnalyticsEngine.kt — generated; running tests…
2026-08-29 14:09:21 | PASS 89 · AnalyticsEngine.kt — no change
2026-08-29 14:09:31 | PASS 90 · Nms.kt — coding-lane hardening…
GLM_OK: rewrote app/src/main/java/ai/genwhy/nobonk/ml/Nms.kt (4801 chars)
2026-08-29 14:10:13 | PASS 90 · Nms.kt — generated; running tests…
2026-08-29 14:10:14 | PASS 90 · Nms.kt — no change
2026-08-29 14:10:24 | PASS 90 · LowLight.kt — coding-lane hardening…
GLM_OK: rewrote app/src/main/java/ai/genwhy/nobonk/ml/LowLight.kt (5222 chars)
2026-08-29 14:11:14 | PASS 90 · LowLight.kt — generated; running tests…
2026-08-29 14:11:15 | PASS 90 · LowLight.kt — no change
2026-08-29 14:11:25 | PASS 90 · Letterbox.kt — coding-lane hardening…
GLM_OK: rewrote app/src/main/java/ai/genwhy/nobonk/ml/Letterbox.kt (5540 chars)
2026-08-29 14:12:23 | PASS 90 · Letterbox.kt — generated; running tests…
2026-08-29 14:12:24 | PASS 90 · Letterbox.kt — no change
2026-08-29 14:12:34 | PASS 90 · Detection.kt — coding-lane hardening…
GLM_OK: rewrote app/src/main/java/ai/genwhy/nobonk/model/Detection.kt (5902 chars)
2026-08-29 14:15:32 | PASS 90 · Detection.kt — generated; running tests…
2026-08-29 14:15:33 | PASS 90 · Detection.kt — no change
2026-08-29 14:15:43 | PASS 90 · NormBox.kt — coding-lane hardening…
GLM_OK: rewrote app/src/main/java/ai/genwhy/nobonk/model/NormBox.kt (4718 chars)
2026-08-29 14:16:58 | PASS 90 · NormBox.kt — generated; running tests…
2026-08-29 14:16:59 | PASS 90 · NormBox.kt — no change
2026-08-29 14:17:09 | PASS 90 · SensorMonitor.kt — coding-lane hardening…
GLM_OK: rewrote app/src/main/java/ai/genwhy/nobonk/ml/SensorMonitor.kt (8618 chars)
2026-08-29 14:18:24 | PASS 90 · SensorMonitor.kt — generated; running tests…
2026-08-29 14:18:25 | PASS 90 · SensorMonitor.kt — no change
2026-08-29 14:18:35 | PASS 90 · DetectionEvent.kt — coding-lane hardening…
GLM_OK: rewrote app/src/main/java/ai/genwhy/nobonk/data/DetectionEvent.kt (8205 chars)
2026-08-29 14:19:52 | PASS 90 · DetectionEvent.kt — generated; running tests…
2026-08-29 14:19:53 | PASS 90 · DetectionEvent.kt — no change
2026-08-29 14:20:03 | PASS 90 · AlertPolicy.kt — coding-lane hardening…
GLM_OK: rewrote app/src/main/java/ai/genwhy/nobonk/ml/AlertPolicy.kt (10684 chars)
2026-08-29 14:22:13 | PASS 90 · AlertPolicy.kt — generated; running tests…
2026-08-29 14:22:13 | PASS 90 · AlertPolicy.kt — no change
2026-08-29 14:22:23 | PASS 90 · AnalyticsEngine.kt — coding-lane hardening…
GLM_OK: rewrote app/src/main/java/ai/genwhy/nobonk/analytics/AnalyticsEngine.kt (10572 chars)
2026-08-29 14:24:25 | PASS 90 · AnalyticsEngine.kt — generated; running tests…
2026-08-29 14:24:26 | PASS 90 · AnalyticsEngine.kt — no change
2026-08-29 14:24:36 | PASS 91 · Nms.kt — coding-lane hardening…
GLM_OK: rewrote app/src/main/java/ai/genwhy/nobonk/ml/Nms.kt (5113 chars)
2026-08-29 14:25:28 | PASS 91 · Nms.kt — generated; running tests…
2026-08-29 14:25:29 | PASS 91 · Nms.kt — TESTS GREEN, committed
2026-08-29 14:25:31 |   pushed to origin
2026-08-29 14:25:41 | PASS 91 · LowLight.kt — coding-lane hardening…
GLM_OK: rewrote app/src/main/java/ai/genwhy/nobonk/ml/LowLight.kt (5222 chars)
2026-08-29 14:26:28 | PASS 91 · LowLight.kt — generated; running tests…
2026-08-29 14:26:28 | PASS 91 · LowLight.kt — no change
2026-08-29 14:26:38 | PASS 91 · Letterbox.kt — coding-lane hardening…
GLM_OK: rewrote app/src/main/java/ai/genwhy/nobonk/ml/Letterbox.kt (5540 chars)
2026-08-29 14:27:38 | PASS 91 · Letterbox.kt — generated; running tests…
2026-08-29 14:27:38 | PASS 91 · Letterbox.kt — no change
2026-08-29 14:27:48 | PASS 91 · Detection.kt — coding-lane hardening…
GLM_OK: rewrote app/src/main/java/ai/genwhy/nobonk/model/Detection.kt (5902 chars)
2026-08-29 14:28:55 | PASS 91 · Detection.kt — generated; running tests…
2026-08-29 14:28:56 | PASS 91 · Detection.kt — no change
2026-08-29 14:29:06 | PASS 91 · NormBox.kt — coding-lane hardening…
GLM_OK: rewrote app/src/main/java/ai/genwhy/nobonk/model/NormBox.kt (5135 chars)
2026-08-29 14:30:15 | PASS 91 · NormBox.kt — generated; running tests…
2026-08-29 14:30:17 | PASS 91 · NormBox.kt — TESTS GREEN, committed
2026-08-29 14:30:18 |   pushed to origin
2026-08-29 14:30:28 | PASS 91 · SensorMonitor.kt — coding-lane hardening…
GLM_OK: rewrote app/src/main/java/ai/genwhy/nobonk/ml/SensorMonitor.kt (8618 chars)
2026-08-29 14:32:15 | PASS 91 · SensorMonitor.kt — generated; running tests…
2026-08-29 14:32:16 | PASS 91 · SensorMonitor.kt — no change
2026-08-29 14:32:26 | PASS 91 · DetectionEvent.kt — coding-lane hardening…
GLM_OK: rewrote app/src/main/java/ai/genwhy/nobonk/data/DetectionEvent.kt (8205 chars)
2026-08-29 14:33:43 | PASS 91 · DetectionEvent.kt — generated; running tests…
2026-08-29 14:33:43 | PASS 91 · DetectionEvent.kt — no change
2026-08-29 14:33:53 | PASS 91 · AlertPolicy.kt — coding-lane hardening…
GLM_OK: rewrote app/src/main/java/ai/genwhy/nobonk/ml/AlertPolicy.kt (10684 chars)
2026-08-29 14:36:13 | PASS 91 · AlertPolicy.kt — generated; running tests…
2026-08-29 14:36:14 | PASS 91 · AlertPolicy.kt — no change
2026-08-29 14:36:24 | PASS 91 · AnalyticsEngine.kt — coding-lane hardening…
GLM_OK: rewrote app/src/main/java/ai/genwhy/nobonk/analytics/AnalyticsEngine.kt (10572 chars)
2026-08-29 14:38:25 | PASS 91 · AnalyticsEngine.kt — generated; running tests…
2026-08-29 14:38:26 | PASS 91 · AnalyticsEngine.kt — no change
2026-08-29 14:38:36 | PASS 92 · Nms.kt — coding-lane hardening…
GLM_OK: rewrote app/src/main/java/ai/genwhy/nobonk/ml/Nms.kt (5113 chars)
2026-08-29 14:39:23 | PASS 92 · Nms.kt — generated; running tests…
2026-08-29 14:39:24 | PASS 92 · Nms.kt — no change
2026-08-29 14:39:34 | PASS 92 · LowLight.kt — coding-lane hardening…
GLM_OK: rewrote app/src/main/java/ai/genwhy/nobonk/ml/LowLight.kt (5222 chars)
2026-08-29 14:40:18 | PASS 92 · LowLight.kt — generated; running tests…
2026-08-29 14:40:18 | PASS 92 · LowLight.kt — no change
2026-08-29 14:40:28 | PASS 92 · Letterbox.kt — coding-lane hardening…
GLM_OK: rewrote app/src/main/java/ai/genwhy/nobonk/ml/Letterbox.kt (5540 chars)
2026-08-29 14:41:27 | PASS 92 · Letterbox.kt — generated; running tests…
2026-08-29 14:41:28 | PASS 92 · Letterbox.kt — no change
2026-08-29 14:41:38 | PASS 92 · Detection.kt — coding-lane hardening…
GLM_OK: rewrote app/src/main/java/ai/genwhy/nobonk/model/Detection.kt (5902 chars)
2026-08-29 14:42:24 | PASS 92 · Detection.kt — generated; running tests…
2026-08-29 14:42:25 | PASS 92 · Detection.kt — no change
2026-08-29 14:42:35 | PASS 92 · NormBox.kt — coding-lane hardening…
GLM_OK: rewrote app/src/main/java/ai/genwhy/nobonk/model/NormBox.kt (5135 chars)
2026-08-29 14:43:17 | PASS 92 · NormBox.kt — generated; running tests…
2026-08-29 14:43:18 | PASS 92 · NormBox.kt — no change
2026-08-29 14:43:28 | PASS 92 · SensorMonitor.kt — coding-lane hardening…
GLM_OK: rewrote app/src/main/java/ai/genwhy/nobonk/ml/SensorMonitor.kt (8618 chars)
2026-08-29 14:44:46 | PASS 92 · SensorMonitor.kt — generated; running tests…
2026-08-29 14:44:47 | PASS 92 · SensorMonitor.kt — no change
2026-08-29 14:44:57 | PASS 92 · DetectionEvent.kt — coding-lane hardening…
GLM_OK: rewrote app/src/main/java/ai/genwhy/nobonk/data/DetectionEvent.kt (8205 chars)
2026-08-29 14:46:08 | PASS 92 · DetectionEvent.kt — generated; running tests…
2026-08-29 14:46:08 | PASS 92 · DetectionEvent.kt — no change
2026-08-29 14:46:18 | PASS 92 · AlertPolicy.kt — coding-lane hardening…
GLM_OK: rewrote app/src/main/java/ai/genwhy/nobonk/ml/AlertPolicy.kt (10684 chars)
2026-08-29 14:48:34 | PASS 92 · AlertPolicy.kt — generated; running tests…
2026-08-29 14:48:35 | PASS 92 · AlertPolicy.kt — no change
2026-08-29 14:48:45 | PASS 92 · AnalyticsEngine.kt — coding-lane hardening…
GLM_OK: rewrote app/src/main/java/ai/genwhy/nobonk/analytics/AnalyticsEngine.kt (10572 chars)
2026-08-29 14:55:07 | PASS 92 · AnalyticsEngine.kt — generated; running tests…
2026-08-29 14:55:08 | PASS 92 · AnalyticsEngine.kt — no change
2026-08-29 14:55:18 | PASS 93 · Nms.kt — coding-lane hardening…
GLM_OK: rewrote app/src/main/java/ai/genwhy/nobonk/ml/Nms.kt (5113 chars)
2026-08-29 14:56:04 | PASS 93 · Nms.kt — generated; running tests…
2026-08-29 14:56:05 | PASS 93 · Nms.kt — no change
2026-08-29 14:56:15 | PASS 93 · LowLight.kt — coding-lane hardening…
GLM_OK: rewrote app/src/main/java/ai/genwhy/nobonk/ml/LowLight.kt (5222 chars)
2026-08-29 14:57:01 | PASS 93 · LowLight.kt — generated; running tests…
2026-08-29 14:57:01 | PASS 93 · LowLight.kt — no change
2026-08-29 14:57:11 | PASS 93 · Letterbox.kt — coding-lane hardening…
GLM_OK: rewrote app/src/main/java/ai/genwhy/nobonk/ml/Letterbox.kt (5540 chars)
2026-08-29 14:58:13 | PASS 93 · Letterbox.kt — generated; running tests…
2026-08-29 14:58:13 | PASS 93 · Letterbox.kt — no change
2026-08-29 14:58:23 | PASS 93 · Detection.kt — coding-lane hardening…
GLM_OK: rewrote app/src/main/java/ai/genwhy/nobonk/model/Detection.kt (5902 chars)
2026-08-29 14:59:20 | PASS 93 · Detection.kt — generated; running tests…
2026-08-29 14:59:21 | PASS 93 · Detection.kt — no change
2026-08-29 14:59:31 | PASS 93 · NormBox.kt — coding-lane hardening…
GLM_OK: rewrote app/src/main/java/ai/genwhy/nobonk/model/NormBox.kt (5135 chars)
2026-08-29 15:00:23 | PASS 93 · NormBox.kt — generated; running tests…
2026-08-29 15:00:24 | PASS 93 · NormBox.kt — no change
2026-08-29 15:00:34 | PASS 93 · SensorMonitor.kt — coding-lane hardening…
GLM_OK: rewrote app/src/main/java/ai/genwhy/nobonk/ml/SensorMonitor.kt (8618 chars)
2026-08-29 15:01:44 | PASS 93 · SensorMonitor.kt — generated; running tests…
2026-08-29 15:01:45 | PASS 93 · SensorMonitor.kt — no change
2026-08-29 15:01:55 | PASS 93 · DetectionEvent.kt — coding-lane hardening…
GLM_OK: rewrote app/src/main/java/ai/genwhy/nobonk/data/DetectionEvent.kt (8205 chars)
2026-08-29 15:03:05 | PASS 93 · DetectionEvent.kt — generated; running tests…
2026-08-29 15:03:06 | PASS 93 · DetectionEvent.kt — no change
2026-08-29 15:03:16 | PASS 93 · AlertPolicy.kt — coding-lane hardening…
GLM_OK: rewrote app/src/main/java/ai/genwhy/nobonk/ml/AlertPolicy.kt (10684 chars)
2026-08-29 15:05:27 | PASS 93 · AlertPolicy.kt — generated; running tests…
2026-08-29 15:05:28 | PASS 93 · AlertPolicy.kt — no change
2026-08-29 15:05:38 | PASS 93 · AnalyticsEngine.kt — coding-lane hardening…
GLM_OK: rewrote app/src/main/java/ai/genwhy/nobonk/analytics/AnalyticsEngine.kt (10572 chars)
2026-08-29 15:07:45 | PASS 93 · AnalyticsEngine.kt — generated; running tests…
2026-08-29 15:07:45 | PASS 93 · AnalyticsEngine.kt — no change
2026-08-29 15:07:55 | PASS 94 · Nms.kt — coding-lane hardening…
GLM_OK: rewrote app/src/main/java/ai/genwhy/nobonk/ml/Nms.kt (5113 chars)
2026-08-29 15:08:43 | PASS 94 · Nms.kt — generated; running tests…
2026-08-29 15:08:44 | PASS 94 · Nms.kt — no change
2026-08-29 15:08:54 | PASS 94 · LowLight.kt — coding-lane hardening…
GLM_OK: rewrote app/src/main/java/ai/genwhy/nobonk/ml/LowLight.kt (5222 chars)
2026-08-29 15:09:40 | PASS 94 · LowLight.kt — generated; running tests…
2026-08-29 15:09:41 | PASS 94 · LowLight.kt — no change
2026-08-29 15:09:51 | PASS 94 · Letterbox.kt — coding-lane hardening…
GLM_OK: rewrote app/src/main/java/ai/genwhy/nobonk/ml/Letterbox.kt (5540 chars)
2026-08-29 15:10:51 | PASS 94 · Letterbox.kt — generated; running tests…
2026-08-29 15:10:52 | PASS 94 · Letterbox.kt — no change
2026-08-29 15:11:02 | PASS 94 · Detection.kt — coding-lane hardening…
GLM_OK: rewrote app/src/main/java/ai/genwhy/nobonk/model/Detection.kt (5902 chars)
2026-08-29 15:11:59 | PASS 94 · Detection.kt — generated; running tests…
2026-08-29 15:11:59 | PASS 94 · Detection.kt — no change
2026-08-29 15:12:09 | PASS 94 · NormBox.kt — coding-lane hardening…
GLM_OK: rewrote app/src/main/java/ai/genwhy/nobonk/model/NormBox.kt (5135 chars)
2026-08-29 15:13:00 | PASS 94 · NormBox.kt — generated; running tests…
2026-08-29 15:13:01 | PASS 94 · NormBox.kt — no change
2026-08-29 15:13:11 | PASS 94 · SensorMonitor.kt — coding-lane hardening…
GLM_OK: rewrote app/src/main/java/ai/genwhy/nobonk/ml/SensorMonitor.kt (8618 chars)
2026-08-29 15:14:28 | PASS 94 · SensorMonitor.kt — generated; running tests…
2026-08-29 15:14:29 | PASS 94 · SensorMonitor.kt — no change
2026-08-29 15:14:39 | PASS 94 · DetectionEvent.kt — coding-lane hardening…
GLM_OK: rewrote app/src/main/java/ai/genwhy/nobonk/data/DetectionEvent.kt (8205 chars)
2026-08-29 15:15:55 | PASS 94 · DetectionEvent.kt — generated; running tests…
2026-08-29 15:15:56 | PASS 94 · DetectionEvent.kt — no change
2026-08-29 15:16:06 | PASS 94 · AlertPolicy.kt — coding-lane hardening…
GLM_OK: rewrote app/src/main/java/ai/genwhy/nobonk/ml/AlertPolicy.kt (10684 chars)
2026-08-29 15:18:18 | PASS 94 · AlertPolicy.kt — generated; running tests…
2026-08-29 15:18:19 | PASS 94 · AlertPolicy.kt — no change
2026-08-29 15:18:29 | PASS 94 · AnalyticsEngine.kt — coding-lane hardening…
GLM_OK: rewrote app/src/main/java/ai/genwhy/nobonk/analytics/AnalyticsEngine.kt (10572 chars)
2026-08-29 15:20:29 | PASS 94 · AnalyticsEngine.kt — generated; running tests…
2026-08-29 15:20:30 | PASS 94 · AnalyticsEngine.kt — no change
2026-08-29 15:20:40 | PASS 95 · Nms.kt — coding-lane hardening…
GLM_OK: rewrote app/src/main/java/ai/genwhy/nobonk/ml/Nms.kt (5113 chars)
2026-08-29 15:21:24 | PASS 95 · Nms.kt — generated; running tests…
2026-08-29 15:21:25 | PASS 95 · Nms.kt — no change
2026-08-29 15:21:35 | PASS 95 · LowLight.kt — coding-lane hardening…
GLM_OK: rewrote app/src/main/java/ai/genwhy/nobonk/ml/LowLight.kt (5222 chars)
2026-08-29 15:22:24 | PASS 95 · LowLight.kt — generated; running tests…
2026-08-29 15:22:25 | PASS 95 · LowLight.kt — no change
2026-08-29 15:22:35 | PASS 95 · Letterbox.kt — coding-lane hardening…
GLM_OK: rewrote app/src/main/java/ai/genwhy/nobonk/ml/Letterbox.kt (5540 chars)
2026-08-29 15:23:33 | PASS 95 · Letterbox.kt — generated; running tests…
2026-08-29 15:23:34 | PASS 95 · Letterbox.kt — no change
2026-08-29 15:23:44 | PASS 95 · Detection.kt — coding-lane hardening…
GLM_OK: rewrote app/src/main/java/ai/genwhy/nobonk/model/Detection.kt (5902 chars)
2026-08-29 15:24:41 | PASS 95 · Detection.kt — generated; running tests…
2026-08-29 15:24:41 | PASS 95 · Detection.kt — no change
2026-08-29 15:24:51 | PASS 95 · NormBox.kt — coding-lane hardening…
GLM_OK: rewrote app/src/main/java/ai/genwhy/nobonk/model/NormBox.kt (5135 chars)
2026-08-29 15:25:42 | PASS 95 · NormBox.kt — generated; running tests…
2026-08-29 15:25:43 | PASS 95 · NormBox.kt — no change
2026-08-29 15:25:53 | PASS 95 · SensorMonitor.kt — coding-lane hardening…
GLM_OK: rewrote app/src/main/java/ai/genwhy/nobonk/ml/SensorMonitor.kt (8618 chars)
2026-08-29 15:27:10 | PASS 95 · SensorMonitor.kt — generated; running tests…
2026-08-29 15:27:11 | PASS 95 · SensorMonitor.kt — no change
2026-08-29 15:27:21 | PASS 95 · DetectionEvent.kt — coding-lane hardening…
GLM_OK: rewrote app/src/main/java/ai/genwhy/nobonk/data/DetectionEvent.kt (8205 chars)
2026-08-29 15:28:43 | PASS 95 · DetectionEvent.kt — generated; running tests…
2026-08-29 15:28:44 | PASS 95 · DetectionEvent.kt — no change
2026-08-29 15:28:54 | PASS 95 · AlertPolicy.kt — coding-lane hardening…
GLM_OK: rewrote app/src/main/java/ai/genwhy/nobonk/ml/AlertPolicy.kt (10684 chars)
2026-08-29 15:35:24 | PASS 95 · AlertPolicy.kt — generated; running tests…
2026-08-29 15:35:25 | PASS 95 · AlertPolicy.kt — no change
2026-08-29 15:35:35 | PASS 95 · AnalyticsEngine.kt — coding-lane hardening…
GLM_OK: rewrote app/src/main/java/ai/genwhy/nobonk/analytics/AnalyticsEngine.kt (10572 chars)
2026-08-29 15:37:28 | PASS 95 · AnalyticsEngine.kt — generated; running tests…
2026-08-29 15:37:29 | PASS 95 · AnalyticsEngine.kt — no change
2026-08-29 15:37:39 | PASS 96 · Nms.kt — coding-lane hardening…
GLM_OK: rewrote app/src/main/java/ai/genwhy/nobonk/ml/Nms.kt (5113 chars)
2026-08-29 15:38:23 | PASS 96 · Nms.kt — generated; running tests…
2026-08-29 15:38:24 | PASS 96 · Nms.kt — no change
2026-08-29 15:38:34 | PASS 96 · LowLight.kt — coding-lane hardening…
GLM_OK: rewrote app/src/main/java/ai/genwhy/nobonk/ml/LowLight.kt (5222 chars)
2026-08-29 15:39:19 | PASS 96 · LowLight.kt — generated; running tests…
2026-08-29 15:39:20 | PASS 96 · LowLight.kt — no change
2026-08-29 15:39:30 | PASS 96 · Letterbox.kt — coding-lane hardening…
GLM_OK: rewrote app/src/main/java/ai/genwhy/nobonk/ml/Letterbox.kt (5540 chars)
2026-08-29 15:41:11 | PASS 96 · Letterbox.kt — generated; running tests…
2026-08-29 15:41:12 | PASS 96 · Letterbox.kt — no change
2026-08-29 15:41:22 | PASS 96 · Detection.kt — coding-lane hardening…
GLM_OK: rewrote app/src/main/java/ai/genwhy/nobonk/model/Detection.kt (5902 chars)
2026-08-29 15:42:24 | PASS 96 · Detection.kt — generated; running tests…
2026-08-29 15:42:25 | PASS 96 · Detection.kt — no change
2026-08-29 15:42:35 | PASS 96 · NormBox.kt — coding-lane hardening…
GLM_OK: rewrote app/src/main/java/ai/genwhy/nobonk/model/NormBox.kt (5135 chars)
2026-08-29 15:43:27 | PASS 96 · NormBox.kt — generated; running tests…
2026-08-29 15:43:27 | PASS 96 · NormBox.kt — no change
2026-08-29 15:43:37 | PASS 96 · SensorMonitor.kt — coding-lane hardening…
GLM_OK: rewrote app/src/main/java/ai/genwhy/nobonk/ml/SensorMonitor.kt (8618 chars)
2026-08-29 15:44:54 | PASS 96 · SensorMonitor.kt — generated; running tests…
2026-08-29 15:44:55 | PASS 96 · SensorMonitor.kt — no change
2026-08-29 15:45:05 | PASS 96 · DetectionEvent.kt — coding-lane hardening…
GLM_OK: rewrote app/src/main/java/ai/genwhy/nobonk/data/DetectionEvent.kt (8205 chars)
2026-08-29 15:46:17 | PASS 96 · DetectionEvent.kt — generated; running tests…
2026-08-29 15:46:18 | PASS 96 · DetectionEvent.kt — no change
2026-08-29 15:46:28 | PASS 96 · AlertPolicy.kt — coding-lane hardening…
GLM_OK: rewrote app/src/main/java/ai/genwhy/nobonk/ml/AlertPolicy.kt (10684 chars)
2026-08-29 15:48:47 | PASS 96 · AlertPolicy.kt — generated; running tests…
2026-08-29 15:48:48 | PASS 96 · AlertPolicy.kt — no change
2026-08-29 15:48:58 | PASS 96 · AnalyticsEngine.kt — coding-lane hardening…
GLM_OK: rewrote app/src/main/java/ai/genwhy/nobonk/analytics/AnalyticsEngine.kt (10572 chars)
2026-08-29 15:50:54 | PASS 96 · AnalyticsEngine.kt — generated; running tests…
2026-08-29 15:50:55 | PASS 96 · AnalyticsEngine.kt — no change
2026-08-29 15:51:05 | PASS 97 · Nms.kt — coding-lane hardening…
GLM_OK: rewrote app/src/main/java/ai/genwhy/nobonk/ml/Nms.kt (5113 chars)
2026-08-29 15:51:55 | PASS 97 · Nms.kt — generated; running tests…
2026-08-29 15:51:55 | PASS 97 · Nms.kt — no change
2026-08-29 15:52:05 | PASS 97 · LowLight.kt — coding-lane hardening…
GLM_OK: rewrote app/src/main/java/ai/genwhy/nobonk/ml/LowLight.kt (5222 chars)
2026-08-29 15:52:52 | PASS 97 · LowLight.kt — generated; running tests…
2026-08-29 15:52:52 | PASS 97 · LowLight.kt — no change
2026-08-29 15:53:02 | PASS 97 · Letterbox.kt — coding-lane hardening…
GLM_OK: rewrote app/src/main/java/ai/genwhy/nobonk/ml/Letterbox.kt (5540 chars)
2026-08-29 15:54:01 | PASS 97 · Letterbox.kt — generated; running tests…
2026-08-29 15:54:02 | PASS 97 · Letterbox.kt — no change
2026-08-29 15:54:12 | PASS 97 · Detection.kt — coding-lane hardening…
GLM_OK: rewrote app/src/main/java/ai/genwhy/nobonk/model/Detection.kt (5902 chars)
2026-08-29 15:55:09 | PASS 97 · Detection.kt — generated; running tests…
2026-08-29 15:55:10 | PASS 97 · Detection.kt — no change
2026-08-29 15:55:20 | PASS 97 · NormBox.kt — coding-lane hardening…
GLM_OK: rewrote app/src/main/java/ai/genwhy/nobonk/model/NormBox.kt (5135 chars)
2026-08-29 15:56:04 | PASS 97 · NormBox.kt — generated; running tests…
2026-08-29 15:56:05 | PASS 97 · NormBox.kt — no change
2026-08-29 15:56:15 | PASS 97 · SensorMonitor.kt — coding-lane hardening…
GLM_OK: rewrote app/src/main/java/ai/genwhy/nobonk/ml/SensorMonitor.kt (8618 chars)
2026-08-29 15:58:00 | PASS 97 · SensorMonitor.kt — generated; running tests…
2026-08-29 15:58:01 | PASS 97 · SensorMonitor.kt — no change
2026-08-29 15:58:11 | PASS 97 · DetectionEvent.kt — coding-lane hardening…
GLM_OK: rewrote app/src/main/java/ai/genwhy/nobonk/data/DetectionEvent.kt (8205 chars)
2026-08-29 15:59:19 | PASS 97 · DetectionEvent.kt — generated; running tests…
2026-08-29 15:59:20 | PASS 97 · DetectionEvent.kt — no change
2026-08-29 15:59:30 | PASS 97 · AlertPolicy.kt — coding-lane hardening…
GLM_OK: rewrote app/src/main/java/ai/genwhy/nobonk/ml/AlertPolicy.kt (10684 chars)
2026-08-29 16:01:49 | PASS 97 · AlertPolicy.kt — generated; running tests…
2026-08-29 16:01:49 | PASS 97 · AlertPolicy.kt — no change
2026-08-29 16:01:59 | PASS 97 · AnalyticsEngine.kt — coding-lane hardening…
GLM_OK: rewrote app/src/main/java/ai/genwhy/nobonk/analytics/AnalyticsEngine.kt (10572 chars)
2026-08-29 16:04:02 | PASS 97 · AnalyticsEngine.kt — generated; running tests…
2026-08-29 16:04:03 | PASS 97 · AnalyticsEngine.kt — no change
2026-08-29 16:04:13 | PASS 98 · Nms.kt — coding-lane hardening…
GLM_OK: rewrote app/src/main/java/ai/genwhy/nobonk/ml/Nms.kt (5113 chars)
2026-08-29 16:05:07 | PASS 98 · Nms.kt — generated; running tests…
2026-08-29 16:05:08 | PASS 98 · Nms.kt — no change
2026-08-29 16:05:18 | PASS 98 · LowLight.kt — coding-lane hardening…
GLM_OK: rewrote app/src/main/java/ai/genwhy/nobonk/ml/LowLight.kt (5222 chars)
2026-08-29 16:06:03 | PASS 98 · LowLight.kt — generated; running tests…
2026-08-29 16:06:04 | PASS 98 · LowLight.kt — no change
2026-08-29 16:06:14 | PASS 98 · Letterbox.kt — coding-lane hardening…
GLM_OK: rewrote app/src/main/java/ai/genwhy/nobonk/ml/Letterbox.kt (5540 chars)
2026-08-29 16:09:24 | PASS 98 · Letterbox.kt — generated; running tests…
2026-08-29 16:09:25 | PASS 98 · Letterbox.kt — no change
2026-08-29 16:09:35 | PASS 98 · Detection.kt — coding-lane hardening…
GLM_OK: rewrote app/src/main/java/ai/genwhy/nobonk/model/Detection.kt (5902 chars)
2026-08-29 16:10:34 | PASS 98 · Detection.kt — generated; running tests…
2026-08-29 16:10:35 | PASS 98 · Detection.kt — no change
2026-08-29 16:10:45 | PASS 98 · NormBox.kt — coding-lane hardening…
GLM_OK: rewrote app/src/main/java/ai/genwhy/nobonk/model/NormBox.kt (5135 chars)
2026-08-29 16:11:43 | PASS 98 · NormBox.kt — generated; running tests…
2026-08-29 16:11:44 | PASS 98 · NormBox.kt — no change
2026-08-29 16:11:54 | PASS 98 · SensorMonitor.kt — coding-lane hardening…
GLM_OK: rewrote app/src/main/java/ai/genwhy/nobonk/ml/SensorMonitor.kt (8618 chars)
2026-08-29 16:13:12 | PASS 98 · SensorMonitor.kt — generated; running tests…
2026-08-29 16:13:13 | PASS 98 · SensorMonitor.kt — no change
2026-08-29 16:13:23 | PASS 98 · DetectionEvent.kt — coding-lane hardening…
GLM_OK: rewrote app/src/main/java/ai/genwhy/nobonk/data/DetectionEvent.kt (8205 chars)
2026-08-29 16:14:40 | PASS 98 · DetectionEvent.kt — generated; running tests…
2026-08-29 16:14:41 | PASS 98 · DetectionEvent.kt — no change
2026-08-29 16:14:51 | PASS 98 · AlertPolicy.kt — coding-lane hardening…
GLM_OK: rewrote app/src/main/java/ai/genwhy/nobonk/ml/AlertPolicy.kt (10684 chars)
2026-08-29 16:16:59 | PASS 98 · AlertPolicy.kt — generated; running tests…
2026-08-29 16:17:00 | PASS 98 · AlertPolicy.kt — no change
2026-08-29 16:17:10 | PASS 98 · AnalyticsEngine.kt — coding-lane hardening…
GLM_OK: rewrote app/src/main/java/ai/genwhy/nobonk/analytics/AnalyticsEngine.kt (10572 chars)
2026-08-29 16:19:09 | PASS 98 · AnalyticsEngine.kt — generated; running tests…
2026-08-29 16:19:10 | PASS 98 · AnalyticsEngine.kt — no change
2026-08-29 16:19:20 | PASS 99 · Nms.kt — coding-lane hardening…
GLM_OK: rewrote app/src/main/java/ai/genwhy/nobonk/ml/Nms.kt (5113 chars)
2026-08-29 16:20:07 | PASS 99 · Nms.kt — generated; running tests…
2026-08-29 16:20:08 | PASS 99 · Nms.kt — no change
2026-08-29 16:20:18 | PASS 99 · LowLight.kt — coding-lane hardening…
GLM_OK: rewrote app/src/main/java/ai/genwhy/nobonk/ml/LowLight.kt (5222 chars)
2026-08-29 16:21:10 | PASS 99 · LowLight.kt — generated; running tests…
2026-08-29 16:21:11 | PASS 99 · LowLight.kt — no change
2026-08-29 16:21:21 | PASS 99 · Letterbox.kt — coding-lane hardening…
GLM_OK: rewrote app/src/main/java/ai/genwhy/nobonk/ml/Letterbox.kt (5540 chars)
2026-08-29 16:22:22 | PASS 99 · Letterbox.kt — generated; running tests…
2026-08-29 16:22:23 | PASS 99 · Letterbox.kt — no change
2026-08-29 16:22:33 | PASS 99 · Detection.kt — coding-lane hardening…
GLM_OK: rewrote app/src/main/java/ai/genwhy/nobonk/model/Detection.kt (5902 chars)
2026-08-29 16:23:29 | PASS 99 · Detection.kt — generated; running tests…
2026-08-29 16:23:29 | PASS 99 · Detection.kt — no change
2026-08-29 16:23:39 | PASS 99 · NormBox.kt — coding-lane hardening…
GLM_OK: rewrote app/src/main/java/ai/genwhy/nobonk/model/NormBox.kt (5135 chars)
2026-08-29 16:24:30 | PASS 99 · NormBox.kt — generated; running tests…
2026-08-29 16:24:31 | PASS 99 · NormBox.kt — no change
2026-08-29 16:24:41 | PASS 99 · SensorMonitor.kt — coding-lane hardening…
GLM_OK: rewrote app/src/main/java/ai/genwhy/nobonk/ml/SensorMonitor.kt (8618 chars)
2026-08-29 16:25:45 | PASS 99 · SensorMonitor.kt — generated; running tests…
2026-08-29 16:25:45 | PASS 99 · SensorMonitor.kt — no change
2026-08-29 16:25:55 | PASS 99 · DetectionEvent.kt — coding-lane hardening…
GLM_OK: rewrote app/src/main/java/ai/genwhy/nobonk/data/DetectionEvent.kt (8205 chars)
2026-08-29 16:27:05 | PASS 99 · DetectionEvent.kt — generated; running tests…
2026-08-29 16:27:05 | PASS 99 · DetectionEvent.kt — no change
2026-08-29 16:27:15 | PASS 99 · AlertPolicy.kt — coding-lane hardening…
GLM_OK: rewrote app/src/main/java/ai/genwhy/nobonk/ml/AlertPolicy.kt (10684 chars)
2026-08-29 16:29:37 | PASS 99 · AlertPolicy.kt — generated; running tests…
2026-08-29 16:29:38 | PASS 99 · AlertPolicy.kt — no change
2026-08-29 16:29:48 | PASS 99 · AnalyticsEngine.kt — coding-lane hardening…
GLM_OK: rewrote app/src/main/java/ai/genwhy/nobonk/analytics/AnalyticsEngine.kt (10572 chars)
2026-08-29 16:38:17 | PASS 99 · AnalyticsEngine.kt — generated; running tests…
2026-08-29 16:38:18 | PASS 99 · AnalyticsEngine.kt — no change
2026-08-29 16:38:28 | PASS 100 · Nms.kt — coding-lane hardening…
GLM_OK: rewrote app/src/main/java/ai/genwhy/nobonk/ml/Nms.kt (5113 chars)
2026-08-29 16:39:22 | PASS 100 · Nms.kt — generated; running tests…
2026-08-29 16:39:23 | PASS 100 · Nms.kt — no change
2026-08-29 16:39:33 | PASS 100 · LowLight.kt — coding-lane hardening…
GLM_OK: rewrote app/src/main/java/ai/genwhy/nobonk/ml/LowLight.kt (5222 chars)
2026-08-29 16:40:20 | PASS 100 · LowLight.kt — generated; running tests…
2026-08-29 16:40:20 | PASS 100 · LowLight.kt — no change
2026-08-29 16:40:30 | PASS 100 · Letterbox.kt — coding-lane hardening…
GLM_OK: rewrote app/src/main/java/ai/genwhy/nobonk/ml/Letterbox.kt (5540 chars)
2026-08-29 16:41:29 | PASS 100 · Letterbox.kt — generated; running tests…
2026-08-29 16:41:30 | PASS 100 · Letterbox.kt — no change
2026-08-29 16:41:40 | PASS 100 · Detection.kt — coding-lane hardening…
GLM_OK: rewrote app/src/main/java/ai/genwhy/nobonk/model/Detection.kt (5902 chars)
2026-08-29 16:42:35 | PASS 100 · Detection.kt — generated; running tests…
2026-08-29 16:42:36 | PASS 100 · Detection.kt — no change
2026-08-29 16:42:46 | PASS 100 · NormBox.kt — coding-lane hardening…
GLM_OK: rewrote app/src/main/java/ai/genwhy/nobonk/model/NormBox.kt (5135 chars)
2026-08-29 16:43:42 | PASS 100 · NormBox.kt — generated; running tests…
2026-08-29 16:43:42 | PASS 100 · NormBox.kt — no change
2026-08-29 16:43:52 | PASS 100 · SensorMonitor.kt — coding-lane hardening…
GLM_OK: rewrote app/src/main/java/ai/genwhy/nobonk/ml/SensorMonitor.kt (8618 chars)
2026-08-29 16:45:38 | PASS 100 · SensorMonitor.kt — generated; running tests…
2026-08-29 16:45:39 | PASS 100 · SensorMonitor.kt — no change
2026-08-29 16:45:49 | PASS 100 · DetectionEvent.kt — coding-lane hardening…
GLM_OK: rewrote app/src/main/java/ai/genwhy/nobonk/data/DetectionEvent.kt (8205 chars)
2026-08-29 16:46:55 | PASS 100 · DetectionEvent.kt — generated; running tests…
2026-08-29 16:46:55 | PASS 100 · DetectionEvent.kt — no change
2026-08-29 16:47:05 | PASS 100 · AlertPolicy.kt — coding-lane hardening…
GLM_OK: rewrote app/src/main/java/ai/genwhy/nobonk/ml/AlertPolicy.kt (10684 chars)
2026-08-29 16:49:26 | PASS 100 · AlertPolicy.kt — generated; running tests…
2026-08-29 16:49:26 | PASS 100 · AlertPolicy.kt — no change
2026-08-29 16:49:36 | PASS 100 · AnalyticsEngine.kt — coding-lane hardening…
GLM_OK: rewrote app/src/main/java/ai/genwhy/nobonk/analytics/AnalyticsEngine.kt (10572 chars)
2026-08-29 16:51:38 | PASS 100 · AnalyticsEngine.kt — generated; running tests…
2026-08-29 16:51:39 | PASS 100 · AnalyticsEngine.kt — no change
2026-08-29 16:51:49 | PASS 101 · Nms.kt — coding-lane hardening…
GLM_OK: rewrote app/src/main/java/ai/genwhy/nobonk/ml/Nms.kt (5113 chars)
2026-08-29 16:52:36 | PASS 101 · Nms.kt — generated; running tests…
2026-08-29 16:52:36 | PASS 101 · Nms.kt — no change
2026-08-29 16:52:46 | PASS 101 · LowLight.kt — coding-lane hardening…
GLM_OK: rewrote app/src/main/java/ai/genwhy/nobonk/ml/LowLight.kt (5222 chars)
2026-08-29 16:53:32 | PASS 101 · LowLight.kt — generated; running tests…
2026-08-29 16:53:33 | PASS 101 · LowLight.kt — no change
2026-08-29 16:53:43 | PASS 101 · Letterbox.kt — coding-lane hardening…
GLM_OK: rewrote app/src/main/java/ai/genwhy/nobonk/ml/Letterbox.kt (5540 chars)
2026-08-29 16:54:50 | PASS 101 · Letterbox.kt — generated; running tests…
2026-08-29 16:54:50 | PASS 101 · Letterbox.kt — no change
2026-08-29 16:55:00 | PASS 101 · Detection.kt — coding-lane hardening…
GLM_OK: rewrote app/src/main/java/ai/genwhy/nobonk/model/Detection.kt (5902 chars)
2026-08-29 16:55:48 | PASS 101 · Detection.kt — generated; running tests…
2026-08-29 16:55:49 | PASS 101 · Detection.kt — no change
2026-08-29 16:55:59 | PASS 101 · NormBox.kt — coding-lane hardening…
GLM_OK: rewrote app/src/main/java/ai/genwhy/nobonk/model/NormBox.kt (5135 chars)
2026-08-29 16:56:58 | PASS 101 · NormBox.kt — generated; running tests…
2026-08-29 16:56:59 | PASS 101 · NormBox.kt — no change
2026-08-29 16:57:09 | PASS 101 · SensorMonitor.kt — coding-lane hardening…
GLM_OK: rewrote app/src/main/java/ai/genwhy/nobonk/ml/SensorMonitor.kt (8618 chars)
2026-08-29 16:59:01 | PASS 101 · SensorMonitor.kt — generated; running tests…
2026-08-29 16:59:02 | PASS 101 · SensorMonitor.kt — no change
2026-08-29 16:59:12 | PASS 101 · DetectionEvent.kt — coding-lane hardening…
GLM_OK: rewrote app/src/main/java/ai/genwhy/nobonk/data/DetectionEvent.kt (8205 chars)
2026-08-29 17:00:48 | PASS 101 · DetectionEvent.kt — generated; running tests…
2026-08-29 17:00:49 | PASS 101 · DetectionEvent.kt — no change
2026-08-29 17:00:59 | PASS 101 · AlertPolicy.kt — coding-lane hardening…
GLM_OK: rewrote app/src/main/java/ai/genwhy/nobonk/ml/AlertPolicy.kt (10684 chars)
2026-08-29 17:03:18 | PASS 101 · AlertPolicy.kt — generated; running tests…
2026-08-29 17:03:19 | PASS 101 · AlertPolicy.kt — no change
2026-08-29 17:03:29 | PASS 101 · AnalyticsEngine.kt — coding-lane hardening…
GLM_OK: rewrote app/src/main/java/ai/genwhy/nobonk/analytics/AnalyticsEngine.kt (10572 chars)
2026-08-29 17:05:26 | PASS 101 · AnalyticsEngine.kt — generated; running tests…
2026-08-29 17:05:26 | PASS 101 · AnalyticsEngine.kt — no change
2026-08-29 17:05:36 | PASS 102 · Nms.kt — coding-lane hardening…
GLM_OK: rewrote app/src/main/java/ai/genwhy/nobonk/ml/Nms.kt (5113 chars)
2026-08-29 17:06:27 | PASS 102 · Nms.kt — generated; running tests…
2026-08-29 17:06:28 | PASS 102 · Nms.kt — no change
2026-08-29 17:06:38 | PASS 102 · LowLight.kt — coding-lane hardening…
GLM_OK: rewrote app/src/main/java/ai/genwhy/nobonk/ml/LowLight.kt (5222 chars)
2026-08-29 17:07:24 | PASS 102 · LowLight.kt — generated; running tests…
2026-08-29 17:07:25 | PASS 102 · LowLight.kt — no change
2026-08-29 17:07:35 | PASS 102 · Letterbox.kt — coding-lane hardening…
GLM_OK: rewrote app/src/main/java/ai/genwhy/nobonk/ml/Letterbox.kt (5540 chars)
2026-08-29 17:08:22 | PASS 102 · Letterbox.kt — generated; running tests…
2026-08-29 17:08:23 | PASS 102 · Letterbox.kt — no change
2026-08-29 17:08:33 | PASS 102 · Detection.kt — coding-lane hardening…
GLM_OK: rewrote app/src/main/java/ai/genwhy/nobonk/model/Detection.kt (5902 chars)
2026-08-29 17:09:51 | PASS 102 · Detection.kt — generated; running tests…
2026-08-29 17:09:51 | PASS 102 · Detection.kt — no change
2026-08-29 17:10:01 | PASS 102 · NormBox.kt — coding-lane hardening…
GLM_OK: rewrote app/src/main/java/ai/genwhy/nobonk/model/NormBox.kt (5135 chars)
2026-08-29 17:10:51 | PASS 102 · NormBox.kt — generated; running tests…
2026-08-29 17:10:52 | PASS 102 · NormBox.kt — no change
2026-08-29 17:11:02 | PASS 102 · SensorMonitor.kt — coding-lane hardening…
GLM_OK: rewrote app/src/main/java/ai/genwhy/nobonk/ml/SensorMonitor.kt (8618 chars)
2026-08-29 17:12:58 | PASS 102 · SensorMonitor.kt — generated; running tests…
2026-08-29 17:12:58 | PASS 102 · SensorMonitor.kt — no change
2026-08-29 17:13:08 | PASS 102 · DetectionEvent.kt — coding-lane hardening…
GLM_OK: rewrote app/src/main/java/ai/genwhy/nobonk/data/DetectionEvent.kt (8205 chars)
2026-08-29 17:14:40 | PASS 102 · DetectionEvent.kt — generated; running tests…
2026-08-29 17:14:41 | PASS 102 · DetectionEvent.kt — no change
2026-08-29 17:14:51 | PASS 102 · AlertPolicy.kt — coding-lane hardening…
GLM_OK: rewrote app/src/main/java/ai/genwhy/nobonk/ml/AlertPolicy.kt (10684 chars)
2026-08-29 17:17:21 | PASS 102 · AlertPolicy.kt — generated; running tests…
2026-08-29 17:17:22 | PASS 102 · AlertPolicy.kt — no change
2026-08-29 17:17:32 | PASS 102 · AnalyticsEngine.kt — coding-lane hardening…
GLM_OK: rewrote app/src/main/java/ai/genwhy/nobonk/analytics/AnalyticsEngine.kt (10572 chars)
2026-08-29 17:19:17 | PASS 102 · AnalyticsEngine.kt — generated; running tests…
2026-08-29 17:19:18 | PASS 102 · AnalyticsEngine.kt — no change
2026-08-29 17:19:28 | PASS 103 · Nms.kt — coding-lane hardening…
GLM_OK: rewrote app/src/main/java/ai/genwhy/nobonk/ml/Nms.kt (5113 chars)
2026-08-29 17:20:15 | PASS 103 · Nms.kt — generated; running tests…
2026-08-29 17:20:16 | PASS 103 · Nms.kt — no change
2026-08-29 17:20:26 | PASS 103 · LowLight.kt — coding-lane hardening…
GLM_OK: rewrote app/src/main/java/ai/genwhy/nobonk/ml/LowLight.kt (5222 chars)
2026-08-29 17:21:15 | PASS 103 · LowLight.kt — generated; running tests…
2026-08-29 17:21:16 | PASS 103 · LowLight.kt — no change
2026-08-29 17:21:26 | PASS 103 · Letterbox.kt — coding-lane hardening…
GLM_OK: rewrote app/src/main/java/ai/genwhy/nobonk/ml/Letterbox.kt (5540 chars)
2026-08-29 17:22:27 | PASS 103 · Letterbox.kt — generated; running tests…
2026-08-29 17:22:28 | PASS 103 · Letterbox.kt — no change
2026-08-29 17:22:38 | PASS 103 · Detection.kt — coding-lane hardening…
GLM_OK: rewrote app/src/main/java/ai/genwhy/nobonk/model/Detection.kt (5902 chars)
2026-08-29 17:23:40 | PASS 103 · Detection.kt — generated; running tests…
2026-08-29 17:23:41 | PASS 103 · Detection.kt — no change
2026-08-29 17:23:51 | PASS 103 · NormBox.kt — coding-lane hardening…
GLM_OK: rewrote app/src/main/java/ai/genwhy/nobonk/model/NormBox.kt (5135 chars)
2026-08-29 17:24:44 | PASS 103 · NormBox.kt — generated; running tests…
2026-08-29 17:24:45 | PASS 103 · NormBox.kt — no change
2026-08-29 17:24:55 | PASS 103 · SensorMonitor.kt — coding-lane hardening…
GLM_OK: rewrote app/src/main/java/ai/genwhy/nobonk/ml/SensorMonitor.kt (8618 chars)
2026-08-29 17:26:48 | PASS 103 · SensorMonitor.kt — generated; running tests…
2026-08-29 17:26:49 | PASS 103 · SensorMonitor.kt — no change
2026-08-29 17:26:59 | PASS 103 · DetectionEvent.kt — coding-lane hardening…
GLM_OK: rewrote app/src/main/java/ai/genwhy/nobonk/data/DetectionEvent.kt (8205 chars)
2026-08-29 17:28:21 | PASS 103 · DetectionEvent.kt — generated; running tests…
2026-08-29 17:28:21 | PASS 103 · DetectionEvent.kt — no change
2026-08-29 17:28:31 | PASS 103 · AlertPolicy.kt — coding-lane hardening…
GLM_OK: rewrote app/src/main/java/ai/genwhy/nobonk/ml/AlertPolicy.kt (10637 chars)
2026-08-29 17:30:53 | PASS 103 · AlertPolicy.kt — generated; running tests…
2026-08-29 17:30:58 | PASS 103 · AlertPolicy.kt — TESTS GREEN, committed
2026-08-29 17:31:00 |   pushed to origin
2026-08-29 17:31:10 | PASS 103 · AnalyticsEngine.kt — coding-lane hardening…
GLM_OK: rewrote app/src/main/java/ai/genwhy/nobonk/analytics/AnalyticsEngine.kt (10572 chars)
2026-08-29 17:32:55 | PASS 103 · AnalyticsEngine.kt — generated; running tests…
2026-08-29 17:32:56 | PASS 103 · AnalyticsEngine.kt — no change
2026-08-29 17:33:06 | PASS 104 · Nms.kt — coding-lane hardening…
GLM_OK: rewrote app/src/main/java/ai/genwhy/nobonk/ml/Nms.kt (5113 chars)
2026-08-29 17:33:51 | PASS 104 · Nms.kt — generated; running tests…
2026-08-29 17:33:52 | PASS 104 · Nms.kt — no change
2026-08-29 17:34:02 | PASS 104 · LowLight.kt — coding-lane hardening…
GLM_OK: rewrote app/src/main/java/ai/genwhy/nobonk/ml/LowLight.kt (5222 chars)
2026-08-29 17:34:53 | PASS 104 · LowLight.kt — generated; running tests…
2026-08-29 17:34:54 | PASS 104 · LowLight.kt — no change
2026-08-29 17:35:04 | PASS 104 · Letterbox.kt — coding-lane hardening…
GLM_OK: rewrote app/src/main/java/ai/genwhy/nobonk/ml/Letterbox.kt (5540 chars)
2026-08-29 17:36:01 | PASS 104 · Letterbox.kt — generated; running tests…
2026-08-29 17:36:02 | PASS 104 · Letterbox.kt — no change
2026-08-29 17:36:12 | PASS 104 · Detection.kt — coding-lane hardening…
GLM_OK: rewrote app/src/main/java/ai/genwhy/nobonk/model/Detection.kt (5902 chars)
2026-08-29 17:37:07 | PASS 104 · Detection.kt — generated; running tests…
2026-08-29 17:37:08 | PASS 104 · Detection.kt — no change
2026-08-29 17:37:18 | PASS 104 · NormBox.kt — coding-lane hardening…
GLM_OK: rewrote app/src/main/java/ai/genwhy/nobonk/model/NormBox.kt (5135 chars)
2026-08-29 17:38:11 | PASS 104 · NormBox.kt — generated; running tests…
2026-08-29 17:38:11 | PASS 104 · NormBox.kt — no change
2026-08-29 17:38:21 | PASS 104 · SensorMonitor.kt — coding-lane hardening…
GLM_OK: rewrote app/src/main/java/ai/genwhy/nobonk/ml/SensorMonitor.kt (8618 chars)
2026-08-29 17:39:21 | PASS 104 · SensorMonitor.kt — generated; running tests…
2026-08-29 17:39:22 | PASS 104 · SensorMonitor.kt — no change
2026-08-29 17:39:32 | PASS 104 · DetectionEvent.kt — coding-lane hardening…
GLM_OK: rewrote app/src/main/java/ai/genwhy/nobonk/data/DetectionEvent.kt (8205 chars)
2026-08-29 17:40:41 | PASS 104 · DetectionEvent.kt — generated; running tests…
2026-08-29 17:40:41 | PASS 104 · DetectionEvent.kt — no change
2026-08-29 17:40:51 | PASS 104 · AlertPolicy.kt — coding-lane hardening…
GLM_OK: rewrote app/src/main/java/ai/genwhy/nobonk/ml/AlertPolicy.kt (10637 chars)
2026-08-29 17:43:10 | PASS 104 · AlertPolicy.kt — generated; running tests…
2026-08-29 17:43:11 | PASS 104 · AlertPolicy.kt — no change
2026-08-29 17:43:21 | PASS 104 · AnalyticsEngine.kt — coding-lane hardening…
GLM_OK: rewrote app/src/main/java/ai/genwhy/nobonk/analytics/AnalyticsEngine.kt (10572 chars)
2026-08-29 17:45:24 | PASS 104 · AnalyticsEngine.kt — generated; running tests…
2026-08-29 17:45:25 | PASS 104 · AnalyticsEngine.kt — no change
2026-08-29 17:45:35 | PASS 105 · Nms.kt — coding-lane hardening…
GLM_OK: rewrote app/src/main/java/ai/genwhy/nobonk/ml/Nms.kt (5113 chars)
2026-08-29 17:46:19 | PASS 105 · Nms.kt — generated; running tests…
2026-08-29 17:46:20 | PASS 105 · Nms.kt — no change
2026-08-29 17:46:30 | PASS 105 · LowLight.kt — coding-lane hardening…
GLM_OK: rewrote app/src/main/java/ai/genwhy/nobonk/ml/LowLight.kt (5222 chars)
2026-08-29 17:47:14 | PASS 105 · LowLight.kt — generated; running tests…
2026-08-29 17:47:15 | PASS 105 · LowLight.kt — no change
2026-08-29 17:47:25 | PASS 105 · Letterbox.kt — coding-lane hardening…
GLM_OK: rewrote app/src/main/java/ai/genwhy/nobonk/ml/Letterbox.kt (5668 chars)
2026-08-29 17:48:25 | PASS 105 · Letterbox.kt — generated; running tests…
2026-08-29 17:48:27 | PASS 105 · Letterbox.kt — TESTS GREEN, committed
2026-08-29 17:48:29 |   pushed to origin
2026-08-29 17:48:39 | PASS 105 · Detection.kt — coding-lane hardening…
GLM_OK: rewrote app/src/main/java/ai/genwhy/nobonk/model/Detection.kt (5902 chars)
2026-08-29 17:50:17 | PASS 105 · Detection.kt — generated; running tests…
2026-08-29 17:50:18 | PASS 105 · Detection.kt — no change
2026-08-29 17:50:28 | PASS 105 · NormBox.kt — coding-lane hardening…
GLM_OK: rewrote app/src/main/java/ai/genwhy/nobonk/model/NormBox.kt (5161 chars)
2026-08-29 17:53:51 | PASS 105 · NormBox.kt — generated; running tests…
2026-08-29 17:53:52 | PASS 105 · NormBox.kt — TESTS GREEN, committed
2026-08-29 17:53:54 |   pushed to origin
2026-08-29 17:54:04 | PASS 105 · SensorMonitor.kt — coding-lane hardening…
GLM_OK: rewrote app/src/main/java/ai/genwhy/nobonk/ml/SensorMonitor.kt (8618 chars)
2026-08-29 17:55:55 | PASS 105 · SensorMonitor.kt — generated; running tests…
2026-08-29 17:55:56 | PASS 105 · SensorMonitor.kt — no change
2026-08-29 17:56:06 | PASS 105 · DetectionEvent.kt — coding-lane hardening…
GLM_OK: rewrote app/src/main/java/ai/genwhy/nobonk/data/DetectionEvent.kt (8205 chars)
2026-08-29 18:00:34 | PASS 105 · DetectionEvent.kt — generated; running tests…
2026-08-29 18:00:35 | PASS 105 · DetectionEvent.kt — no change
2026-08-29 18:00:45 | PASS 105 · AlertPolicy.kt — coding-lane hardening…
GLM_OK: rewrote app/src/main/java/ai/genwhy/nobonk/ml/AlertPolicy.kt (10637 chars)
2026-08-29 18:03:05 | PASS 105 · AlertPolicy.kt — generated; running tests…
2026-08-29 18:03:06 | PASS 105 · AlertPolicy.kt — no change
2026-08-29 18:03:16 | PASS 105 · AnalyticsEngine.kt — coding-lane hardening…
GLM_OK: rewrote app/src/main/java/ai/genwhy/nobonk/analytics/AnalyticsEngine.kt (10572 chars)
2026-08-29 18:05:19 | PASS 105 · AnalyticsEngine.kt — generated; running tests…
2026-08-29 18:05:20 | PASS 105 · AnalyticsEngine.kt — no change
2026-08-29 18:05:30 | PASS 106 · Nms.kt — coding-lane hardening…
GLM_OK: rewrote app/src/main/java/ai/genwhy/nobonk/ml/Nms.kt (5113 chars)
2026-08-29 18:06:20 | PASS 106 · Nms.kt — generated; running tests…
2026-08-29 18:06:20 | PASS 106 · Nms.kt — no change
2026-08-29 18:06:30 | PASS 106 · LowLight.kt — coding-lane hardening…
GLM_OK: rewrote app/src/main/java/ai/genwhy/nobonk/ml/LowLight.kt (5222 chars)
2026-08-29 18:07:18 | PASS 106 · LowLight.kt — generated; running tests…
2026-08-29 18:07:19 | PASS 106 · LowLight.kt — no change
2026-08-29 18:07:29 | PASS 106 · Letterbox.kt — coding-lane hardening…
GLM_OK: rewrote app/src/main/java/ai/genwhy/nobonk/ml/Letterbox.kt (5668 chars)
2026-08-29 18:08:29 | PASS 106 · Letterbox.kt — generated; running tests…
2026-08-29 18:08:30 | PASS 106 · Letterbox.kt — no change
2026-08-29 18:08:40 | PASS 106 · Detection.kt — coding-lane hardening…
GLM_OK: rewrote app/src/main/java/ai/genwhy/nobonk/model/Detection.kt (6498 chars)
2026-08-29 18:09:59 | PASS 106 · Detection.kt — generated; running tests…
2026-08-29 18:10:01 | PASS 106 · Detection.kt — TESTS GREEN, committed
2026-08-29 18:10:03 |   pushed to origin
2026-08-29 18:10:13 | PASS 106 · NormBox.kt — coding-lane hardening…
GLM_OK: rewrote app/src/main/java/ai/genwhy/nobonk/model/NormBox.kt (5161 chars)
2026-08-29 18:11:00 | PASS 106 · NormBox.kt — generated; running tests…
2026-08-29 18:11:00 | PASS 106 · NormBox.kt — no change
2026-08-29 18:11:10 | PASS 106 · SensorMonitor.kt — coding-lane hardening…
GLM_OK: rewrote app/src/main/java/ai/genwhy/nobonk/ml/SensorMonitor.kt (8618 chars)
2026-08-29 18:12:55 | PASS 106 · SensorMonitor.kt — generated; running tests…
2026-08-29 18:12:56 | PASS 106 · SensorMonitor.kt — no change
2026-08-29 18:13:06 | PASS 106 · DetectionEvent.kt — coding-lane hardening…
GLM_OK: rewrote app/src/main/java/ai/genwhy/nobonk/data/DetectionEvent.kt (8205 chars)
2026-08-29 18:15:04 | PASS 106 · DetectionEvent.kt — generated; running tests…
2026-08-29 18:15:04 | PASS 106 · DetectionEvent.kt — no change
2026-08-29 18:15:14 | PASS 106 · AlertPolicy.kt — coding-lane hardening…
GLM_OK: rewrote app/src/main/java/ai/genwhy/nobonk/ml/AlertPolicy.kt (10637 chars)
2026-08-29 18:17:29 | PASS 106 · AlertPolicy.kt — generated; running tests…
2026-08-29 18:17:30 | PASS 106 · AlertPolicy.kt — no change
2026-08-29 18:17:40 | PASS 106 · AnalyticsEngine.kt — coding-lane hardening…
GLM_OK: rewrote app/src/main/java/ai/genwhy/nobonk/analytics/AnalyticsEngine.kt (10572 chars)
2026-08-29 18:19:36 | PASS 106 · AnalyticsEngine.kt — generated; running tests…
2026-08-29 18:19:37 | PASS 106 · AnalyticsEngine.kt — no change
2026-08-29 18:19:47 | PASS 107 · Nms.kt — coding-lane hardening…
GLM_OK: rewrote app/src/main/java/ai/genwhy/nobonk/ml/Nms.kt (5113 chars)
2026-08-29 18:20:38 | PASS 107 · Nms.kt — generated; running tests…
2026-08-29 18:20:39 | PASS 107 · Nms.kt — no change
2026-08-29 18:20:49 | PASS 107 · LowLight.kt — coding-lane hardening…
GLM_OK: rewrote app/src/main/java/ai/genwhy/nobonk/ml/LowLight.kt (5222 chars)
2026-08-29 18:21:39 | PASS 107 · LowLight.kt — generated; running tests…
2026-08-29 18:21:39 | PASS 107 · LowLight.kt — no change
2026-08-29 18:21:49 | PASS 107 · Letterbox.kt — coding-lane hardening…
GLM_OK: rewrote app/src/main/java/ai/genwhy/nobonk/ml/Letterbox.kt (5668 chars)
2026-08-29 18:22:46 | PASS 107 · Letterbox.kt — generated; running tests…
2026-08-29 18:22:47 | PASS 107 · Letterbox.kt — no change
2026-08-29 18:22:57 | PASS 107 · Detection.kt — coding-lane hardening…
GLM_OK: rewrote app/src/main/java/ai/genwhy/nobonk/model/Detection.kt (6498 chars)
2026-08-29 18:24:00 | PASS 107 · Detection.kt — generated; running tests…
2026-08-29 18:24:00 | PASS 107 · Detection.kt — no change
2026-08-29 18:24:10 | PASS 107 · NormBox.kt — coding-lane hardening…
GLM_OK: rewrote app/src/main/java/ai/genwhy/nobonk/model/NormBox.kt (5161 chars)
2026-08-29 18:25:04 | PASS 107 · NormBox.kt — generated; running tests…
2026-08-29 18:25:06 | PASS 107 · NormBox.kt — TESTS GREEN, committed
2026-08-29 18:25:08 |   pushed to origin
2026-08-29 18:25:18 | PASS 107 · SensorMonitor.kt — coding-lane hardening…
GLM_OK: rewrote app/src/main/java/ai/genwhy/nobonk/ml/SensorMonitor.kt (8618 chars)
2026-08-29 18:26:34 | PASS 107 · SensorMonitor.kt — generated; running tests…
2026-08-29 18:26:35 | PASS 107 · SensorMonitor.kt — no change
2026-08-29 18:26:45 | PASS 107 · DetectionEvent.kt — coding-lane hardening…
GLM_OK: rewrote app/src/main/java/ai/genwhy/nobonk/data/DetectionEvent.kt (8205 chars)
2026-08-29 18:28:11 | PASS 107 · DetectionEvent.kt — generated; running tests…
2026-08-29 18:28:12 | PASS 107 · DetectionEvent.kt — no change
2026-08-29 18:28:22 | PASS 107 · AlertPolicy.kt — coding-lane hardening…
GLM_OK: rewrote app/src/main/java/ai/genwhy/nobonk/ml/AlertPolicy.kt (10637 chars)
2026-08-29 18:30:11 | PASS 107 · AlertPolicy.kt — generated; running tests…
2026-08-29 18:30:12 | PASS 107 · AlertPolicy.kt — no change
2026-08-29 18:30:22 | PASS 107 · AnalyticsEngine.kt — coding-lane hardening…
GLM_OK: rewrote app/src/main/java/ai/genwhy/nobonk/analytics/AnalyticsEngine.kt (10572 chars)
2026-08-29 18:32:27 | PASS 107 · AnalyticsEngine.kt — generated; running tests…
2026-08-29 18:32:27 | PASS 107 · AnalyticsEngine.kt — no change
2026-08-29 18:32:37 | PASS 108 · Nms.kt — coding-lane hardening…
GLM_OK: rewrote app/src/main/java/ai/genwhy/nobonk/ml/Nms.kt (5113 chars)
2026-08-29 18:33:24 | PASS 108 · Nms.kt — generated; running tests…
2026-08-29 18:33:25 | PASS 108 · Nms.kt — no change
2026-08-29 18:33:35 | PASS 108 · LowLight.kt — coding-lane hardening…
GLM_OK: rewrote app/src/main/java/ai/genwhy/nobonk/ml/LowLight.kt (5222 chars)
2026-08-29 18:38:12 | PASS 108 · LowLight.kt — generated; running tests…
2026-08-29 18:38:13 | PASS 108 · LowLight.kt — no change
2026-08-29 18:38:23 | PASS 108 · Letterbox.kt — coding-lane hardening…
GLM_OK: rewrote app/src/main/java/ai/genwhy/nobonk/ml/Letterbox.kt (5668 chars)
2026-08-29 18:39:25 | PASS 108 · Letterbox.kt — generated; running tests…
2026-08-29 18:39:26 | PASS 108 · Letterbox.kt — no change
2026-08-29 18:39:36 | PASS 108 · Detection.kt — coding-lane hardening…
GLM_OK: rewrote app/src/main/java/ai/genwhy/nobonk/model/Detection.kt (6697 chars)
2026-08-29 18:40:54 | PASS 108 · Detection.kt — generated; running tests…
2026-08-29 18:40:56 | PASS 108 · Detection.kt — TESTS GREEN, committed
2026-08-29 18:40:57 |   pushed to origin
2026-08-29 18:41:07 | PASS 108 · NormBox.kt — coding-lane hardening…
GLM_OK: rewrote app/src/main/java/ai/genwhy/nobonk/model/NormBox.kt (5161 chars)
2026-08-29 18:42:00 | PASS 108 · NormBox.kt — generated; running tests…
2026-08-29 18:42:01 | PASS 108 · NormBox.kt — no change
2026-08-29 18:42:11 | PASS 108 · SensorMonitor.kt — coding-lane hardening…
GLM_OK: rewrote app/src/main/java/ai/genwhy/nobonk/ml/SensorMonitor.kt (8618 chars)
2026-08-29 18:43:28 | PASS 108 · SensorMonitor.kt — generated; running tests…
2026-08-29 18:43:29 | PASS 108 · SensorMonitor.kt — no change
2026-08-29 18:43:39 | PASS 108 · DetectionEvent.kt — coding-lane hardening…
GLM_OK: rewrote app/src/main/java/ai/genwhy/nobonk/data/DetectionEvent.kt (8205 chars)
2026-08-29 18:45:35 | PASS 108 · DetectionEvent.kt — generated; running tests…
2026-08-29 18:45:36 | PASS 108 · DetectionEvent.kt — no change
2026-08-29 18:45:46 | PASS 108 · AlertPolicy.kt — coding-lane hardening…
GLM_OK: rewrote app/src/main/java/ai/genwhy/nobonk/ml/AlertPolicy.kt (10637 chars)
2026-08-29 18:48:10 | PASS 108 · AlertPolicy.kt — generated; running tests…
2026-08-29 18:48:11 | PASS 108 · AlertPolicy.kt — no change
2026-08-29 18:48:21 | PASS 108 · AnalyticsEngine.kt — coding-lane hardening…
GLM_OK: rewrote app/src/main/java/ai/genwhy/nobonk/analytics/AnalyticsEngine.kt (10572 chars)
2026-08-29 18:50:16 | PASS 108 · AnalyticsEngine.kt — generated; running tests…
2026-08-29 18:50:16 | PASS 108 · AnalyticsEngine.kt — no change
2026-08-29 18:50:26 | PASS 109 · Nms.kt — coding-lane hardening…
GLM_OK: rewrote app/src/main/java/ai/genwhy/nobonk/ml/Nms.kt (5113 chars)
2026-08-29 18:51:13 | PASS 109 · Nms.kt — generated; running tests…
2026-08-29 18:51:14 | PASS 109 · Nms.kt — no change
2026-08-29 18:51:24 | PASS 109 · LowLight.kt — coding-lane hardening…
GLM_OK: rewrote app/src/main/java/ai/genwhy/nobonk/ml/LowLight.kt (5222 chars)
2026-08-29 18:52:08 | PASS 109 · LowLight.kt — generated; running tests…
2026-08-29 18:52:09 | PASS 109 · LowLight.kt — no change
2026-08-29 18:52:19 | PASS 109 · Letterbox.kt — coding-lane hardening…
GLM_OK: rewrote app/src/main/java/ai/genwhy/nobonk/ml/Letterbox.kt (5668 chars)
2026-08-29 18:53:18 | PASS 109 · Letterbox.kt — generated; running tests…
2026-08-29 18:53:19 | PASS 109 · Letterbox.kt — no change
2026-08-29 18:53:29 | PASS 109 · Detection.kt — coding-lane hardening…
GLM_OK: rewrote app/src/main/java/ai/genwhy/nobonk/model/Detection.kt (6697 chars)
2026-08-29 18:54:34 | PASS 109 · Detection.kt — generated; running tests…
2026-08-29 18:54:35 | PASS 109 · Detection.kt — no change
2026-08-29 18:54:45 | PASS 109 · NormBox.kt — coding-lane hardening…
GLM_OK: rewrote app/src/main/java/ai/genwhy/nobonk/model/NormBox.kt (5161 chars)
2026-08-29 18:55:38 | PASS 109 · NormBox.kt — generated; running tests…
2026-08-29 18:55:39 | PASS 109 · NormBox.kt — no change
2026-08-29 18:55:49 | PASS 109 · SensorMonitor.kt — coding-lane hardening…
GLM_OK: rewrote app/src/main/java/ai/genwhy/nobonk/ml/SensorMonitor.kt (8618 chars)
2026-08-29 18:57:24 | PASS 109 · SensorMonitor.kt — generated; running tests…
2026-08-29 18:57:25 | PASS 109 · SensorMonitor.kt — no change
2026-08-29 18:57:35 | PASS 109 · DetectionEvent.kt — coding-lane hardening…
GLM_OK: rewrote app/src/main/java/ai/genwhy/nobonk/data/DetectionEvent.kt (8205 chars)
2026-08-29 18:58:47 | PASS 109 · DetectionEvent.kt — generated; running tests…
2026-08-29 18:58:48 | PASS 109 · DetectionEvent.kt — no change
2026-08-29 18:58:58 | PASS 109 · AlertPolicy.kt — coding-lane hardening…
GLM_OK: rewrote app/src/main/java/ai/genwhy/nobonk/ml/AlertPolicy.kt (10637 chars)
2026-08-29 19:01:16 | PASS 109 · AlertPolicy.kt — generated; running tests…
2026-08-29 19:01:17 | PASS 109 · AlertPolicy.kt — no change
2026-08-29 19:01:27 | PASS 109 · AnalyticsEngine.kt — coding-lane hardening…
GLM_OK: rewrote app/src/main/java/ai/genwhy/nobonk/analytics/AnalyticsEngine.kt (10798 chars)
2026-08-29 19:03:49 | PASS 109 · AnalyticsEngine.kt — generated; running tests…
2026-08-29 19:03:51 | PASS 109 · AnalyticsEngine.kt — TESTS GREEN, committed
2026-08-29 19:03:54 |   pushed to origin
2026-08-29 19:04:04 | PASS 110 · Nms.kt — coding-lane hardening…
GLM_OK: rewrote app/src/main/java/ai/genwhy/nobonk/ml/Nms.kt (5113 chars)
2026-08-29 19:04:52 | PASS 110 · Nms.kt — generated; running tests…
2026-08-29 19:04:53 | PASS 110 · Nms.kt — no change
2026-08-29 19:05:03 | PASS 110 · LowLight.kt — coding-lane hardening…
GLM_OK: rewrote app/src/main/java/ai/genwhy/nobonk/ml/LowLight.kt (5222 chars)
2026-08-29 19:05:52 | PASS 110 · LowLight.kt — generated; running tests…
2026-08-29 19:05:53 | PASS 110 · LowLight.kt — no change
2026-08-29 19:06:03 | PASS 110 · Letterbox.kt — coding-lane hardening…
GLM_OK: rewrote app/src/main/java/ai/genwhy/nobonk/ml/Letterbox.kt (5668 chars)
2026-08-29 19:07:04 | PASS 110 · Letterbox.kt — generated; running tests…
2026-08-29 19:07:05 | PASS 110 · Letterbox.kt — no change
2026-08-29 19:07:15 | PASS 110 · Detection.kt — coding-lane hardening…
GLM_OK: rewrote app/src/main/java/ai/genwhy/nobonk/model/Detection.kt (6697 chars)
2026-08-29 19:08:19 | PASS 110 · Detection.kt — generated; running tests…
2026-08-29 19:08:20 | PASS 110 · Detection.kt — no change
2026-08-29 19:08:30 | PASS 110 · NormBox.kt — coding-lane hardening…
GLM_OK: rewrote app/src/main/java/ai/genwhy/nobonk/model/NormBox.kt (5161 chars)
2026-08-29 19:09:23 | PASS 110 · NormBox.kt — generated; running tests…
2026-08-29 19:09:24 | PASS 110 · NormBox.kt — no change
2026-08-29 19:09:34 | PASS 110 · SensorMonitor.kt — coding-lane hardening…
GLM_OK: rewrote app/src/main/java/ai/genwhy/nobonk/ml/SensorMonitor.kt (8618 chars)
2026-08-29 19:10:51 | PASS 110 · SensorMonitor.kt — generated; running tests…
2026-08-29 19:10:52 | PASS 110 · SensorMonitor.kt — no change
2026-08-29 19:11:02 | PASS 110 · DetectionEvent.kt — coding-lane hardening…
GLM_OK: rewrote app/src/main/java/ai/genwhy/nobonk/data/DetectionEvent.kt (8205 chars)
2026-08-29 19:12:10 | PASS 110 · DetectionEvent.kt — generated; running tests…
2026-08-29 19:12:10 | PASS 110 · DetectionEvent.kt — no change
2026-08-29 19:12:20 | PASS 110 · AlertPolicy.kt — coding-lane hardening…
GLM_OK: rewrote app/src/main/java/ai/genwhy/nobonk/ml/AlertPolicy.kt (10637 chars)
2026-08-29 19:14:38 | PASS 110 · AlertPolicy.kt — generated; running tests…
2026-08-29 19:14:39 | PASS 110 · AlertPolicy.kt — no change
2026-08-29 19:14:49 | PASS 110 · AnalyticsEngine.kt — coding-lane hardening…
GLM_OK: rewrote app/src/main/java/ai/genwhy/nobonk/analytics/AnalyticsEngine.kt (10798 chars)
2026-08-29 19:16:59 | PASS 110 · AnalyticsEngine.kt — generated; running tests…
2026-08-29 19:17:00 | PASS 110 · AnalyticsEngine.kt — no change
2026-08-29 19:17:10 | PASS 111 · Nms.kt — coding-lane hardening…
GLM_OK: rewrote app/src/main/java/ai/genwhy/nobonk/ml/Nms.kt (5113 chars)
2026-08-29 19:17:56 | PASS 111 · Nms.kt — generated; running tests…
2026-08-29 19:17:57 | PASS 111 · Nms.kt — no change
2026-08-29 19:18:07 | PASS 111 · LowLight.kt — coding-lane hardening…
GLM_OK: rewrote app/src/main/java/ai/genwhy/nobonk/ml/LowLight.kt (5222 chars)
2026-08-29 19:18:52 | PASS 111 · LowLight.kt — generated; running tests…
2026-08-29 19:18:53 | PASS 111 · LowLight.kt — no change
2026-08-29 19:19:03 | PASS 111 · Letterbox.kt — coding-lane hardening…
GLM_OK: rewrote app/src/main/java/ai/genwhy/nobonk/ml/Letterbox.kt (5668 chars)
2026-08-29 19:20:02 | PASS 111 · Letterbox.kt — generated; running tests…
2026-08-29 19:20:02 | PASS 111 · Letterbox.kt — no change
2026-08-29 19:20:12 | PASS 111 · Detection.kt — coding-lane hardening…
GLM_OK: rewrote app/src/main/java/ai/genwhy/nobonk/model/Detection.kt (6697 chars)
2026-08-29 19:21:17 | PASS 111 · Detection.kt — generated; running tests…
2026-08-29 19:21:18 | PASS 111 · Detection.kt — no change
2026-08-29 19:21:28 | PASS 111 · NormBox.kt — coding-lane hardening…
GLM_OK: rewrote app/src/main/java/ai/genwhy/nobonk/model/NormBox.kt (5161 chars)
2026-08-29 19:22:19 | PASS 111 · NormBox.kt — generated; running tests…
2026-08-29 19:22:19 | PASS 111 · NormBox.kt — no change
2026-08-29 19:22:29 | PASS 111 · SensorMonitor.kt — coding-lane hardening…
GLM_OK: rewrote app/src/main/java/ai/genwhy/nobonk/ml/SensorMonitor.kt (8618 chars)
2026-08-29 19:23:49 | PASS 111 · SensorMonitor.kt — generated; running tests…
2026-08-29 19:23:50 | PASS 111 · SensorMonitor.kt — no change
2026-08-29 19:24:00 | PASS 111 · DetectionEvent.kt — coding-lane hardening…
GLM_OK: rewrote app/src/main/java/ai/genwhy/nobonk/data/DetectionEvent.kt (8205 chars)
2026-08-29 19:25:17 | PASS 111 · DetectionEvent.kt — generated; running tests…
2026-08-29 19:25:18 | PASS 111 · DetectionEvent.kt — no change
2026-08-29 19:25:28 | PASS 111 · AlertPolicy.kt — coding-lane hardening…
GLM_OK: rewrote app/src/main/java/ai/genwhy/nobonk/ml/AlertPolicy.kt (10637 chars)
2026-08-29 19:27:40 | PASS 111 · AlertPolicy.kt — generated; running tests…
2026-08-29 19:27:40 | PASS 111 · AlertPolicy.kt — no change
2026-08-29 19:27:50 | PASS 111 · AnalyticsEngine.kt — coding-lane hardening…
GLM_OK: rewrote app/src/main/java/ai/genwhy/nobonk/analytics/AnalyticsEngine.kt (10798 chars)
2026-08-29 19:30:04 | PASS 111 · AnalyticsEngine.kt — generated; running tests…
2026-08-29 19:30:05 | PASS 111 · AnalyticsEngine.kt — no change
2026-08-29 19:30:15 | PASS 112 · Nms.kt — coding-lane hardening…
GLM_OK: rewrote app/src/main/java/ai/genwhy/nobonk/ml/Nms.kt (5113 chars)
2026-08-29 19:30:59 | PASS 112 · Nms.kt — generated; running tests…
2026-08-29 19:31:00 | PASS 112 · Nms.kt — no change
2026-08-29 19:31:10 | PASS 112 · LowLight.kt — coding-lane hardening…
GLM_OK: rewrote app/src/main/java/ai/genwhy/nobonk/ml/LowLight.kt (5222 chars)
2026-08-29 19:32:03 | PASS 112 · LowLight.kt — generated; running tests…
2026-08-29 19:32:04 | PASS 112 · LowLight.kt — no change
2026-08-29 19:32:14 | PASS 112 · Letterbox.kt — coding-lane hardening…
GLM_OK: rewrote app/src/main/java/ai/genwhy/nobonk/ml/Letterbox.kt (5668 chars)
2026-08-29 19:33:19 | PASS 112 · Letterbox.kt — generated; running tests…
2026-08-29 19:33:20 | PASS 112 · Letterbox.kt — no change
2026-08-29 19:33:30 | PASS 112 · Detection.kt — coding-lane hardening…
GLM_OK: rewrote app/src/main/java/ai/genwhy/nobonk/model/Detection.kt (6697 chars)
2026-08-29 19:34:31 | PASS 112 · Detection.kt — generated; running tests…
2026-08-29 19:34:32 | PASS 112 · Detection.kt — no change
2026-08-29 19:34:42 | PASS 112 · NormBox.kt — coding-lane hardening…
GLM_OK: rewrote app/src/main/java/ai/genwhy/nobonk/model/NormBox.kt (5161 chars)
2026-08-29 19:35:30 | PASS 112 · NormBox.kt — generated; running tests…
2026-08-29 19:35:31 | PASS 112 · NormBox.kt — no change
2026-08-29 19:35:41 | PASS 112 · SensorMonitor.kt — coding-lane hardening…
GLM_OK: rewrote app/src/main/java/ai/genwhy/nobonk/ml/SensorMonitor.kt (8618 chars)
2026-08-29 19:37:02 | PASS 112 · SensorMonitor.kt — generated; running tests…
2026-08-29 19:37:03 | PASS 112 · SensorMonitor.kt — no change
2026-08-29 19:37:13 | PASS 112 · DetectionEvent.kt — coding-lane hardening…
GLM_OK: rewrote app/src/main/java/ai/genwhy/nobonk/data/DetectionEvent.kt (8205 chars)
2026-08-29 19:38:30 | PASS 112 · DetectionEvent.kt — generated; running tests…
2026-08-29 19:38:31 | PASS 112 · DetectionEvent.kt — no change
2026-08-29 19:38:41 | PASS 112 · AlertPolicy.kt — coding-lane hardening…
GLM_OK: rewrote app/src/main/java/ai/genwhy/nobonk/ml/AlertPolicy.kt (10637 chars)
2026-08-29 19:40:24 | PASS 112 · AlertPolicy.kt — generated; running tests…
2026-08-29 19:40:25 | PASS 112 · AlertPolicy.kt — no change
2026-08-29 19:40:35 | PASS 112 · AnalyticsEngine.kt — coding-lane hardening…
GLM_OK: rewrote app/src/main/java/ai/genwhy/nobonk/analytics/AnalyticsEngine.kt (10798 chars)
2026-08-29 19:42:37 | PASS 112 · AnalyticsEngine.kt — generated; running tests…
2026-08-29 19:42:38 | PASS 112 · AnalyticsEngine.kt — no change
2026-08-29 19:42:48 | PASS 113 · Nms.kt — coding-lane hardening…
GLM_OK: rewrote app/src/main/java/ai/genwhy/nobonk/ml/Nms.kt (5113 chars)
2026-08-29 19:43:34 | PASS 113 · Nms.kt — generated; running tests…
2026-08-29 19:43:35 | PASS 113 · Nms.kt — no change
2026-08-29 19:43:45 | PASS 113 · LowLight.kt — coding-lane hardening…
GLM_OK: rewrote app/src/main/java/ai/genwhy/nobonk/ml/LowLight.kt (5222 chars)
2026-08-29 19:44:31 | PASS 113 · LowLight.kt — generated; running tests…
2026-08-29 19:44:31 | PASS 113 · LowLight.kt — no change
2026-08-29 19:44:41 | PASS 113 · Letterbox.kt — coding-lane hardening…
GLM_OK: rewrote app/src/main/java/ai/genwhy/nobonk/ml/Letterbox.kt (5668 chars)
2026-08-29 19:45:51 | PASS 113 · Letterbox.kt — generated; running tests…
2026-08-29 19:45:51 | PASS 113 · Letterbox.kt — no change
2026-08-29 19:46:01 | PASS 113 · Detection.kt — coding-lane hardening…
GLM_OK: rewrote app/src/main/java/ai/genwhy/nobonk/model/Detection.kt (6697 chars)
2026-08-29 19:47:09 | PASS 113 · Detection.kt — generated; running tests…
2026-08-29 19:47:10 | PASS 113 · Detection.kt — no change
2026-08-29 19:47:20 | PASS 113 · NormBox.kt — coding-lane hardening…
GLM_OK: rewrote app/src/main/java/ai/genwhy/nobonk/model/NormBox.kt (5161 chars)
2026-08-29 19:48:14 | PASS 113 · NormBox.kt — generated; running tests…
2026-08-29 19:48:15 | PASS 113 · NormBox.kt — no change
2026-08-29 19:48:25 | PASS 113 · SensorMonitor.kt — coding-lane hardening…
GLM_OK: rewrote app/src/main/java/ai/genwhy/nobonk/ml/SensorMonitor.kt (8618 chars)
2026-08-29 19:49:42 | PASS 113 · SensorMonitor.kt — generated; running tests…
2026-08-29 19:49:43 | PASS 113 · SensorMonitor.kt — no change
2026-08-29 19:49:53 | PASS 113 · DetectionEvent.kt — coding-lane hardening…
GLM_OK: rewrote app/src/main/java/ai/genwhy/nobonk/data/DetectionEvent.kt (8205 chars)
2026-08-29 19:50:49 | PASS 113 · DetectionEvent.kt — generated; running tests…
2026-08-29 19:50:50 | PASS 113 · DetectionEvent.kt — no change
2026-08-29 19:51:00 | PASS 113 · AlertPolicy.kt — coding-lane hardening…
GLM_OK: rewrote app/src/main/java/ai/genwhy/nobonk/ml/AlertPolicy.kt (10637 chars)
2026-08-29 19:53:17 | PASS 113 · AlertPolicy.kt — generated; running tests…
2026-08-29 19:53:18 | PASS 113 · AlertPolicy.kt — no change
2026-08-29 19:53:28 | PASS 113 · AnalyticsEngine.kt — coding-lane hardening…
GLM_OK: rewrote app/src/main/java/ai/genwhy/nobonk/analytics/AnalyticsEngine.kt (10798 chars)
2026-08-29 19:55:39 | PASS 113 · AnalyticsEngine.kt — generated; running tests…
2026-08-29 19:55:40 | PASS 113 · AnalyticsEngine.kt — no change
2026-08-29 19:55:50 | PASS 114 · Nms.kt — coding-lane hardening…
GLM_OK: rewrote app/src/main/java/ai/genwhy/nobonk/ml/Nms.kt (5113 chars)
2026-08-29 19:56:35 | PASS 114 · Nms.kt — generated; running tests…
2026-08-29 19:56:35 | PASS 114 · Nms.kt — no change
2026-08-29 19:56:45 | PASS 114 · LowLight.kt — coding-lane hardening…
GLM_OK: rewrote app/src/main/java/ai/genwhy/nobonk/ml/LowLight.kt (5222 chars)
2026-08-29 19:57:32 | PASS 114 · LowLight.kt — generated; running tests…
2026-08-29 19:57:33 | PASS 114 · LowLight.kt — no change
2026-08-29 19:57:43 | PASS 114 · Letterbox.kt — coding-lane hardening…
GLM_OK: rewrote app/src/main/java/ai/genwhy/nobonk/ml/Letterbox.kt (5668 chars)
2026-08-29 19:58:31 | PASS 114 · Letterbox.kt — generated; running tests…
2026-08-29 19:58:32 | PASS 114 · Letterbox.kt — no change
2026-08-29 19:58:42 | PASS 114 · Detection.kt — coding-lane hardening…
GLM_OK: rewrote app/src/main/java/ai/genwhy/nobonk/model/Detection.kt (6697 chars)
2026-08-29 19:59:44 | PASS 114 · Detection.kt — generated; running tests…
2026-08-29 19:59:45 | PASS 114 · Detection.kt — no change
2026-08-29 19:59:55 | PASS 114 · NormBox.kt — coding-lane hardening…
GLM_OK: rewrote app/src/main/java/ai/genwhy/nobonk/model/NormBox.kt (5161 chars)
2026-08-29 20:00:49 | PASS 114 · NormBox.kt — generated; running tests…
2026-08-29 20:00:49 | PASS 114 · NormBox.kt — no change
2026-08-29 20:00:59 | PASS 114 · SensorMonitor.kt — coding-lane hardening…
GLM_OK: rewrote app/src/main/java/ai/genwhy/nobonk/ml/SensorMonitor.kt (8618 chars)
2026-08-29 20:02:18 | PASS 114 · SensorMonitor.kt — generated; running tests…
2026-08-29 20:02:18 | PASS 114 · SensorMonitor.kt — no change
2026-08-29 20:02:28 | PASS 114 · DetectionEvent.kt — coding-lane hardening…
GLM_OK: rewrote app/src/main/java/ai/genwhy/nobonk/data/DetectionEvent.kt (8236 chars)
2026-08-29 20:03:48 | PASS 114 · DetectionEvent.kt — generated; running tests…
2026-08-29 20:03:49 | PASS 114 · DetectionEvent.kt — TESTS GREEN, committed
2026-08-29 20:03:51 |   pushed to origin
2026-08-29 20:04:01 | PASS 114 · AlertPolicy.kt — coding-lane hardening…
GLM_OK: rewrote app/src/main/java/ai/genwhy/nobonk/ml/AlertPolicy.kt (10637 chars)
2026-08-29 20:06:15 | PASS 114 · AlertPolicy.kt — generated; running tests…
2026-08-29 20:06:16 | PASS 114 · AlertPolicy.kt — no change
2026-08-29 20:06:26 | PASS 114 · AnalyticsEngine.kt — coding-lane hardening…
GLM_OK: rewrote app/src/main/java/ai/genwhy/nobonk/analytics/AnalyticsEngine.kt (10781 chars)
2026-08-29 20:08:26 | PASS 114 · AnalyticsEngine.kt — generated; running tests…
2026-08-29 20:08:29 | PASS 114 · AnalyticsEngine.kt — TESTS GREEN, committed
2026-08-29 20:08:30 |   pushed to origin
2026-08-29 20:08:40 | PASS 115 · Nms.kt — coding-lane hardening…
GLM_OK: rewrote app/src/main/java/ai/genwhy/nobonk/ml/Nms.kt (5113 chars)
2026-08-29 20:09:26 | PASS 115 · Nms.kt — generated; running tests…
2026-08-29 20:09:27 | PASS 115 · Nms.kt — no change
2026-08-29 20:09:37 | PASS 115 · LowLight.kt — coding-lane hardening…
GLM_OK: rewrote app/src/main/java/ai/genwhy/nobonk/ml/LowLight.kt (5222 chars)
2026-08-29 20:10:29 | PASS 115 · LowLight.kt — generated; running tests…
2026-08-29 20:10:30 | PASS 115 · LowLight.kt — no change
2026-08-29 20:10:40 | PASS 115 · Letterbox.kt — coding-lane hardening…
GLM_OK: rewrote app/src/main/java/ai/genwhy/nobonk/ml/Letterbox.kt (5668 chars)
2026-08-29 20:11:35 | PASS 115 · Letterbox.kt — generated; running tests…
2026-08-29 20:11:36 | PASS 115 · Letterbox.kt — no change
2026-08-29 20:11:46 | PASS 115 · Detection.kt — coding-lane hardening…
GLM_OK: rewrote app/src/main/java/ai/genwhy/nobonk/model/Detection.kt (6697 chars)
2026-08-29 20:12:45 | PASS 115 · Detection.kt — generated; running tests…
2026-08-29 20:12:46 | PASS 115 · Detection.kt — no change
2026-08-29 20:12:56 | PASS 115 · NormBox.kt — coding-lane hardening…
GLM_OK: rewrote app/src/main/java/ai/genwhy/nobonk/model/NormBox.kt (5161 chars)
2026-08-29 20:13:46 | PASS 115 · NormBox.kt — generated; running tests…
2026-08-29 20:13:47 | PASS 115 · NormBox.kt — no change
2026-08-29 20:13:57 | PASS 115 · SensorMonitor.kt — coding-lane hardening…
GLM_OK: rewrote app/src/main/java/ai/genwhy/nobonk/ml/SensorMonitor.kt (8618 chars)
2026-08-29 20:16:34 | PASS 115 · SensorMonitor.kt — generated; running tests…
2026-08-29 20:16:35 | PASS 115 · SensorMonitor.kt — no change
2026-08-29 20:16:45 | PASS 115 · DetectionEvent.kt — coding-lane hardening…
GLM_OK: rewrote app/src/main/java/ai/genwhy/nobonk/data/DetectionEvent.kt (8236 chars)
2026-08-29 20:18:54 | PASS 115 · DetectionEvent.kt — generated; running tests…
2026-08-29 20:18:54 | PASS 115 · DetectionEvent.kt — no change
2026-08-29 20:19:04 | PASS 115 · AlertPolicy.kt — coding-lane hardening…
GLM_OK: rewrote app/src/main/java/ai/genwhy/nobonk/ml/AlertPolicy.kt (10637 chars)
2026-08-29 20:21:15 | PASS 115 · AlertPolicy.kt — generated; running tests…
2026-08-29 20:21:16 | PASS 115 · AlertPolicy.kt — no change
2026-08-29 20:21:26 | PASS 115 · AnalyticsEngine.kt — coding-lane hardening…
GLM_OK: rewrote app/src/main/java/ai/genwhy/nobonk/analytics/AnalyticsEngine.kt (10781 chars)
2026-08-29 20:23:53 | PASS 115 · AnalyticsEngine.kt — generated; running tests…
2026-08-29 20:23:53 | PASS 115 · AnalyticsEngine.kt — no change
2026-08-29 20:24:03 | PASS 116 · Nms.kt — coding-lane hardening…
GLM_OK: rewrote app/src/main/java/ai/genwhy/nobonk/ml/Nms.kt (5113 chars)
2026-08-29 20:24:50 | PASS 116 · Nms.kt — generated; running tests…
2026-08-29 20:24:51 | PASS 116 · Nms.kt — no change
2026-08-29 20:25:01 | PASS 116 · LowLight.kt — coding-lane hardening…
GLM_OK: rewrote app/src/main/java/ai/genwhy/nobonk/ml/LowLight.kt (5222 chars)
2026-08-29 20:25:48 | PASS 116 · LowLight.kt — generated; running tests…
2026-08-29 20:25:49 | PASS 116 · LowLight.kt — no change
2026-08-29 20:25:59 | PASS 116 · Letterbox.kt — coding-lane hardening…
GLM_OK: rewrote app/src/main/java/ai/genwhy/nobonk/ml/Letterbox.kt (5668 chars)
2026-08-29 20:26:55 | PASS 116 · Letterbox.kt — generated; running tests…
2026-08-29 20:26:56 | PASS 116 · Letterbox.kt — no change
2026-08-29 20:27:06 | PASS 116 · Detection.kt — coding-lane hardening…
GLM_OK: rewrote app/src/main/java/ai/genwhy/nobonk/model/Detection.kt (6697 chars)
2026-08-29 20:28:07 | PASS 116 · Detection.kt — generated; running tests…
2026-08-29 20:28:08 | PASS 116 · Detection.kt — no change
2026-08-29 20:28:18 | PASS 116 · NormBox.kt — coding-lane hardening…
GLM_OK: rewrote app/src/main/java/ai/genwhy/nobonk/model/NormBox.kt (5161 chars)
2026-08-29 20:29:13 | PASS 116 · NormBox.kt — generated; running tests…
2026-08-29 20:29:13 | PASS 116 · NormBox.kt — no change
2026-08-29 20:29:24 | PASS 116 · SensorMonitor.kt — coding-lane hardening…
GLM_OK: rewrote app/src/main/java/ai/genwhy/nobonk/ml/SensorMonitor.kt (8618 chars)
2026-08-29 20:30:41 | PASS 116 · SensorMonitor.kt — generated; running tests…
2026-08-29 20:30:42 | PASS 116 · SensorMonitor.kt — no change
2026-08-29 20:30:52 | PASS 116 · DetectionEvent.kt — coding-lane hardening…
GLM_OK: rewrote app/src/main/java/ai/genwhy/nobonk/data/DetectionEvent.kt (8236 chars)
2026-08-29 20:32:04 | PASS 116 · DetectionEvent.kt — generated; running tests…
2026-08-29 20:32:04 | PASS 116 · DetectionEvent.kt — no change
2026-08-29 20:32:14 | PASS 116 · AlertPolicy.kt — coding-lane hardening…
GLM_OK: rewrote app/src/main/java/ai/genwhy/nobonk/ml/AlertPolicy.kt (10637 chars)
2026-08-29 20:34:29 | PASS 116 · AlertPolicy.kt — generated; running tests…
2026-08-29 20:34:30 | PASS 116 · AlertPolicy.kt — no change
2026-08-29 20:34:40 | PASS 116 · AnalyticsEngine.kt — coding-lane hardening…
GLM_OK: rewrote app/src/main/java/ai/genwhy/nobonk/analytics/AnalyticsEngine.kt (10781 chars)
2026-08-29 20:36:40 | PASS 116 · AnalyticsEngine.kt — generated; running tests…
2026-08-29 20:36:41 | PASS 116 · AnalyticsEngine.kt — no change
2026-08-29 20:36:51 | PASS 117 · Nms.kt — coding-lane hardening…
GLM_OK: rewrote app/src/main/java/ai/genwhy/nobonk/ml/Nms.kt (5113 chars)
2026-08-29 20:37:36 | PASS 117 · Nms.kt — generated; running tests…
2026-08-29 20:37:37 | PASS 117 · Nms.kt — no change
2026-08-29 20:37:47 | PASS 117 · LowLight.kt — coding-lane hardening…
GLM_OK: rewrote app/src/main/java/ai/genwhy/nobonk/ml/LowLight.kt (5222 chars)
2026-08-29 20:41:02 | PASS 117 · LowLight.kt — generated; running tests…
2026-08-29 20:41:03 | PASS 117 · LowLight.kt — no change
2026-08-29 20:41:13 | PASS 117 · Letterbox.kt — coding-lane hardening…
GLM_OK: rewrote app/src/main/java/ai/genwhy/nobonk/ml/Letterbox.kt (5668 chars)
2026-08-29 20:42:11 | PASS 117 · Letterbox.kt — generated; running tests…
2026-08-29 20:42:12 | PASS 117 · Letterbox.kt — no change
2026-08-29 20:42:22 | PASS 117 · Detection.kt — coding-lane hardening…
GLM_OK: rewrote app/src/main/java/ai/genwhy/nobonk/model/Detection.kt (6697 chars)
2026-08-29 20:43:28 | PASS 117 · Detection.kt — generated; running tests…
2026-08-29 20:43:29 | PASS 117 · Detection.kt — no change
2026-08-29 20:43:39 | PASS 117 · NormBox.kt — coding-lane hardening…
GLM_OK: rewrote app/src/main/java/ai/genwhy/nobonk/model/NormBox.kt (5161 chars)
2026-08-29 20:44:30 | PASS 117 · NormBox.kt — generated; running tests…
2026-08-29 20:44:31 | PASS 117 · NormBox.kt — no change
2026-08-29 20:44:41 | PASS 117 · SensorMonitor.kt — coding-lane hardening…
GLM_OK: rewrote app/src/main/java/ai/genwhy/nobonk/ml/SensorMonitor.kt (8618 chars)
2026-08-29 20:46:01 | PASS 117 · SensorMonitor.kt — generated; running tests…
2026-08-29 20:46:02 | PASS 117 · SensorMonitor.kt — no change
2026-08-29 20:46:12 | PASS 117 · DetectionEvent.kt — coding-lane hardening…
GLM_OK: rewrote app/src/main/java/ai/genwhy/nobonk/data/DetectionEvent.kt (8236 chars)
2026-08-29 20:47:27 | PASS 117 · DetectionEvent.kt — generated; running tests…
2026-08-29 20:47:28 | PASS 117 · DetectionEvent.kt — no change
2026-08-29 20:47:38 | PASS 117 · AlertPolicy.kt — coding-lane hardening…
GLM_OK: rewrote app/src/main/java/ai/genwhy/nobonk/ml/AlertPolicy.kt (10637 chars)
2026-08-29 20:49:32 | PASS 117 · AlertPolicy.kt — generated; running tests…
2026-08-29 20:49:33 | PASS 117 · AlertPolicy.kt — no change
2026-08-29 20:49:43 | PASS 117 · AnalyticsEngine.kt — coding-lane hardening…
GLM_OK: rewrote app/src/main/java/ai/genwhy/nobonk/analytics/AnalyticsEngine.kt (10747 chars)
2026-08-29 20:51:45 | PASS 117 · AnalyticsEngine.kt — generated; running tests…
2026-08-29 20:51:48 | PASS 117 · AnalyticsEngine.kt — TESTS GREEN, committed
2026-08-29 20:51:49 |   pushed to origin
2026-08-29 20:51:59 | PASS 118 · Nms.kt — coding-lane hardening…
GLM_OK: rewrote app/src/main/java/ai/genwhy/nobonk/ml/Nms.kt (5113 chars)
2026-08-29 20:52:47 | PASS 118 · Nms.kt — generated; running tests…
2026-08-29 20:52:48 | PASS 118 · Nms.kt — no change
2026-08-29 20:52:58 | PASS 118 · LowLight.kt — coding-lane hardening…
GLM_OK: rewrote app/src/main/java/ai/genwhy/nobonk/ml/LowLight.kt (5222 chars)
2026-08-29 20:53:42 | PASS 118 · LowLight.kt — generated; running tests…
2026-08-29 20:53:43 | PASS 118 · LowLight.kt — no change
2026-08-29 20:53:53 | PASS 118 · Letterbox.kt — coding-lane hardening…
GLM_OK: rewrote app/src/main/java/ai/genwhy/nobonk/ml/Letterbox.kt (5668 chars)
2026-08-29 20:54:53 | PASS 118 · Letterbox.kt — generated; running tests…
2026-08-29 20:54:53 | PASS 118 · Letterbox.kt — no change
2026-08-29 20:55:03 | PASS 118 · Detection.kt — coding-lane hardening…
GLM_OK: rewrote app/src/main/java/ai/genwhy/nobonk/model/Detection.kt (6697 chars)
2026-08-29 20:56:07 | PASS 118 · Detection.kt — generated; running tests…
2026-08-29 20:56:08 | PASS 118 · Detection.kt — no change
2026-08-29 20:56:18 | PASS 118 · NormBox.kt — coding-lane hardening…
GLM_OK: rewrote app/src/main/java/ai/genwhy/nobonk/model/NormBox.kt (5161 chars)
2026-08-29 20:57:09 | PASS 118 · NormBox.kt — generated; running tests…
2026-08-29 20:57:10 | PASS 118 · NormBox.kt — no change
2026-08-29 20:57:20 | PASS 118 · SensorMonitor.kt — coding-lane hardening…
GLM_OK: rewrote app/src/main/java/ai/genwhy/nobonk/ml/SensorMonitor.kt (8618 chars)
2026-08-29 20:58:38 | PASS 118 · SensorMonitor.kt — generated; running tests…
2026-08-29 20:58:39 | PASS 118 · SensorMonitor.kt — no change
2026-08-29 20:58:49 | PASS 118 · DetectionEvent.kt — coding-lane hardening…
GLM_OK: rewrote app/src/main/java/ai/genwhy/nobonk/data/DetectionEvent.kt (8236 chars)
2026-08-29 21:00:06 | PASS 118 · DetectionEvent.kt — generated; running tests…
2026-08-29 21:00:06 | PASS 118 · DetectionEvent.kt — no change
2026-08-29 21:00:16 | PASS 118 · AlertPolicy.kt — coding-lane hardening…
GLM_OK: rewrote app/src/main/java/ai/genwhy/nobonk/ml/AlertPolicy.kt (10637 chars)
2026-08-29 21:02:37 | PASS 118 · AlertPolicy.kt — generated; running tests…
2026-08-29 21:02:37 | PASS 118 · AlertPolicy.kt — no change
2026-08-29 21:02:47 | PASS 118 · AnalyticsEngine.kt — coding-lane hardening…
GLM_OK: rewrote app/src/main/java/ai/genwhy/nobonk/analytics/AnalyticsEngine.kt (10747 chars)
2026-08-29 21:04:49 | PASS 118 · AnalyticsEngine.kt — generated; running tests…
2026-08-29 21:04:50 | PASS 118 · AnalyticsEngine.kt — no change
2026-08-29 21:05:00 | PASS 119 · Nms.kt — coding-lane hardening…
GLM_OK: rewrote app/src/main/java/ai/genwhy/nobonk/ml/Nms.kt (5113 chars)
2026-08-29 21:05:45 | PASS 119 · Nms.kt — generated; running tests…
2026-08-29 21:05:46 | PASS 119 · Nms.kt — no change
2026-08-29 21:05:56 | PASS 119 · LowLight.kt — coding-lane hardening…
GLM_OK: rewrote app/src/main/java/ai/genwhy/nobonk/ml/LowLight.kt (5222 chars)
2026-08-29 21:06:41 | PASS 119 · LowLight.kt — generated; running tests…
2026-08-29 21:06:42 | PASS 119 · LowLight.kt — no change
2026-08-29 21:06:52 | PASS 119 · Letterbox.kt — coding-lane hardening…
GLM_OK: rewrote app/src/main/java/ai/genwhy/nobonk/ml/Letterbox.kt (5668 chars)
2026-08-29 21:07:45 | PASS 119 · Letterbox.kt — generated; running tests…
2026-08-29 21:07:46 | PASS 119 · Letterbox.kt — no change
2026-08-29 21:07:56 | PASS 119 · Detection.kt — coding-lane hardening…
GLM_OK: rewrote app/src/main/java/ai/genwhy/nobonk/model/Detection.kt (6697 chars)
2026-08-29 21:08:58 | PASS 119 · Detection.kt — generated; running tests…
2026-08-29 21:08:58 | PASS 119 · Detection.kt — no change
2026-08-29 21:09:08 | PASS 119 · NormBox.kt — coding-lane hardening…
GLM_OK: rewrote app/src/main/java/ai/genwhy/nobonk/model/NormBox.kt (5161 chars)
2026-08-29 21:10:05 | PASS 119 · NormBox.kt — generated; running tests…
2026-08-29 21:10:06 | PASS 119 · NormBox.kt — no change
2026-08-29 21:10:16 | PASS 119 · SensorMonitor.kt — coding-lane hardening…
GLM_OK: rewrote app/src/main/java/ai/genwhy/nobonk/ml/SensorMonitor.kt (8618 chars)
2026-08-29 21:11:33 | PASS 119 · SensorMonitor.kt — generated; running tests…
2026-08-29 21:11:34 | PASS 119 · SensorMonitor.kt — no change
2026-08-29 21:11:44 | PASS 119 · DetectionEvent.kt — coding-lane hardening…
GLM_OK: rewrote app/src/main/java/ai/genwhy/nobonk/data/DetectionEvent.kt (8236 chars)
2026-08-29 21:12:55 | PASS 119 · DetectionEvent.kt — generated; running tests…
2026-08-29 21:12:56 | PASS 119 · DetectionEvent.kt — no change
2026-08-29 21:13:06 | PASS 119 · AlertPolicy.kt — coding-lane hardening…
GLM_OK: rewrote app/src/main/java/ai/genwhy/nobonk/ml/AlertPolicy.kt (10637 chars)
2026-08-29 21:15:33 | PASS 119 · AlertPolicy.kt — generated; running tests…
2026-08-29 21:15:34 | PASS 119 · AlertPolicy.kt — no change
2026-08-29 21:15:44 | PASS 119 · AnalyticsEngine.kt — coding-lane hardening…
GLM_OK: rewrote app/src/main/java/ai/genwhy/nobonk/analytics/AnalyticsEngine.kt (10747 chars)
2026-08-29 21:17:22 | PASS 119 · AnalyticsEngine.kt — generated; running tests…
2026-08-29 21:17:23 | PASS 119 · AnalyticsEngine.kt — no change
2026-08-29 21:17:33 | PASS 120 · Nms.kt — coding-lane hardening…
GLM_OK: rewrote app/src/main/java/ai/genwhy/nobonk/ml/Nms.kt (5113 chars)
2026-08-29 21:18:22 | PASS 120 · Nms.kt — generated; running tests…
2026-08-29 21:18:23 | PASS 120 · Nms.kt — no change
2026-08-29 21:18:33 | PASS 120 · LowLight.kt — coding-lane hardening…
GLM_OK: rewrote app/src/main/java/ai/genwhy/nobonk/ml/LowLight.kt (5222 chars)
2026-08-29 21:19:26 | PASS 120 · LowLight.kt — generated; running tests…
2026-08-29 21:19:27 | PASS 120 · LowLight.kt — no change
2026-08-29 21:19:37 | PASS 120 · Letterbox.kt — coding-lane hardening…
GLM_OK: rewrote app/src/main/java/ai/genwhy/nobonk/ml/Letterbox.kt (5668 chars)
2026-08-29 21:20:36 | PASS 120 · Letterbox.kt — generated; running tests…
2026-08-29 21:20:36 | PASS 120 · Letterbox.kt — no change
2026-08-29 21:20:46 | PASS 120 · Detection.kt — coding-lane hardening…
GLM_OK: rewrote app/src/main/java/ai/genwhy/nobonk/model/Detection.kt (6697 chars)
2026-08-29 21:21:57 | PASS 120 · Detection.kt — generated; running tests…
2026-08-29 21:21:58 | PASS 120 · Detection.kt — no change
2026-08-29 21:22:08 | PASS 120 · NormBox.kt — coding-lane hardening…
GLM_OK: rewrote app/src/main/java/ai/genwhy/nobonk/model/NormBox.kt (5161 chars)
2026-08-29 21:22:58 | PASS 120 · NormBox.kt — generated; running tests…
2026-08-29 21:22:59 | PASS 120 · NormBox.kt — no change
2026-08-29 21:23:09 | PASS 120 · SensorMonitor.kt — coding-lane hardening…
GLM_OK: rewrote app/src/main/java/ai/genwhy/nobonk/ml/SensorMonitor.kt (8618 chars)
2026-08-29 21:24:25 | PASS 120 · SensorMonitor.kt — generated; running tests…
2026-08-29 21:24:25 | PASS 120 · SensorMonitor.kt — no change
2026-08-29 21:24:35 | PASS 120 · DetectionEvent.kt — coding-lane hardening…
GLM_OK: rewrote app/src/main/java/ai/genwhy/nobonk/data/DetectionEvent.kt (8236 chars)
2026-08-29 21:25:38 | PASS 120 · DetectionEvent.kt — generated; running tests…
2026-08-29 21:25:38 | PASS 120 · DetectionEvent.kt — no change
2026-08-29 21:25:48 | PASS 120 · AlertPolicy.kt — coding-lane hardening…
GLM_OK: rewrote app/src/main/java/ai/genwhy/nobonk/ml/AlertPolicy.kt (10637 chars)
2026-08-29 21:28:03 | PASS 120 · AlertPolicy.kt — generated; running tests…
2026-08-29 21:28:04 | PASS 120 · AlertPolicy.kt — no change
2026-08-29 21:28:14 | PASS 120 · AnalyticsEngine.kt — coding-lane hardening…
GLM_OK: rewrote app/src/main/java/ai/genwhy/nobonk/analytics/AnalyticsEngine.kt (10747 chars)
2026-08-29 21:30:19 | PASS 120 · AnalyticsEngine.kt — generated; running tests…
2026-08-29 21:30:20 | PASS 120 · AnalyticsEngine.kt — no change
2026-08-29 21:30:30 | PASS 121 · Nms.kt — coding-lane hardening…
GLM_OK: rewrote app/src/main/java/ai/genwhy/nobonk/ml/Nms.kt (5113 chars)
2026-08-29 21:31:17 | PASS 121 · Nms.kt — generated; running tests…
2026-08-29 21:31:17 | PASS 121 · Nms.kt — no change
2026-08-29 21:31:27 | PASS 121 · LowLight.kt — coding-lane hardening…
GLM_OK: rewrote app/src/main/java/ai/genwhy/nobonk/ml/LowLight.kt (5222 chars)
2026-08-29 21:32:15 | PASS 121 · LowLight.kt — generated; running tests…
2026-08-29 21:32:16 | PASS 121 · LowLight.kt — no change
2026-08-29 21:32:26 | PASS 121 · Letterbox.kt — coding-lane hardening…
GLM_OK: rewrote app/src/main/java/ai/genwhy/nobonk/ml/Letterbox.kt (5668 chars)
2026-08-29 21:33:31 | PASS 121 · Letterbox.kt — generated; running tests…
2026-08-29 21:33:31 | PASS 121 · Letterbox.kt — no change
2026-08-29 21:33:41 | PASS 121 · Detection.kt — coding-lane hardening…
GLM_OK: rewrote app/src/main/java/ai/genwhy/nobonk/model/Detection.kt (6697 chars)
2026-08-29 21:34:57 | PASS 121 · Detection.kt — generated; running tests…
2026-08-29 21:34:58 | PASS 121 · Detection.kt — no change
2026-08-29 21:35:08 | PASS 121 · NormBox.kt — coding-lane hardening…
GLM_OK: rewrote app/src/main/java/ai/genwhy/nobonk/model/NormBox.kt (5161 chars)
2026-08-29 21:35:57 | PASS 121 · NormBox.kt — generated; running tests…
2026-08-29 21:35:58 | PASS 121 · NormBox.kt — no change
2026-08-29 21:36:08 | PASS 121 · SensorMonitor.kt — coding-lane hardening…
GLM_OK: rewrote app/src/main/java/ai/genwhy/nobonk/ml/SensorMonitor.kt (8618 chars)
2026-08-29 21:37:26 | PASS 121 · SensorMonitor.kt — generated; running tests…
2026-08-29 21:37:27 | PASS 121 · SensorMonitor.kt — no change
2026-08-29 21:37:37 | PASS 121 · DetectionEvent.kt — coding-lane hardening…
GLM_OK: rewrote app/src/main/java/ai/genwhy/nobonk/data/DetectionEvent.kt (8236 chars)
2026-08-29 21:38:56 | PASS 121 · DetectionEvent.kt — generated; running tests…
2026-08-29 21:38:56 | PASS 121 · DetectionEvent.kt — no change
2026-08-29 21:39:06 | PASS 121 · AlertPolicy.kt — coding-lane hardening…
GLM_OK: rewrote app/src/main/java/ai/genwhy/nobonk/ml/AlertPolicy.kt (10637 chars)
2026-08-29 21:41:16 | PASS 121 · AlertPolicy.kt — generated; running tests…
2026-08-29 21:41:17 | PASS 121 · AlertPolicy.kt — no change
2026-08-29 21:41:27 | PASS 121 · AnalyticsEngine.kt — coding-lane hardening…
GLM_OK: rewrote app/src/main/java/ai/genwhy/nobonk/analytics/AnalyticsEngine.kt (10747 chars)
2026-08-29 21:43:27 | PASS 121 · AnalyticsEngine.kt — generated; running tests…
2026-08-29 21:43:28 | PASS 121 · AnalyticsEngine.kt — no change
2026-08-29 21:43:38 | PASS 122 · Nms.kt — coding-lane hardening…
GLM_OK: rewrote app/src/main/java/ai/genwhy/nobonk/ml/Nms.kt (5113 chars)
2026-08-29 21:44:23 | PASS 122 · Nms.kt — generated; running tests…
2026-08-29 21:44:23 | PASS 122 · Nms.kt — no change
2026-08-29 21:44:33 | PASS 122 · LowLight.kt — coding-lane hardening…
GLM_OK: rewrote app/src/main/java/ai/genwhy/nobonk/ml/LowLight.kt (5222 chars)
2026-08-29 21:45:18 | PASS 122 · LowLight.kt — generated; running tests…
2026-08-29 21:45:18 | PASS 122 · LowLight.kt — no change
2026-08-29 21:45:28 | PASS 122 · Letterbox.kt — coding-lane hardening…
GLM_OK: rewrote app/src/main/java/ai/genwhy/nobonk/ml/Letterbox.kt (5668 chars)
2026-08-29 21:46:25 | PASS 122 · Letterbox.kt — generated; running tests…
2026-08-29 21:46:26 | PASS 122 · Letterbox.kt — no change
2026-08-29 21:46:36 | PASS 122 · Detection.kt — coding-lane hardening…
GLM_OK: rewrote app/src/main/java/ai/genwhy/nobonk/model/Detection.kt (6697 chars)
2026-08-29 21:47:45 | PASS 122 · Detection.kt — generated; running tests…
2026-08-29 21:47:46 | PASS 122 · Detection.kt — no change
2026-08-29 21:47:56 | PASS 122 · NormBox.kt — coding-lane hardening…
GLM_OK: rewrote app/src/main/java/ai/genwhy/nobonk/model/NormBox.kt (5161 chars)
2026-08-29 21:48:44 | PASS 122 · NormBox.kt — generated; running tests…
2026-08-29 21:48:44 | PASS 122 · NormBox.kt — no change
2026-08-29 21:48:54 | PASS 122 · SensorMonitor.kt — coding-lane hardening…
GLM_OK: rewrote app/src/main/java/ai/genwhy/nobonk/ml/SensorMonitor.kt (8618 chars)
2026-08-29 21:50:10 | PASS 122 · SensorMonitor.kt — generated; running tests…
2026-08-29 21:50:11 | PASS 122 · SensorMonitor.kt — no change
2026-08-29 21:50:21 | PASS 122 · DetectionEvent.kt — coding-lane hardening…
GLM_OK: rewrote app/src/main/java/ai/genwhy/nobonk/data/DetectionEvent.kt (8236 chars)
2026-08-29 21:51:31 | PASS 122 · DetectionEvent.kt — generated; running tests…
2026-08-29 21:51:32 | PASS 122 · DetectionEvent.kt — no change
2026-08-29 21:51:42 | PASS 122 · AlertPolicy.kt — coding-lane hardening…
GLM_OK: rewrote app/src/main/java/ai/genwhy/nobonk/ml/AlertPolicy.kt (10637 chars)
2026-08-29 21:53:37 | PASS 122 · AlertPolicy.kt — generated; running tests…
2026-08-29 21:53:38 | PASS 122 · AlertPolicy.kt — no change
2026-08-29 21:53:48 | PASS 122 · AnalyticsEngine.kt — coding-lane hardening…
GLM_OK: rewrote app/src/main/java/ai/genwhy/nobonk/analytics/AnalyticsEngine.kt (10747 chars)
2026-08-29 21:55:56 | PASS 122 · AnalyticsEngine.kt — generated; running tests…
2026-08-29 21:55:57 | PASS 122 · AnalyticsEngine.kt — no change
2026-08-29 21:56:07 | PASS 123 · Nms.kt — coding-lane hardening…
GLM_OK: rewrote app/src/main/java/ai/genwhy/nobonk/ml/Nms.kt (5113 chars)
2026-08-29 21:56:55 | PASS 123 · Nms.kt — generated; running tests…
2026-08-29 21:56:56 | PASS 123 · Nms.kt — no change
2026-08-29 21:57:06 | PASS 123 · LowLight.kt — coding-lane hardening…
GLM_OK: rewrote app/src/main/java/ai/genwhy/nobonk/ml/LowLight.kt (5222 chars)
2026-08-29 21:58:03 | PASS 123 · LowLight.kt — generated; running tests…
2026-08-29 21:58:04 | PASS 123 · LowLight.kt — no change
2026-08-29 21:58:14 | PASS 123 · Letterbox.kt — coding-lane hardening…
GLM_OK: rewrote app/src/main/java/ai/genwhy/nobonk/ml/Letterbox.kt (5668 chars)
2026-08-29 21:59:12 | PASS 123 · Letterbox.kt — generated; running tests…
2026-08-29 21:59:12 | PASS 123 · Letterbox.kt — no change
2026-08-29 21:59:22 | PASS 123 · Detection.kt — coding-lane hardening…
GLM_OK: rewrote app/src/main/java/ai/genwhy/nobonk/model/Detection.kt (6697 chars)
2026-08-29 22:00:29 | PASS 123 · Detection.kt — generated; running tests…
2026-08-29 22:00:29 | PASS 123 · Detection.kt — no change
2026-08-29 22:00:39 | PASS 123 · NormBox.kt — coding-lane hardening…
GLM_OK: rewrote app/src/main/java/ai/genwhy/nobonk/model/NormBox.kt (5161 chars)
2026-08-29 22:01:35 | PASS 123 · NormBox.kt — generated; running tests…
2026-08-29 22:01:36 | PASS 123 · NormBox.kt — no change
2026-08-29 22:01:46 | PASS 123 · SensorMonitor.kt — coding-lane hardening…
GLM_OK: rewrote app/src/main/java/ai/genwhy/nobonk/ml/SensorMonitor.kt (8618 chars)
2026-08-29 22:03:06 | PASS 123 · SensorMonitor.kt — generated; running tests…
2026-08-29 22:03:07 | PASS 123 · SensorMonitor.kt — no change
2026-08-29 22:03:17 | PASS 123 · DetectionEvent.kt — coding-lane hardening…
GLM_OK: rewrote app/src/main/java/ai/genwhy/nobonk/data/DetectionEvent.kt (8236 chars)
2026-08-29 22:04:30 | PASS 123 · DetectionEvent.kt — generated; running tests…
2026-08-29 22:04:30 | PASS 123 · DetectionEvent.kt — no change
2026-08-29 22:04:40 | PASS 123 · AlertPolicy.kt — coding-lane hardening…
GLM_OK: rewrote app/src/main/java/ai/genwhy/nobonk/ml/AlertPolicy.kt (10637 chars)
2026-08-29 22:07:04 | PASS 123 · AlertPolicy.kt — generated; running tests…
2026-08-29 22:07:05 | PASS 123 · AlertPolicy.kt — no change
2026-08-29 22:07:15 | PASS 123 · AnalyticsEngine.kt — coding-lane hardening…
GLM_OK: rewrote app/src/main/java/ai/genwhy/nobonk/analytics/AnalyticsEngine.kt (10747 chars)
2026-08-29 22:09:15 | PASS 123 · AnalyticsEngine.kt — generated; running tests…
2026-08-29 22:09:16 | PASS 123 · AnalyticsEngine.kt — no change
2026-08-29 22:09:26 | PASS 124 · Nms.kt — coding-lane hardening…
GLM_OK: rewrote app/src/main/java/ai/genwhy/nobonk/ml/Nms.kt (5113 chars)
2026-08-29 22:10:11 | PASS 124 · Nms.kt — generated; running tests…
2026-08-29 22:10:12 | PASS 124 · Nms.kt — no change
2026-08-29 22:10:22 | PASS 124 · LowLight.kt — coding-lane hardening…
GLM_OK: rewrote app/src/main/java/ai/genwhy/nobonk/ml/LowLight.kt (5222 chars)
2026-08-29 22:11:10 | PASS 124 · LowLight.kt — generated; running tests…
2026-08-29 22:11:11 | PASS 124 · LowLight.kt — no change
2026-08-29 22:11:21 | PASS 124 · Letterbox.kt — coding-lane hardening…
GLM_OK: rewrote app/src/main/java/ai/genwhy/nobonk/ml/Letterbox.kt (5668 chars)
2026-08-29 22:12:27 | PASS 124 · Letterbox.kt — generated; running tests…
2026-08-29 22:12:27 | PASS 124 · Letterbox.kt — no change
2026-08-29 22:12:37 | PASS 124 · Detection.kt — coding-lane hardening…
GLM_OK: rewrote app/src/main/java/ai/genwhy/nobonk/model/Detection.kt (6697 chars)
2026-08-29 22:13:55 | PASS 124 · Detection.kt — generated; running tests…
2026-08-29 22:13:56 | PASS 124 · Detection.kt — no change
2026-08-29 22:14:06 | PASS 124 · NormBox.kt — coding-lane hardening…
GLM_OK: rewrote app/src/main/java/ai/genwhy/nobonk/model/NormBox.kt (5161 chars)
2026-08-29 22:14:58 | PASS 124 · NormBox.kt — generated; running tests…
2026-08-29 22:14:58 | PASS 124 · NormBox.kt — no change
2026-08-29 22:15:08 | PASS 124 · SensorMonitor.kt — coding-lane hardening…
GLM_OK: rewrote app/src/main/java/ai/genwhy/nobonk/ml/SensorMonitor.kt (8723 chars)
2026-08-29 22:17:03 | PASS 124 · SensorMonitor.kt — generated; running tests…
2026-08-29 22:17:04 | PASS 124 · SensorMonitor.kt — TESTS GREEN, committed
2026-08-29 22:17:06 |   pushed to origin
2026-08-29 22:17:16 | PASS 124 · DetectionEvent.kt — coding-lane hardening…
GLM_OK: rewrote app/src/main/java/ai/genwhy/nobonk/data/DetectionEvent.kt (8236 chars)
2026-08-29 22:18:30 | PASS 124 · DetectionEvent.kt — generated; running tests…
2026-08-29 22:18:31 | PASS 124 · DetectionEvent.kt — no change
2026-08-29 22:18:41 | PASS 124 · AlertPolicy.kt — coding-lane hardening…
GLM_OK: rewrote app/src/main/java/ai/genwhy/nobonk/ml/AlertPolicy.kt (10637 chars)
2026-08-29 22:20:57 | PASS 124 · AlertPolicy.kt — generated; running tests…
2026-08-29 22:20:58 | PASS 124 · AlertPolicy.kt — no change
2026-08-29 22:21:08 | PASS 124 · AnalyticsEngine.kt — coding-lane hardening…
GLM_OK: rewrote app/src/main/java/ai/genwhy/nobonk/analytics/AnalyticsEngine.kt (10747 chars)
2026-08-29 22:23:23 | PASS 124 · AnalyticsEngine.kt — generated; running tests…
2026-08-29 22:23:24 | PASS 124 · AnalyticsEngine.kt — no change
2026-08-29 22:23:34 | PASS 125 · Nms.kt — coding-lane hardening…
GLM_OK: rewrote app/src/main/java/ai/genwhy/nobonk/ml/Nms.kt (5113 chars)
2026-08-29 22:24:23 | PASS 125 · Nms.kt — generated; running tests…
2026-08-29 22:24:24 | PASS 125 · Nms.kt — no change
2026-08-29 22:24:34 | PASS 125 · LowLight.kt — coding-lane hardening…
GLM_OK: rewrote app/src/main/java/ai/genwhy/nobonk/ml/LowLight.kt (5222 chars)
2026-08-29 22:25:23 | PASS 125 · LowLight.kt — generated; running tests…
2026-08-29 22:25:24 | PASS 125 · LowLight.kt — no change
2026-08-29 22:25:34 | PASS 125 · Letterbox.kt — coding-lane hardening…
GLM_OK: rewrote app/src/main/java/ai/genwhy/nobonk/ml/Letterbox.kt (5668 chars)
2026-08-29 22:26:28 | PASS 125 · Letterbox.kt — generated; running tests…
2026-08-29 22:26:29 | PASS 125 · Letterbox.kt — no change
2026-08-29 22:26:39 | PASS 125 · Detection.kt — coding-lane hardening…
GLM_OK: rewrote app/src/main/java/ai/genwhy/nobonk/model/Detection.kt (6697 chars)
2026-08-29 22:27:43 | PASS 125 · Detection.kt — generated; running tests…
2026-08-29 22:27:44 | PASS 125 · Detection.kt — no change
2026-08-29 22:27:54 | PASS 125 · NormBox.kt — coding-lane hardening…
GLM_OK: rewrote app/src/main/java/ai/genwhy/nobonk/model/NormBox.kt (5161 chars)
2026-08-29 22:28:54 | PASS 125 · NormBox.kt — generated; running tests…
2026-08-29 22:28:55 | PASS 125 · NormBox.kt — no change
2026-08-29 22:29:05 | PASS 125 · SensorMonitor.kt — coding-lane hardening…
GLM_OK: rewrote app/src/main/java/ai/genwhy/nobonk/ml/SensorMonitor.kt (8723 chars)
2026-08-29 22:32:26 | PASS 125 · SensorMonitor.kt — generated; running tests…
2026-08-29 22:32:27 | PASS 125 · SensorMonitor.kt — no change
2026-08-29 22:32:37 | PASS 125 · DetectionEvent.kt — coding-lane hardening…
GLM_OK: rewrote app/src/main/java/ai/genwhy/nobonk/data/DetectionEvent.kt (8236 chars)
2026-08-29 22:33:50 | PASS 125 · DetectionEvent.kt — generated; running tests…
2026-08-29 22:33:51 | PASS 125 · DetectionEvent.kt — no change
2026-08-29 22:34:01 | PASS 125 · AlertPolicy.kt — coding-lane hardening…
GLM_OK: rewrote app/src/main/java/ai/genwhy/nobonk/ml/AlertPolicy.kt (10634 chars)
2026-08-29 22:36:30 | PASS 125 · AlertPolicy.kt — generated; running tests…
2026-08-29 22:36:32 | PASS 125 · AlertPolicy.kt — TESTS GREEN, committed
2026-08-29 22:36:33 |   pushed to origin
2026-08-29 22:36:43 | PASS 125 · AnalyticsEngine.kt — coding-lane hardening…
GLM_OK: rewrote app/src/main/java/ai/genwhy/nobonk/analytics/AnalyticsEngine.kt (10747 chars)
2026-08-29 22:38:49 | PASS 125 · AnalyticsEngine.kt — generated; running tests…
2026-08-29 22:38:50 | PASS 125 · AnalyticsEngine.kt — no change
2026-08-29 22:39:00 | PASS 126 · Nms.kt — coding-lane hardening…
GLM_OK: rewrote app/src/main/java/ai/genwhy/nobonk/ml/Nms.kt (5113 chars)
2026-08-29 22:39:42 | PASS 126 · Nms.kt — generated; running tests…
2026-08-29 22:39:43 | PASS 126 · Nms.kt — no change
2026-08-29 22:39:53 | PASS 126 · LowLight.kt — coding-lane hardening…
GLM_OK: rewrote app/src/main/java/ai/genwhy/nobonk/ml/LowLight.kt (5222 chars)
2026-08-29 22:40:39 | PASS 126 · LowLight.kt — generated; running tests…
2026-08-29 22:40:39 | PASS 126 · LowLight.kt — no change
2026-08-29 22:40:49 | PASS 126 · Letterbox.kt — coding-lane hardening…
GLM_OK: rewrote app/src/main/java/ai/genwhy/nobonk/ml/Letterbox.kt (5668 chars)
2026-08-29 22:41:51 | PASS 126 · Letterbox.kt — generated; running tests…
2026-08-29 22:41:52 | PASS 126 · Letterbox.kt — no change
2026-08-29 22:42:02 | PASS 126 · Detection.kt — coding-lane hardening…
GLM_OK: rewrote app/src/main/java/ai/genwhy/nobonk/model/Detection.kt (6697 chars)
2026-08-29 22:43:21 | PASS 126 · Detection.kt — generated; running tests…
2026-08-29 22:43:22 | PASS 126 · Detection.kt — no change
2026-08-29 22:43:32 | PASS 126 · NormBox.kt — coding-lane hardening…
GLM_OK: rewrote app/src/main/java/ai/genwhy/nobonk/model/NormBox.kt (5161 chars)
2026-08-29 22:44:22 | PASS 126 · NormBox.kt — generated; running tests…
2026-08-29 22:44:23 | PASS 126 · NormBox.kt — no change
2026-08-29 22:44:33 | PASS 126 · SensorMonitor.kt — coding-lane hardening…
GLM_OK: rewrote app/src/main/java/ai/genwhy/nobonk/ml/SensorMonitor.kt (8723 chars)
2026-08-29 22:45:56 | PASS 126 · SensorMonitor.kt — generated; running tests…
2026-08-29 22:45:56 | PASS 126 · SensorMonitor.kt — no change
2026-08-29 22:46:06 | PASS 126 · DetectionEvent.kt — coding-lane hardening…
GLM_OK: rewrote app/src/main/java/ai/genwhy/nobonk/data/DetectionEvent.kt (8236 chars)
2026-08-29 22:47:30 | PASS 126 · DetectionEvent.kt — generated; running tests…
2026-08-29 22:47:31 | PASS 126 · DetectionEvent.kt — no change
2026-08-29 22:47:41 | PASS 126 · AlertPolicy.kt — coding-lane hardening…
GLM_OK: rewrote app/src/main/java/ai/genwhy/nobonk/ml/AlertPolicy.kt (10634 chars)
2026-08-29 22:49:27 | PASS 126 · AlertPolicy.kt — generated; running tests…
2026-08-29 22:49:28 | PASS 126 · AlertPolicy.kt — no change
2026-08-29 22:49:38 | PASS 126 · AnalyticsEngine.kt — coding-lane hardening…
GLM_OK: rewrote app/src/main/java/ai/genwhy/nobonk/analytics/AnalyticsEngine.kt (10747 chars)
2026-08-29 22:52:05 | PASS 126 · AnalyticsEngine.kt — generated; running tests…
2026-08-29 22:52:05 | PASS 126 · AnalyticsEngine.kt — no change
2026-08-29 22:52:15 | PASS 127 · Nms.kt — coding-lane hardening…
GLM_OK: rewrote app/src/main/java/ai/genwhy/nobonk/ml/Nms.kt (5113 chars)
2026-08-29 22:53:02 | PASS 127 · Nms.kt — generated; running tests…
2026-08-29 22:53:03 | PASS 127 · Nms.kt — no change
2026-08-29 22:53:13 | PASS 127 · LowLight.kt — coding-lane hardening…
GLM_OK: rewrote app/src/main/java/ai/genwhy/nobonk/ml/LowLight.kt (5222 chars)
2026-08-29 22:53:57 | PASS 127 · LowLight.kt — generated; running tests…
2026-08-29 22:53:58 | PASS 127 · LowLight.kt — no change
2026-08-29 22:54:08 | PASS 127 · Letterbox.kt — coding-lane hardening…
GLM_OK: rewrote app/src/main/java/ai/genwhy/nobonk/ml/Letterbox.kt (5668 chars)
2026-08-29 22:55:06 | PASS 127 · Letterbox.kt — generated; running tests…
2026-08-29 22:55:07 | PASS 127 · Letterbox.kt — no change
2026-08-29 22:55:17 | PASS 127 · Detection.kt — coding-lane hardening…
GLM_OK: rewrote app/src/main/java/ai/genwhy/nobonk/model/Detection.kt (6697 chars)
2026-08-29 22:56:23 | PASS 127 · Detection.kt — generated; running tests…
2026-08-29 22:56:24 | PASS 127 · Detection.kt — no change
2026-08-29 22:56:34 | PASS 127 · NormBox.kt — coding-lane hardening…
GLM_OK: rewrote app/src/main/java/ai/genwhy/nobonk/model/NormBox.kt (5161 chars)
2026-08-29 22:57:22 | PASS 127 · NormBox.kt — generated; running tests…
2026-08-29 22:57:23 | PASS 127 · NormBox.kt — no change
2026-08-29 22:57:33 | PASS 127 · SensorMonitor.kt — coding-lane hardening…
GLM_OK: rewrote app/src/main/java/ai/genwhy/nobonk/ml/SensorMonitor.kt (8723 chars)
2026-08-29 22:59:19 | PASS 127 · SensorMonitor.kt — generated; running tests…
2026-08-29 22:59:20 | PASS 127 · SensorMonitor.kt — no change
2026-08-29 22:59:30 | PASS 127 · DetectionEvent.kt — coding-lane hardening…
GLM_OK: rewrote app/src/main/java/ai/genwhy/nobonk/data/DetectionEvent.kt (8236 chars)
2026-08-29 23:00:47 | PASS 127 · DetectionEvent.kt — generated; running tests…
2026-08-29 23:00:48 | PASS 127 · DetectionEvent.kt — no change
2026-08-29 23:00:58 | PASS 127 · AlertPolicy.kt — coding-lane hardening…
GLM_OK: rewrote app/src/main/java/ai/genwhy/nobonk/ml/AlertPolicy.kt (10634 chars)
2026-08-29 23:03:19 | PASS 127 · AlertPolicy.kt — generated; running tests…
2026-08-29 23:03:19 | PASS 127 · AlertPolicy.kt — no change
2026-08-29 23:03:29 | PASS 127 · AnalyticsEngine.kt — coding-lane hardening…
GLM_OK: rewrote app/src/main/java/ai/genwhy/nobonk/analytics/AnalyticsEngine.kt (10747 chars)
2026-08-29 23:09:41 | PASS 127 · AnalyticsEngine.kt — generated; running tests…
2026-08-29 23:09:42 | PASS 127 · AnalyticsEngine.kt — no change
2026-08-29 23:09:52 | PASS 128 · Nms.kt — coding-lane hardening…
GLM_OK: rewrote app/src/main/java/ai/genwhy/nobonk/ml/Nms.kt (5113 chars)
2026-08-29 23:10:40 | PASS 128 · Nms.kt — generated; running tests…
2026-08-29 23:10:41 | PASS 128 · Nms.kt — no change
2026-08-29 23:10:51 | PASS 128 · LowLight.kt — coding-lane hardening…
GLM_OK: rewrote app/src/main/java/ai/genwhy/nobonk/ml/LowLight.kt (5222 chars)
2026-08-29 23:11:37 | PASS 128 · LowLight.kt — generated; running tests…
2026-08-29 23:11:38 | PASS 128 · LowLight.kt — no change
2026-08-29 23:11:48 | PASS 128 · Letterbox.kt — coding-lane hardening…
GLM_OK: rewrote app/src/main/java/ai/genwhy/nobonk/ml/Letterbox.kt (5668 chars)
2026-08-29 23:12:46 | PASS 128 · Letterbox.kt — generated; running tests…
2026-08-29 23:12:47 | PASS 128 · Letterbox.kt — no change
2026-08-29 23:12:57 | PASS 128 · Detection.kt — coding-lane hardening…
GLM_OK: rewrote app/src/main/java/ai/genwhy/nobonk/model/Detection.kt (6697 chars)
2026-08-29 23:14:15 | PASS 128 · Detection.kt — generated; running tests…
2026-08-29 23:14:16 | PASS 128 · Detection.kt — no change
2026-08-29 23:14:26 | PASS 128 · NormBox.kt — coding-lane hardening…
GLM_OK: rewrote app/src/main/java/ai/genwhy/nobonk/model/NormBox.kt (5161 chars)
2026-08-29 23:15:20 | PASS 128 · NormBox.kt — generated; running tests…
2026-08-29 23:15:20 | PASS 128 · NormBox.kt — no change
2026-08-29 23:15:30 | PASS 128 · SensorMonitor.kt — coding-lane hardening…
GLM_OK: rewrote app/src/main/java/ai/genwhy/nobonk/ml/SensorMonitor.kt (8723 chars)
2026-08-29 23:16:50 | PASS 128 · SensorMonitor.kt — generated; running tests…
2026-08-29 23:16:51 | PASS 128 · SensorMonitor.kt — no change
2026-08-29 23:17:01 | PASS 128 · DetectionEvent.kt — coding-lane hardening…
GLM_OK: rewrote app/src/main/java/ai/genwhy/nobonk/data/DetectionEvent.kt (8236 chars)
2026-08-29 23:18:16 | PASS 128 · DetectionEvent.kt — generated; running tests…
2026-08-29 23:18:16 | PASS 128 · DetectionEvent.kt — no change
2026-08-29 23:18:26 | PASS 128 · AlertPolicy.kt — coding-lane hardening…
GLM_OK: rewrote app/src/main/java/ai/genwhy/nobonk/ml/AlertPolicy.kt (10634 chars)
2026-08-29 23:20:41 | PASS 128 · AlertPolicy.kt — generated; running tests…
2026-08-29 23:20:42 | PASS 128 · AlertPolicy.kt — no change
2026-08-29 23:20:52 | PASS 128 · AnalyticsEngine.kt — coding-lane hardening…
GLM_OK: rewrote app/src/main/java/ai/genwhy/nobonk/analytics/AnalyticsEngine.kt (10747 chars)
2026-08-29 23:22:55 | PASS 128 · AnalyticsEngine.kt — generated; running tests…
2026-08-29 23:22:56 | PASS 128 · AnalyticsEngine.kt — no change
2026-08-29 23:23:06 | PASS 129 · Nms.kt — coding-lane hardening…
GLM_OK: rewrote app/src/main/java/ai/genwhy/nobonk/ml/Nms.kt (5113 chars)
2026-08-29 23:23:52 | PASS 129 · Nms.kt — generated; running tests…
2026-08-29 23:23:53 | PASS 129 · Nms.kt — no change
2026-08-29 23:24:03 | PASS 129 · LowLight.kt — coding-lane hardening…
GLM_OK: rewrote app/src/main/java/ai/genwhy/nobonk/ml/LowLight.kt (5222 chars)
2026-08-29 23:24:48 | PASS 129 · LowLight.kt — generated; running tests…
2026-08-29 23:24:49 | PASS 129 · LowLight.kt — no change
2026-08-29 23:24:59 | PASS 129 · Letterbox.kt — coding-lane hardening…
GLM_OK: rewrote app/src/main/java/ai/genwhy/nobonk/ml/Letterbox.kt (5668 chars)
2026-08-29 23:25:50 | PASS 129 · Letterbox.kt — generated; running tests…
2026-08-29 23:25:50 | PASS 129 · Letterbox.kt — no change
2026-08-29 23:26:00 | PASS 129 · Detection.kt — coding-lane hardening…
GLM_OK: rewrote app/src/main/java/ai/genwhy/nobonk/model/Detection.kt (6697 chars)
2026-08-29 23:27:03 | PASS 129 · Detection.kt — generated; running tests…
2026-08-29 23:27:04 | PASS 129 · Detection.kt — no change
2026-08-29 23:27:14 | PASS 129 · NormBox.kt — coding-lane hardening…
GLM_OK: rewrote app/src/main/java/ai/genwhy/nobonk/model/NormBox.kt (5161 chars)
2026-08-29 23:28:05 | PASS 129 · NormBox.kt — generated; running tests…
2026-08-29 23:28:06 | PASS 129 · NormBox.kt — no change
2026-08-29 23:28:16 | PASS 129 · SensorMonitor.kt — coding-lane hardening…
GLM_OK: rewrote app/src/main/java/ai/genwhy/nobonk/ml/SensorMonitor.kt (8723 chars)
2026-08-29 23:30:15 | PASS 129 · SensorMonitor.kt — generated; running tests…
2026-08-29 23:30:16 | PASS 129 · SensorMonitor.kt — no change
2026-08-29 23:30:26 | PASS 129 · DetectionEvent.kt — coding-lane hardening…
GLM_OK: rewrote app/src/main/java/ai/genwhy/nobonk/data/DetectionEvent.kt (8236 chars)
2026-08-29 23:31:39 | PASS 129 · DetectionEvent.kt — generated; running tests…
2026-08-29 23:31:39 | PASS 129 · DetectionEvent.kt — no change
2026-08-29 23:31:49 | PASS 129 · AlertPolicy.kt — coding-lane hardening…
GLM_OK: rewrote app/src/main/java/ai/genwhy/nobonk/ml/AlertPolicy.kt (10634 chars)
2026-08-29 23:34:08 | PASS 129 · AlertPolicy.kt — generated; running tests…
2026-08-29 23:34:09 | PASS 129 · AlertPolicy.kt — no change
2026-08-29 23:34:19 | PASS 129 · AnalyticsEngine.kt — coding-lane hardening…
GLM_OK: rewrote app/src/main/java/ai/genwhy/nobonk/analytics/AnalyticsEngine.kt (10747 chars)
2026-08-29 23:36:02 | PASS 129 · AnalyticsEngine.kt — generated; running tests…
2026-08-29 23:36:03 | PASS 129 · AnalyticsEngine.kt — no change
2026-08-29 23:36:13 | PASS 130 · Nms.kt — coding-lane hardening…
GLM_OK: rewrote app/src/main/java/ai/genwhy/nobonk/ml/Nms.kt (5113 chars)
2026-08-29 23:37:01 | PASS 130 · Nms.kt — generated; running tests…
2026-08-29 23:37:02 | PASS 130 · Nms.kt — no change
2026-08-29 23:37:12 | PASS 130 · LowLight.kt — coding-lane hardening…
GLM_OK: rewrote app/src/main/java/ai/genwhy/nobonk/ml/LowLight.kt (5222 chars)
2026-08-29 23:37:58 | PASS 130 · LowLight.kt — generated; running tests…
2026-08-29 23:37:59 | PASS 130 · LowLight.kt — no change
2026-08-29 23:38:09 | PASS 130 · Letterbox.kt — coding-lane hardening…
GLM_OK: rewrote app/src/main/java/ai/genwhy/nobonk/ml/Letterbox.kt (5668 chars)
2026-08-29 23:39:09 | PASS 130 · Letterbox.kt — generated; running tests…
2026-08-29 23:39:10 | PASS 130 · Letterbox.kt — no change
2026-08-29 23:39:20 | PASS 130 · Detection.kt — coding-lane hardening…
GLM_OK: rewrote app/src/main/java/ai/genwhy/nobonk/model/Detection.kt (6697 chars)
2026-08-29 23:40:20 | PASS 130 · Detection.kt — generated; running tests…
2026-08-29 23:40:21 | PASS 130 · Detection.kt — no change
2026-08-29 23:40:31 | PASS 130 · NormBox.kt — coding-lane hardening…
GLM_OK: rewrote app/src/main/java/ai/genwhy/nobonk/model/NormBox.kt (5161 chars)
2026-08-29 23:41:22 | PASS 130 · NormBox.kt — generated; running tests…
2026-08-29 23:41:23 | PASS 130 · NormBox.kt — no change
2026-08-29 23:41:33 | PASS 130 · SensorMonitor.kt — coding-lane hardening…
GLM_OK: rewrote app/src/main/java/ai/genwhy/nobonk/ml/SensorMonitor.kt (8723 chars)
2026-08-29 23:43:18 | PASS 130 · SensorMonitor.kt — generated; running tests…
2026-08-29 23:43:19 | PASS 130 · SensorMonitor.kt — no change
2026-08-29 23:43:29 | PASS 130 · DetectionEvent.kt — coding-lane hardening…
GLM_OK: rewrote app/src/main/java/ai/genwhy/nobonk/data/DetectionEvent.kt (8236 chars)
2026-08-29 23:44:51 | PASS 130 · DetectionEvent.kt — generated; running tests…
2026-08-29 23:44:52 | PASS 130 · DetectionEvent.kt — no change
2026-08-29 23:45:02 | PASS 130 · AlertPolicy.kt — coding-lane hardening…
GLM_OK: rewrote app/src/main/java/ai/genwhy/nobonk/ml/AlertPolicy.kt (10634 chars)
2026-08-29 23:47:17 | PASS 130 · AlertPolicy.kt — generated; running tests…
2026-08-29 23:47:17 | PASS 130 · AlertPolicy.kt — no change
2026-08-29 23:47:27 | PASS 130 · AnalyticsEngine.kt — coding-lane hardening…
GLM_OK: rewrote app/src/main/java/ai/genwhy/nobonk/analytics/AnalyticsEngine.kt (10747 chars)
2026-08-29 23:49:35 | PASS 130 · AnalyticsEngine.kt — generated; running tests…
2026-08-29 23:49:36 | PASS 130 · AnalyticsEngine.kt — no change
2026-08-29 23:49:46 | PASS 131 · Nms.kt — coding-lane hardening…
GLM_OK: rewrote app/src/main/java/ai/genwhy/nobonk/ml/Nms.kt (5113 chars)
2026-08-29 23:50:33 | PASS 131 · Nms.kt — generated; running tests…
2026-08-29 23:50:34 | PASS 131 · Nms.kt — no change
2026-08-29 23:50:44 | PASS 131 · LowLight.kt — coding-lane hardening…
GLM_OK: rewrote app/src/main/java/ai/genwhy/nobonk/ml/LowLight.kt (5222 chars)
2026-08-29 23:51:29 | PASS 131 · LowLight.kt — generated; running tests…
2026-08-29 23:51:30 | PASS 131 · LowLight.kt — no change
2026-08-29 23:51:40 | PASS 131 · Letterbox.kt — coding-lane hardening…
GLM_OK: rewrote app/src/main/java/ai/genwhy/nobonk/ml/Letterbox.kt (5668 chars)
2026-08-29 23:52:37 | PASS 131 · Letterbox.kt — generated; running tests…
2026-08-29 23:52:38 | PASS 131 · Letterbox.kt — no change
2026-08-29 23:52:48 | PASS 131 · Detection.kt — coding-lane hardening…
GLM_OK: rewrote app/src/main/java/ai/genwhy/nobonk/model/Detection.kt (6697 chars)
2026-08-29 23:54:22 | PASS 131 · Detection.kt — generated; running tests…
2026-08-29 23:54:23 | PASS 131 · Detection.kt — no change
2026-08-29 23:54:33 | PASS 131 · NormBox.kt — coding-lane hardening…
GLM_OK: rewrote app/src/main/java/ai/genwhy/nobonk/model/NormBox.kt (5306 chars)
2026-08-29 23:55:29 | PASS 131 · NormBox.kt — generated; running tests…
2026-08-29 23:55:31 | PASS 131 · NormBox.kt — TESTS GREEN, committed
2026-08-29 23:55:33 |   pushed to origin
2026-08-29 23:55:43 | PASS 131 · SensorMonitor.kt — coding-lane hardening…
GLM_OK: rewrote app/src/main/java/ai/genwhy/nobonk/ml/SensorMonitor.kt (8723 chars)
2026-08-29 23:56:59 | PASS 131 · SensorMonitor.kt — generated; running tests…
2026-08-29 23:57:00 | PASS 131 · SensorMonitor.kt — no change
2026-08-29 23:57:10 | PASS 131 · DetectionEvent.kt — coding-lane hardening…
GLM_OK: rewrote app/src/main/java/ai/genwhy/nobonk/data/DetectionEvent.kt (8236 chars)
2026-08-29 23:58:26 | PASS 131 · DetectionEvent.kt — generated; running tests…
2026-08-29 23:58:27 | PASS 131 · DetectionEvent.kt — no change
2026-08-29 23:58:37 | PASS 131 · AlertPolicy.kt — coding-lane hardening…
GLM_OK: rewrote app/src/main/java/ai/genwhy/nobonk/ml/AlertPolicy.kt (10634 chars)
2026-08-30 00:00:57 | PASS 131 · AlertPolicy.kt — generated; running tests…
2026-08-30 00:00:57 | PASS 131 · AlertPolicy.kt — no change
2026-08-30 00:01:07 | PASS 131 · AnalyticsEngine.kt — coding-lane hardening…
GLM_OK: rewrote app/src/main/java/ai/genwhy/nobonk/analytics/AnalyticsEngine.kt (10832 chars)
2026-08-30 00:03:22 | PASS 131 · AnalyticsEngine.kt — generated; running tests…
2026-08-30 00:03:24 | PASS 131 · AnalyticsEngine.kt — TESTS GREEN, committed
2026-08-30 00:03:26 |   pushed to origin
2026-08-30 00:03:36 | PASS 132 · Nms.kt — coding-lane hardening…
GLM_OK: rewrote app/src/main/java/ai/genwhy/nobonk/ml/Nms.kt (5113 chars)
2026-08-30 00:04:19 | PASS 132 · Nms.kt — generated; running tests…
2026-08-30 00:04:20 | PASS 132 · Nms.kt — no change
2026-08-30 00:04:30 | PASS 132 · LowLight.kt — coding-lane hardening…
GLM_OK: rewrote app/src/main/java/ai/genwhy/nobonk/ml/LowLight.kt (5222 chars)
2026-08-30 00:05:15 | PASS 132 · LowLight.kt — generated; running tests…
2026-08-30 00:05:15 | PASS 132 · LowLight.kt — no change
2026-08-30 00:05:25 | PASS 132 · Letterbox.kt — coding-lane hardening…
GLM_OK: rewrote app/src/main/java/ai/genwhy/nobonk/ml/Letterbox.kt (5668 chars)
2026-08-30 00:06:28 | PASS 132 · Letterbox.kt — generated; running tests…
2026-08-30 00:06:29 | PASS 132 · Letterbox.kt — no change
2026-08-30 00:06:39 | PASS 132 · Detection.kt — coding-lane hardening…
GLM_OK: rewrote app/src/main/java/ai/genwhy/nobonk/model/Detection.kt (6697 chars)
2026-08-30 00:07:45 | PASS 132 · Detection.kt — generated; running tests…
2026-08-30 00:07:46 | PASS 132 · Detection.kt — no change
2026-08-30 00:07:56 | PASS 132 · NormBox.kt — coding-lane hardening…
GLM_OK: rewrote app/src/main/java/ai/genwhy/nobonk/model/NormBox.kt (5306 chars)
2026-08-30 00:08:48 | PASS 132 · NormBox.kt — generated; running tests…
2026-08-30 00:08:49 | PASS 132 · NormBox.kt — no change
2026-08-30 00:08:59 | PASS 132 · SensorMonitor.kt — coding-lane hardening…
GLM_OK: rewrote app/src/main/java/ai/genwhy/nobonk/ml/SensorMonitor.kt (8723 chars)
2026-08-30 00:10:14 | PASS 132 · SensorMonitor.kt — generated; running tests…
2026-08-30 00:10:14 | PASS 132 · SensorMonitor.kt — no change
2026-08-30 00:10:24 | PASS 132 · DetectionEvent.kt — coding-lane hardening…
GLM_OK: rewrote app/src/main/java/ai/genwhy/nobonk/data/DetectionEvent.kt (8236 chars)
2026-08-30 00:11:35 | PASS 132 · DetectionEvent.kt — generated; running tests…
2026-08-30 00:11:36 | PASS 132 · DetectionEvent.kt — no change
2026-08-30 00:11:46 | PASS 132 · AlertPolicy.kt — coding-lane hardening…
GLM_OK: rewrote app/src/main/java/ai/genwhy/nobonk/ml/AlertPolicy.kt (10634 chars)
2026-08-30 00:13:52 | PASS 132 · AlertPolicy.kt — generated; running tests…
2026-08-30 00:13:53 | PASS 132 · AlertPolicy.kt — no change
2026-08-30 00:14:03 | PASS 132 · AnalyticsEngine.kt — coding-lane hardening…
GLM_OK: rewrote app/src/main/java/ai/genwhy/nobonk/analytics/AnalyticsEngine.kt (10747 chars)
2026-08-30 00:16:15 | PASS 132 · AnalyticsEngine.kt — generated; running tests…
2026-08-30 00:16:17 | PASS 132 · AnalyticsEngine.kt — TESTS GREEN, committed
2026-08-30 00:16:19 |   pushed to origin
2026-08-30 00:16:29 | PASS 133 · Nms.kt — coding-lane hardening…
GLM_OK: rewrote app/src/main/java/ai/genwhy/nobonk/ml/Nms.kt (5113 chars)
2026-08-30 00:21:00 | PASS 133 · Nms.kt — generated; running tests…
2026-08-30 00:21:00 | PASS 133 · Nms.kt — no change
2026-08-30 00:21:10 | PASS 133 · LowLight.kt — coding-lane hardening…
GLM_OK: rewrote app/src/main/java/ai/genwhy/nobonk/ml/LowLight.kt (5222 chars)
2026-08-30 00:22:51 | PASS 133 · LowLight.kt — generated; running tests…
2026-08-30 00:22:52 | PASS 133 · LowLight.kt — no change
2026-08-30 00:23:02 | PASS 133 · Letterbox.kt — coding-lane hardening…
GLM_OK: rewrote app/src/main/java/ai/genwhy/nobonk/ml/Letterbox.kt (5668 chars)
2026-08-30 00:24:01 | PASS 133 · Letterbox.kt — generated; running tests…
2026-08-30 00:24:02 | PASS 133 · Letterbox.kt — no change
2026-08-30 00:24:12 | PASS 133 · Detection.kt — coding-lane hardening…
GLM_OK: rewrote app/src/main/java/ai/genwhy/nobonk/model/Detection.kt (6697 chars)
2026-08-30 00:25:26 | PASS 133 · Detection.kt — generated; running tests…
2026-08-30 00:25:27 | PASS 133 · Detection.kt — no change
2026-08-30 00:25:37 | PASS 133 · NormBox.kt — coding-lane hardening…
GLM_OK: rewrote app/src/main/java/ai/genwhy/nobonk/model/NormBox.kt (5306 chars)
2026-08-30 00:26:27 | PASS 133 · NormBox.kt — generated; running tests…
2026-08-30 00:26:28 | PASS 133 · NormBox.kt — no change
2026-08-30 00:26:38 | PASS 133 · SensorMonitor.kt — coding-lane hardening…
GLM_OK: rewrote app/src/main/java/ai/genwhy/nobonk/ml/SensorMonitor.kt (8723 chars)
2026-08-30 00:27:39 | PASS 133 · SensorMonitor.kt — generated; running tests…
2026-08-30 00:27:40 | PASS 133 · SensorMonitor.kt — no change
2026-08-30 00:27:50 | PASS 133 · DetectionEvent.kt — coding-lane hardening…
GLM_OK: rewrote app/src/main/java/ai/genwhy/nobonk/data/DetectionEvent.kt (8236 chars)
2026-08-30 00:29:48 | PASS 133 · DetectionEvent.kt — generated; running tests…
2026-08-30 00:29:49 | PASS 133 · DetectionEvent.kt — no change
2026-08-30 00:29:59 | PASS 133 · AlertPolicy.kt — coding-lane hardening…
GLM_OK: rewrote app/src/main/java/ai/genwhy/nobonk/ml/AlertPolicy.kt (10634 chars)
2026-08-30 00:32:16 | PASS 133 · AlertPolicy.kt — generated; running tests…
2026-08-30 00:32:17 | PASS 133 · AlertPolicy.kt — no change
2026-08-30 00:32:27 | PASS 133 · AnalyticsEngine.kt — coding-lane hardening…
GLM_OK: rewrote app/src/main/java/ai/genwhy/nobonk/analytics/AnalyticsEngine.kt (10749 chars)
2026-08-30 00:34:29 | PASS 133 · AnalyticsEngine.kt — generated; running tests…
2026-08-30 00:34:31 | PASS 133 · AnalyticsEngine.kt — TESTS GREEN, committed
2026-08-30 00:34:33 |   pushed to origin
2026-08-30 00:34:43 | PASS 134 · Nms.kt — coding-lane hardening…
GLM_OK: rewrote app/src/main/java/ai/genwhy/nobonk/ml/Nms.kt (5113 chars)
2026-08-30 00:38:12 | PASS 134 · Nms.kt — generated; running tests…
2026-08-30 00:38:13 | PASS 134 · Nms.kt — no change
2026-08-30 00:38:23 | PASS 134 · LowLight.kt — coding-lane hardening…
GLM_OK: rewrote app/src/main/java/ai/genwhy/nobonk/ml/LowLight.kt (5222 chars)
2026-08-30 00:39:10 | PASS 134 · LowLight.kt — generated; running tests…
2026-08-30 00:39:11 | PASS 134 · LowLight.kt — no change
2026-08-30 00:39:21 | PASS 134 · Letterbox.kt — coding-lane hardening…
GLM_OK: rewrote app/src/main/java/ai/genwhy/nobonk/ml/Letterbox.kt (5668 chars)
2026-08-30 00:40:17 | PASS 134 · Letterbox.kt — generated; running tests…
2026-08-30 00:40:18 | PASS 134 · Letterbox.kt — no change
2026-08-30 00:40:28 | PASS 134 · Detection.kt — coding-lane hardening…
GLM_OK: rewrote app/src/main/java/ai/genwhy/nobonk/model/Detection.kt (6697 chars)
2026-08-30 00:41:28 | PASS 134 · Detection.kt — generated; running tests…
2026-08-30 00:41:29 | PASS 134 · Detection.kt — no change
2026-08-30 00:41:39 | PASS 134 · NormBox.kt — coding-lane hardening…
GLM_OK: rewrote app/src/main/java/ai/genwhy/nobonk/model/NormBox.kt (5306 chars)
2026-08-30 00:42:31 | PASS 134 · NormBox.kt — generated; running tests…
2026-08-30 00:42:32 | PASS 134 · NormBox.kt — no change
2026-08-30 00:42:42 | PASS 134 · SensorMonitor.kt — coding-lane hardening…
GLM_OK: rewrote app/src/main/java/ai/genwhy/nobonk/ml/SensorMonitor.kt (8829 chars)
2026-08-30 00:44:17 | PASS 134 · SensorMonitor.kt — generated; running tests…
2026-08-30 00:44:18 | PASS 134 · SensorMonitor.kt — TESTS GREEN, committed
2026-08-30 00:44:20 |   pushed to origin
2026-08-30 00:44:30 | PASS 134 · DetectionEvent.kt — coding-lane hardening…
GLM_OK: rewrote app/src/main/java/ai/genwhy/nobonk/data/DetectionEvent.kt (8236 chars)
2026-08-30 00:45:46 | PASS 134 · DetectionEvent.kt — generated; running tests…
2026-08-30 00:45:47 | PASS 134 · DetectionEvent.kt — no change
2026-08-30 00:45:57 | PASS 134 · AlertPolicy.kt — coding-lane hardening…
GLM_OK: rewrote app/src/main/java/ai/genwhy/nobonk/ml/AlertPolicy.kt (10634 chars)
2026-08-30 00:47:41 | PASS 134 · AlertPolicy.kt — generated; running tests…
2026-08-30 00:47:41 | PASS 134 · AlertPolicy.kt — no change
2026-08-30 00:47:51 | PASS 134 · AnalyticsEngine.kt — coding-lane hardening…
GLM_OK: rewrote app/src/main/java/ai/genwhy/nobonk/analytics/AnalyticsEngine.kt (10749 chars)
2026-08-30 00:50:02 | PASS 134 · AnalyticsEngine.kt — generated; running tests…
2026-08-30 00:50:02 | PASS 134 · AnalyticsEngine.kt — no change
2026-08-30 00:50:12 | PASS 135 · Nms.kt — coding-lane hardening…
GLM_OK: rewrote app/src/main/java/ai/genwhy/nobonk/ml/Nms.kt (5113 chars)
2026-08-30 00:50:58 | PASS 135 · Nms.kt — generated; running tests…
2026-08-30 00:50:59 | PASS 135 · Nms.kt — no change
2026-08-30 00:51:09 | PASS 135 · LowLight.kt — coding-lane hardening…
GLM_OK: rewrote app/src/main/java/ai/genwhy/nobonk/ml/LowLight.kt (5222 chars)
2026-08-30 00:51:54 | PASS 135 · LowLight.kt — generated; running tests…
2026-08-30 00:51:55 | PASS 135 · LowLight.kt — no change
2026-08-30 00:52:05 | PASS 135 · Letterbox.kt — coding-lane hardening…
GLM_OK: rewrote app/src/main/java/ai/genwhy/nobonk/ml/Letterbox.kt (5668 chars)
2026-08-30 00:53:03 | PASS 135 · Letterbox.kt — generated; running tests…
2026-08-30 00:53:04 | PASS 135 · Letterbox.kt — no change
2026-08-30 00:53:14 | PASS 135 · Detection.kt — coding-lane hardening…
GLM_OK: rewrote app/src/main/java/ai/genwhy/nobonk/model/Detection.kt (6857 chars)
2026-08-30 00:54:26 | PASS 135 · Detection.kt — generated; running tests…
2026-08-30 00:54:28 | PASS 135 · Detection.kt — TESTS GREEN, committed
2026-08-30 00:54:29 |   pushed to origin
2026-08-30 00:54:39 | PASS 135 · NormBox.kt — coding-lane hardening…
GLM_OK: rewrote app/src/main/java/ai/genwhy/nobonk/model/NormBox.kt (5306 chars)
2026-08-30 00:55:31 | PASS 135 · NormBox.kt — generated; running tests…
2026-08-30 00:55:32 | PASS 135 · NormBox.kt — no change
2026-08-30 00:55:42 | PASS 135 · SensorMonitor.kt — coding-lane hardening…
GLM_OK: rewrote app/src/main/java/ai/genwhy/nobonk/ml/SensorMonitor.kt (8829 chars)
2026-08-30 00:57:08 | PASS 135 · SensorMonitor.kt — generated; running tests…
2026-08-30 00:57:09 | PASS 135 · SensorMonitor.kt — no change
2026-08-30 00:57:19 | PASS 135 · DetectionEvent.kt — coding-lane hardening…
GLM_OK: rewrote app/src/main/java/ai/genwhy/nobonk/data/DetectionEvent.kt (8236 chars)
2026-08-30 00:58:24 | PASS 135 · DetectionEvent.kt — generated; running tests…
2026-08-30 00:58:25 | PASS 135 · DetectionEvent.kt — no change
2026-08-30 00:58:35 | PASS 135 · AlertPolicy.kt — coding-lane hardening…
GLM_OK: rewrote app/src/main/java/ai/genwhy/nobonk/ml/AlertPolicy.kt (10634 chars)
2026-08-30 01:00:50 | PASS 135 · AlertPolicy.kt — generated; running tests…
2026-08-30 01:00:51 | PASS 135 · AlertPolicy.kt — no change
2026-08-30 01:01:01 | PASS 135 · AnalyticsEngine.kt — coding-lane hardening…
GLM_OK: rewrote app/src/main/java/ai/genwhy/nobonk/analytics/AnalyticsEngine.kt (10834 chars)
2026-08-30 01:03:23 | PASS 135 · AnalyticsEngine.kt — generated; running tests…
2026-08-30 01:03:25 | PASS 135 · AnalyticsEngine.kt — TESTS GREEN, committed
2026-08-30 01:03:27 |   pushed to origin
2026-08-30 01:03:37 | PASS 136 · Nms.kt — coding-lane hardening…
GLM_OK: rewrote app/src/main/java/ai/genwhy/nobonk/ml/Nms.kt (5113 chars)
2026-08-30 01:04:25 | PASS 136 · Nms.kt — generated; running tests…
2026-08-30 01:04:26 | PASS 136 · Nms.kt — no change
2026-08-30 01:04:36 | PASS 136 · LowLight.kt — coding-lane hardening…
GLM_OK: rewrote app/src/main/java/ai/genwhy/nobonk/ml/LowLight.kt (5222 chars)
2026-08-30 01:05:20 | PASS 136 · LowLight.kt — generated; running tests…
2026-08-30 01:05:21 | PASS 136 · LowLight.kt — no change
2026-08-30 01:05:31 | PASS 136 · Letterbox.kt — coding-lane hardening…
GLM_OK: rewrote app/src/main/java/ai/genwhy/nobonk/ml/Letterbox.kt (5668 chars)
2026-08-30 01:06:21 | PASS 136 · Letterbox.kt — generated; running tests…
2026-08-30 01:06:22 | PASS 136 · Letterbox.kt — no change
2026-08-30 01:06:32 | PASS 136 · Detection.kt — coding-lane hardening…
GLM_OK: rewrote app/src/main/java/ai/genwhy/nobonk/model/Detection.kt (6857 chars)
2026-08-30 01:07:41 | PASS 136 · Detection.kt — generated; running tests…
2026-08-30 01:07:41 | PASS 136 · Detection.kt — no change
2026-08-30 01:07:51 | PASS 136 · NormBox.kt — coding-lane hardening…
GLM_OK: rewrote app/src/main/java/ai/genwhy/nobonk/model/NormBox.kt (5306 chars)
2026-08-30 01:08:45 | PASS 136 · NormBox.kt — generated; running tests…
2026-08-30 01:08:46 | PASS 136 · NormBox.kt — no change
2026-08-30 01:08:56 | PASS 136 · SensorMonitor.kt — coding-lane hardening…
GLM_OK: rewrote app/src/main/java/ai/genwhy/nobonk/ml/SensorMonitor.kt (8867 chars)
2026-08-30 01:10:36 | PASS 136 · SensorMonitor.kt — generated; running tests…
e: file:///home/onikita/projects/nobonk/app/src/main/java/ai/genwhy/nobonk/ml/SensorMonitor.kt:9:20 Unresolved reference 'toDegrees'.
e: file:///home/onikita/projects/nobonk/app/src/main/java/ai/genwhy/nobonk/ml/SensorMonitor.kt:182:9 Unresolved reference 'toDegrees'.

FAILURE: Build failed with an exception.

* What went wrong:
Execution failed for task ':app:compileDebugKotlin'.
> A failure occurred while executing org.jetbrains.kotlin.compilerRunner.GradleCompilerRunnerWithWorkers$GradleKotlinCompilerWorkAction
   > Compilation error. See log for more details

* Try:
> Run with --stacktrace option to get the stack trace.
> Run with --info or --debug option to get more log output.
> Run with --scan to generate a Build Scan (powered by Develocity).
> Get more help at https://help.gradle.org.

BUILD FAILED in 920ms
2026-08-30 01:10:37 | PASS 136 · SensorMonitor.kt — TESTS FAILED, reverted
2026-08-30 01:10:47 | PASS 136 · DetectionEvent.kt — coding-lane hardening…
GLM_OK: rewrote app/src/main/java/ai/genwhy/nobonk/data/DetectionEvent.kt (8236 chars)
2026-08-30 01:12:06 | PASS 136 · DetectionEvent.kt — generated; running tests…
2026-08-30 01:12:07 | PASS 136 · DetectionEvent.kt — no change
2026-08-30 01:12:17 | PASS 136 · AlertPolicy.kt — coding-lane hardening…
GLM_OK: rewrote app/src/main/java/ai/genwhy/nobonk/ml/AlertPolicy.kt (10634 chars)
2026-08-30 01:14:37 | PASS 136 · AlertPolicy.kt — generated; running tests…
2026-08-30 01:14:38 | PASS 136 · AlertPolicy.kt — no change
2026-08-30 01:14:48 | PASS 136 · AnalyticsEngine.kt — coding-lane hardening…
GLM_OK: rewrote app/src/main/java/ai/genwhy/nobonk/analytics/AnalyticsEngine.kt (10834 chars)
2026-08-30 01:16:47 | PASS 136 · AnalyticsEngine.kt — generated; running tests…
2026-08-30 01:16:48 | PASS 136 · AnalyticsEngine.kt — no change
2026-08-30 01:16:58 | PASS 137 · Nms.kt — coding-lane hardening…
GLM_OK: rewrote app/src/main/java/ai/genwhy/nobonk/ml/Nms.kt (5113 chars)
2026-08-30 01:17:44 | PASS 137 · Nms.kt — generated; running tests…
2026-08-30 01:17:44 | PASS 137 · Nms.kt — no change
2026-08-30 01:17:54 | PASS 137 · LowLight.kt — coding-lane hardening…
GLM_OK: rewrote app/src/main/java/ai/genwhy/nobonk/ml/LowLight.kt (5222 chars)
2026-08-30 01:18:44 | PASS 137 · LowLight.kt — generated; running tests…
2026-08-30 01:18:45 | PASS 137 · LowLight.kt — no change
2026-08-30 01:18:55 | PASS 137 · Letterbox.kt — coding-lane hardening…
GLM_OK: rewrote app/src/main/java/ai/genwhy/nobonk/ml/Letterbox.kt (5668 chars)
2026-08-30 01:20:10 | PASS 137 · Letterbox.kt — generated; running tests…
2026-08-30 01:20:10 | PASS 137 · Letterbox.kt — no change
2026-08-30 01:20:20 | PASS 137 · Detection.kt — coding-lane hardening…
2026-08-30 02:04:40 | ===== nobonk-glm-loop started (pid 2848133) =====
2026-08-30 02:04:40 | PASS 137 · Detection.kt — coding-lane hardening…
GLM_OK: rewrote app/src/main/java/ai/genwhy/nobonk/model/Detection.kt (6857 chars)
2026-08-30 02:13:35 | PASS 137 · Detection.kt — generated; running tests…
2026-08-30 02:13:44 | PASS 137 · Detection.kt — no change
2026-08-30 02:13:54 | PASS 137 · NormBox.kt — coding-lane hardening…
GLM_OK: rewrote app/src/main/java/ai/genwhy/nobonk/model/NormBox.kt (5306 chars)
2026-08-30 02:23:16 | PASS 137 · NormBox.kt — generated; running tests…
2026-08-30 02:23:17 | PASS 137 · NormBox.kt — no change
2026-08-30 02:23:27 | PASS 137 · SensorMonitor.kt — coding-lane hardening…
GLM_OK: rewrote app/src/main/java/ai/genwhy/nobonk/ml/SensorMonitor.kt (8829 chars)
2026-08-30 02:32:54 | PASS 137 · SensorMonitor.kt — generated; running tests…
2026-08-30 02:32:55 | PASS 137 · SensorMonitor.kt — no change
2026-08-30 02:33:05 | PASS 137 · DetectionEvent.kt — coding-lane hardening…
2026-08-30 03:05:06 | ===== nobonk-glm-loop started (pid 2942401) =====
2026-08-30 03:05:06 | PASS 137 · DetectionEvent.kt — coding-lane hardening…
Traceback (most recent call last):
  File "/home/onikita/projects/nobonk/glm_kotlin.py", line 71, in <module>
    main()
  File "/home/onikita/projects/nobonk/glm_kotlin.py", line 59, in main
    out = clean(call(prompt))
                ^^^^^^^^^^^^
  File "/home/onikita/projects/nobonk/glm_kotlin.py", line 24, in call
    with urlopen(req, timeout=1200) as r:
         ^^^^^^^^^^^^^^^^^^^^^^^^^^
  File "/usr/lib/python3.12/urllib/request.py", line 215, in urlopen
    return opener.open(url, data, timeout)
           ^^^^^^^^^^^^^^^^^^^^^^^^^^^^^^^
  File "/usr/lib/python3.12/urllib/request.py", line 515, in open
    response = self._open(req, data)
               ^^^^^^^^^^^^^^^^^^^^^
  File "/usr/lib/python3.12/urllib/request.py", line 532, in _open
    result = self._call_chain(self.handle_open, protocol, protocol +
             ^^^^^^^^^^^^^^^^^^^^^^^^^^^^^^^^^^^^^^^^^^^^^^^^^^^^^^^
  File "/usr/lib/python3.12/urllib/request.py", line 492, in _call_chain
    result = func(*args)
             ^^^^^^^^^^^
  File "/usr/lib/python3.12/urllib/request.py", line 1373, in http_open
    return self.do_open(http.client.HTTPConnection, req)
           ^^^^^^^^^^^^^^^^^^^^^^^^^^^^^^^^^^^^^^^^^^^^^
  File "/usr/lib/python3.12/urllib/request.py", line 1348, in do_open
    r = h.getresponse()
        ^^^^^^^^^^^^^^^
  File "/usr/lib/python3.12/http/client.py", line 1457, in getresponse
    response.begin()
  File "/usr/lib/python3.12/http/client.py", line 336, in begin
    version, status, reason = self._read_status()
                              ^^^^^^^^^^^^^^^^^^^
  File "/usr/lib/python3.12/http/client.py", line 305, in _read_status
    raise RemoteDisconnected("Remote end closed connection without"
http.client.RemoteDisconnected: Remote end closed connection without response
2026-08-30 03:05:07 | PASS 137 · DetectionEvent.kt — generation failed, reverted
2026-08-30 03:05:37 | PASS 137 · AlertPolicy.kt — coding-lane hardening…
GLM_OK: rewrote app/src/main/java/ai/genwhy/nobonk/ml/AlertPolicy.kt (10634 chars)
2026-08-30 03:14:30 | PASS 137 · AlertPolicy.kt — generated; running tests…
2026-08-30 03:14:39 | PASS 137 · AlertPolicy.kt — no change
2026-08-30 03:14:49 | PASS 137 · AnalyticsEngine.kt — coding-lane hardening…
GLM_OK: rewrote app/src/main/java/ai/genwhy/nobonk/analytics/AnalyticsEngine.kt (10834 chars)
2026-08-30 03:23:03 | PASS 137 · AnalyticsEngine.kt — generated; running tests…
2026-08-30 03:23:05 | PASS 137 · AnalyticsEngine.kt — no change
2026-08-30 03:23:15 | PASS 138 · Nms.kt — coding-lane hardening…
GLM_OK: rewrote app/src/main/java/ai/genwhy/nobonk/ml/Nms.kt (5113 chars)
2026-08-30 03:28:23 | PASS 138 · Nms.kt — generated; running tests…
2026-08-30 03:28:24 | PASS 138 · Nms.kt — no change
2026-08-30 03:28:34 | PASS 138 · LowLight.kt — coding-lane hardening…
GLM_OK: rewrote app/src/main/java/ai/genwhy/nobonk/ml/LowLight.kt (5222 chars)
2026-08-30 03:33:04 | PASS 138 · LowLight.kt — generated; running tests…
2026-08-30 03:33:05 | PASS 138 · LowLight.kt — no change
2026-08-30 03:33:15 | PASS 138 · Letterbox.kt — coding-lane hardening…
GLM_OK: rewrote app/src/main/java/ai/genwhy/nobonk/ml/Letterbox.kt (5668 chars)
2026-08-30 03:35:16 | PASS 138 · Letterbox.kt — generated; running tests…
2026-08-30 03:35:18 | PASS 138 · Letterbox.kt — no change
2026-08-30 03:35:28 | PASS 138 · Detection.kt — coding-lane hardening…
GLM_OK: rewrote app/src/main/java/ai/genwhy/nobonk/model/Detection.kt (6857 chars)
2026-08-30 03:40:51 | PASS 138 · Detection.kt — generated; running tests…
2026-08-30 03:40:53 | PASS 138 · Detection.kt — no change
2026-08-30 03:41:03 | PASS 138 · NormBox.kt — coding-lane hardening…
GLM_OK: rewrote app/src/main/java/ai/genwhy/nobonk/model/NormBox.kt (5306 chars)
2026-08-30 03:46:20 | PASS 138 · NormBox.kt — generated; running tests…
2026-08-30 03:46:22 | PASS 138 · NormBox.kt — no change
2026-08-30 03:46:32 | PASS 138 · SensorMonitor.kt — coding-lane hardening…
GLM_OK: rewrote app/src/main/java/ai/genwhy/nobonk/ml/SensorMonitor.kt (8829 chars)
2026-08-30 03:55:14 | PASS 138 · SensorMonitor.kt — generated; running tests…
2026-08-30 03:55:15 | PASS 138 · SensorMonitor.kt — no change
2026-08-30 03:55:25 | PASS 138 · DetectionEvent.kt — coding-lane hardening…
GLM_OK: rewrote app/src/main/java/ai/genwhy/nobonk/data/DetectionEvent.kt (8329 chars)
2026-08-30 04:03:51 | PASS 138 · DetectionEvent.kt — generated; running tests…
2026-08-30 04:03:58 | PASS 138 · DetectionEvent.kt — TESTS GREEN, committed
2026-08-30 04:04:00 |   pushed to origin
2026-08-30 04:04:10 | PASS 138 · AlertPolicy.kt — coding-lane hardening…
GLM_OK: rewrote app/src/main/java/ai/genwhy/nobonk/ml/AlertPolicy.kt (10634 chars)
2026-08-30 04:14:20 | PASS 138 · AlertPolicy.kt — generated; running tests…
2026-08-30 04:14:21 | PASS 138 · AlertPolicy.kt — no change
2026-08-30 04:14:31 | PASS 138 · AnalyticsEngine.kt — coding-lane hardening…
GLM_OK: rewrote app/src/main/java/ai/genwhy/nobonk/analytics/AnalyticsEngine.kt (10749 chars)
2026-08-30 04:25:31 | PASS 138 · AnalyticsEngine.kt — generated; running tests…
2026-08-30 04:25:34 | PASS 138 · AnalyticsEngine.kt — TESTS GREEN, committed
2026-08-30 04:25:35 |   pushed to origin
2026-08-30 04:25:45 | PASS 139 · Nms.kt — coding-lane hardening…
GLM_OK: rewrote app/src/main/java/ai/genwhy/nobonk/ml/Nms.kt (5113 chars)
2026-08-30 04:31:38 | PASS 139 · Nms.kt — generated; running tests…
2026-08-30 04:31:39 | PASS 139 · Nms.kt — no change
2026-08-30 04:31:49 | PASS 139 · LowLight.kt — coding-lane hardening…
GLM_OK: rewrote app/src/main/java/ai/genwhy/nobonk/ml/LowLight.kt (5222 chars)
2026-08-30 04:38:05 | PASS 139 · LowLight.kt — generated; running tests…
2026-08-30 04:38:06 | PASS 139 · LowLight.kt — no change
2026-08-30 04:38:16 | PASS 139 · Letterbox.kt — coding-lane hardening…
GLM_OK: rewrote app/src/main/java/ai/genwhy/nobonk/ml/Letterbox.kt (5668 chars)
2026-08-30 04:44:00 | PASS 139 · Letterbox.kt — generated; running tests…
2026-08-30 04:44:01 | PASS 139 · Letterbox.kt — no change
2026-08-30 04:44:11 | PASS 139 · Detection.kt — coding-lane hardening…
GLM_OK: rewrote app/src/main/java/ai/genwhy/nobonk/model/Detection.kt (6857 chars)
2026-08-30 04:47:37 | PASS 139 · Detection.kt — generated; running tests…
2026-08-30 04:47:38 | PASS 139 · Detection.kt — no change
2026-08-30 04:47:48 | PASS 139 · NormBox.kt — coding-lane hardening…
GLM_OK: rewrote app/src/main/java/ai/genwhy/nobonk/model/NormBox.kt (5306 chars)
2026-08-30 04:54:50 | PASS 139 · NormBox.kt — generated; running tests…
2026-08-30 04:54:51 | PASS 139 · NormBox.kt — no change
2026-08-30 04:55:01 | PASS 139 · SensorMonitor.kt — coding-lane hardening…
GLM_OK: rewrote app/src/main/java/ai/genwhy/nobonk/ml/SensorMonitor.kt (8829 chars)
2026-08-30 05:05:02 | PASS 139 · SensorMonitor.kt — generated; running tests…
2026-08-30 05:05:03 | PASS 139 · SensorMonitor.kt — no change
2026-08-30 05:05:13 | PASS 139 · DetectionEvent.kt — coding-lane hardening…
GLM_OK: rewrote app/src/main/java/ai/genwhy/nobonk/data/DetectionEvent.kt (8329 chars)
2026-08-30 05:11:18 | PASS 139 · DetectionEvent.kt — generated; running tests…
2026-08-30 05:11:19 | PASS 139 · DetectionEvent.kt — no change
2026-08-30 05:11:29 | PASS 139 · AlertPolicy.kt — coding-lane hardening…
GLM_OK: rewrote app/src/main/java/ai/genwhy/nobonk/ml/AlertPolicy.kt (10634 chars)
2026-08-30 05:20:22 | PASS 139 · AlertPolicy.kt — generated; running tests…
2026-08-30 05:20:23 | PASS 139 · AlertPolicy.kt — no change
2026-08-30 05:20:33 | PASS 139 · AnalyticsEngine.kt — coding-lane hardening…
GLM_OK: rewrote app/src/main/java/ai/genwhy/nobonk/analytics/AnalyticsEngine.kt (10749 chars)
2026-08-30 05:29:19 | PASS 139 · AnalyticsEngine.kt — generated; running tests…
2026-08-30 05:29:20 | PASS 139 · AnalyticsEngine.kt — no change
2026-08-30 05:29:30 | PASS 140 · Nms.kt — coding-lane hardening…
GLM_OK: rewrote app/src/main/java/ai/genwhy/nobonk/ml/Nms.kt (5113 chars)
2026-08-30 05:32:06 | PASS 140 · Nms.kt — generated; running tests…
2026-08-30 05:32:07 | PASS 140 · Nms.kt — no change
2026-08-30 05:32:17 | PASS 140 · LowLight.kt — coding-lane hardening…
GLM_OK: rewrote app/src/main/java/ai/genwhy/nobonk/ml/LowLight.kt (5393 chars)
2026-08-30 05:40:40 | PASS 140 · LowLight.kt — generated; running tests…
2026-08-30 05:40:43 | PASS 140 · LowLight.kt — TESTS GREEN, committed
2026-08-30 05:40:44 |   pushed to origin
2026-08-30 05:40:54 | PASS 140 · Letterbox.kt — coding-lane hardening…
GLM_OK: rewrote app/src/main/java/ai/genwhy/nobonk/ml/Letterbox.kt (5668 chars)
2026-08-30 05:47:16 | PASS 140 · Letterbox.kt — generated; running tests…
2026-08-30 05:47:17 | PASS 140 · Letterbox.kt — no change
2026-08-30 05:47:27 | PASS 140 · Detection.kt — coding-lane hardening…
GLM_OK: rewrote app/src/main/java/ai/genwhy/nobonk/model/Detection.kt (6857 chars)
2026-08-30 05:53:48 | PASS 140 · Detection.kt — generated; running tests…
2026-08-30 05:53:49 | PASS 140 · Detection.kt — no change
2026-08-30 05:53:59 | PASS 140 · NormBox.kt — coding-lane hardening…
GLM_OK: rewrote app/src/main/java/ai/genwhy/nobonk/model/NormBox.kt (5440 chars)
2026-08-30 06:01:18 | PASS 140 · NormBox.kt — generated; running tests…
2026-08-30 06:01:20 | PASS 140 · NormBox.kt — TESTS GREEN, committed
2026-08-30 06:01:22 |   pushed to origin
2026-08-30 06:01:32 | PASS 140 · SensorMonitor.kt — coding-lane hardening…
GLM_OK: rewrote app/src/main/java/ai/genwhy/nobonk/ml/SensorMonitor.kt (8829 chars)
2026-08-30 06:14:01 | PASS 140 · SensorMonitor.kt — generated; running tests…
2026-08-30 06:14:02 | PASS 140 · SensorMonitor.kt — no change
2026-08-30 06:14:12 | PASS 140 · DetectionEvent.kt — coding-lane hardening…
GLM_OK: rewrote app/src/main/java/ai/genwhy/nobonk/data/DetectionEvent.kt (8329 chars)
2026-08-30 06:20:10 | PASS 140 · DetectionEvent.kt — generated; running tests…
2026-08-30 06:20:11 | PASS 140 · DetectionEvent.kt — no change
2026-08-30 06:20:21 | PASS 140 · AlertPolicy.kt — coding-lane hardening…
GLM_OK: rewrote app/src/main/java/ai/genwhy/nobonk/ml/AlertPolicy.kt (10634 chars)
2026-08-30 06:30:13 | PASS 140 · AlertPolicy.kt — generated; running tests…
2026-08-30 06:30:14 | PASS 140 · AlertPolicy.kt — no change
2026-08-30 06:30:24 | PASS 140 · AnalyticsEngine.kt — coding-lane hardening…
GLM_OK: rewrote app/src/main/java/ai/genwhy/nobonk/analytics/AnalyticsEngine.kt (10749 chars)
2026-08-30 06:38:22 | PASS 140 · AnalyticsEngine.kt — generated; running tests…
2026-08-30 06:38:23 | PASS 140 · AnalyticsEngine.kt — no change
2026-08-30 06:38:33 | PASS 141 · Nms.kt — coding-lane hardening…
GLM_OK: rewrote app/src/main/java/ai/genwhy/nobonk/ml/Nms.kt (5113 chars)
2026-08-30 06:45:26 | PASS 141 · Nms.kt — generated; running tests…
2026-08-30 06:45:26 | PASS 141 · Nms.kt — no change
2026-08-30 06:45:36 | PASS 141 · LowLight.kt — coding-lane hardening…
GLM_OK: rewrote app/src/main/java/ai/genwhy/nobonk/ml/LowLight.kt (5393 chars)
2026-08-30 06:50:43 | PASS 141 · LowLight.kt — generated; running tests…
2026-08-30 06:50:44 | PASS 141 · LowLight.kt — no change
2026-08-30 06:50:54 | PASS 141 · Letterbox.kt — coding-lane hardening…
GLM_OK: rewrote app/src/main/java/ai/genwhy/nobonk/ml/Letterbox.kt (5668 chars)
2026-08-30 06:54:15 | PASS 141 · Letterbox.kt — generated; running tests…
2026-08-30 06:54:16 | PASS 141 · Letterbox.kt — no change
2026-08-30 06:54:26 | PASS 141 · Detection.kt — coding-lane hardening…
GLM_OK: rewrote app/src/main/java/ai/genwhy/nobonk/model/Detection.kt (6857 chars)
2026-08-30 07:00:33 | PASS 141 · Detection.kt — generated; running tests…
2026-08-30 07:00:34 | PASS 141 · Detection.kt — no change
2026-08-30 07:00:44 | PASS 141 · NormBox.kt — coding-lane hardening…
GLM_OK: rewrote app/src/main/java/ai/genwhy/nobonk/model/NormBox.kt (5440 chars)
2026-08-30 07:06:11 | PASS 141 · NormBox.kt — generated; running tests…
2026-08-30 07:06:12 | PASS 141 · NormBox.kt — no change
2026-08-30 07:06:22 | PASS 141 · SensorMonitor.kt — coding-lane hardening…
GLM_OK: rewrote app/src/main/java/ai/genwhy/nobonk/ml/SensorMonitor.kt (8829 chars)
2026-08-30 07:11:38 | PASS 141 · SensorMonitor.kt — generated; running tests…
2026-08-30 07:11:39 | PASS 141 · SensorMonitor.kt — no change
2026-08-30 07:11:49 | PASS 141 · DetectionEvent.kt — coding-lane hardening…
GLM_OK: rewrote app/src/main/java/ai/genwhy/nobonk/data/DetectionEvent.kt (8329 chars)
2026-08-30 07:18:09 | PASS 141 · DetectionEvent.kt — generated; running tests…
2026-08-30 07:18:09 | PASS 141 · DetectionEvent.kt — no change
2026-08-30 07:18:19 | PASS 141 · AlertPolicy.kt — coding-lane hardening…
GLM_OK: rewrote app/src/main/java/ai/genwhy/nobonk/ml/AlertPolicy.kt (10634 chars)
2026-08-30 07:25:23 | PASS 141 · AlertPolicy.kt — generated; running tests…
2026-08-30 07:25:24 | PASS 141 · AlertPolicy.kt — no change
2026-08-30 07:25:34 | PASS 141 · AnalyticsEngine.kt — coding-lane hardening…
GLM_OK: rewrote app/src/main/java/ai/genwhy/nobonk/analytics/AnalyticsEngine.kt (10749 chars)
2026-08-30 07:30:13 | PASS 141 · AnalyticsEngine.kt — generated; running tests…
2026-08-30 07:30:14 | PASS 141 · AnalyticsEngine.kt — no change
2026-08-30 07:30:24 | PASS 142 · Nms.kt — coding-lane hardening…
GLM_OK: rewrote app/src/main/java/ai/genwhy/nobonk/ml/Nms.kt (5113 chars)
2026-08-30 07:32:58 | PASS 142 · Nms.kt — generated; running tests…
2026-08-30 07:32:59 | PASS 142 · Nms.kt — no change
2026-08-30 07:33:09 | PASS 142 · LowLight.kt — coding-lane hardening…
GLM_OK: rewrote app/src/main/java/ai/genwhy/nobonk/ml/LowLight.kt (5393 chars)
2026-08-30 07:38:12 | PASS 142 · LowLight.kt — generated; running tests…
2026-08-30 07:38:13 | PASS 142 · LowLight.kt — no change
2026-08-30 07:38:23 | PASS 142 · Letterbox.kt — coding-lane hardening…
GLM_OK: rewrote app/src/main/java/ai/genwhy/nobonk/ml/Letterbox.kt (5668 chars)
2026-08-30 07:47:10 | PASS 142 · Letterbox.kt — generated; running tests…
2026-08-30 07:47:11 | PASS 142 · Letterbox.kt — no change
2026-08-30 07:47:21 | PASS 142 · Detection.kt — coding-lane hardening…
GLM_OK: rewrote app/src/main/java/ai/genwhy/nobonk/model/Detection.kt (6857 chars)
2026-08-30 07:53:53 | PASS 142 · Detection.kt — generated; running tests…
2026-08-30 07:53:54 | PASS 142 · Detection.kt — no change
2026-08-30 07:54:04 | PASS 142 · NormBox.kt — coding-lane hardening…
GLM_OK: rewrote app/src/main/java/ai/genwhy/nobonk/model/NormBox.kt (5440 chars)
2026-08-30 08:02:57 | PASS 142 · NormBox.kt — generated; running tests…
2026-08-30 08:02:58 | PASS 142 · NormBox.kt — no change
2026-08-30 08:03:08 | PASS 142 · SensorMonitor.kt — coding-lane hardening…
GLM_OK: rewrote app/src/main/java/ai/genwhy/nobonk/ml/SensorMonitor.kt (8829 chars)
2026-08-30 08:09:42 | PASS 142 · SensorMonitor.kt — generated; running tests…
2026-08-30 08:09:43 | PASS 142 · SensorMonitor.kt — no change
2026-08-30 08:09:53 | PASS 142 · DetectionEvent.kt — coding-lane hardening…
GLM_OK: rewrote app/src/main/java/ai/genwhy/nobonk/data/DetectionEvent.kt (8329 chars)
2026-08-30 08:15:19 | PASS 142 · DetectionEvent.kt — generated; running tests…
2026-08-30 08:15:20 | PASS 142 · DetectionEvent.kt — no change
2026-08-30 08:15:30 | PASS 142 · AlertPolicy.kt — coding-lane hardening…
GLM_OK: rewrote app/src/main/java/ai/genwhy/nobonk/ml/AlertPolicy.kt (10634 chars)
2026-08-30 08:22:43 | PASS 142 · AlertPolicy.kt — generated; running tests…
2026-08-30 08:22:44 | PASS 142 · AlertPolicy.kt — no change
2026-08-30 08:22:54 | PASS 142 · AnalyticsEngine.kt — coding-lane hardening…
GLM_OK: rewrote app/src/main/java/ai/genwhy/nobonk/analytics/AnalyticsEngine.kt (10635 chars)
2026-08-30 08:31:28 | PASS 142 · AnalyticsEngine.kt — generated; running tests…
2026-08-30 08:31:35 | PASS 142 · AnalyticsEngine.kt — TESTS GREEN, committed
2026-08-30 08:31:36 |   pushed to origin
2026-08-30 08:31:46 | PASS 143 · Nms.kt — coding-lane hardening…
GLM_OK: rewrote app/src/main/java/ai/genwhy/nobonk/ml/Nms.kt (5113 chars)
2026-08-30 08:41:57 | PASS 143 · Nms.kt — generated; running tests…
2026-08-30 08:41:58 | PASS 143 · Nms.kt — no change
2026-08-30 08:42:08 | PASS 143 · LowLight.kt — coding-lane hardening…
GLM_OK: rewrote app/src/main/java/ai/genwhy/nobonk/ml/LowLight.kt (5393 chars)
2026-08-30 08:52:25 | PASS 143 · LowLight.kt — generated; running tests…
2026-08-30 08:52:26 | PASS 143 · LowLight.kt — no change
2026-08-30 08:52:36 | PASS 143 · Letterbox.kt — coding-lane hardening…
GLM_OK: rewrote app/src/main/java/ai/genwhy/nobonk/ml/Letterbox.kt (5668 chars)
2026-08-30 09:04:40 | PASS 143 · Letterbox.kt — generated; running tests…
2026-08-30 09:04:41 | PASS 143 · Letterbox.kt — no change
2026-08-30 09:04:51 | PASS 143 · Detection.kt — coding-lane hardening…
GLM_OK: rewrote app/src/main/java/ai/genwhy/nobonk/model/Detection.kt (6857 chars)
2026-08-30 09:13:01 | PASS 143 · Detection.kt — generated; running tests…
2026-08-30 09:13:02 | PASS 143 · Detection.kt — no change
2026-08-30 09:13:12 | PASS 143 · NormBox.kt — coding-lane hardening…
GLM_OK: rewrote app/src/main/java/ai/genwhy/nobonk/model/NormBox.kt (5440 chars)
2026-08-30 09:23:07 | PASS 143 · NormBox.kt — generated; running tests…
2026-08-30 09:23:08 | PASS 143 · NormBox.kt — no change
2026-08-30 09:23:18 | PASS 143 · SensorMonitor.kt — coding-lane hardening…
GLM_OK: rewrote app/src/main/java/ai/genwhy/nobonk/ml/SensorMonitor.kt (8829 chars)
2026-08-30 09:35:01 | PASS 143 · SensorMonitor.kt — generated; running tests…
2026-08-30 09:35:02 | PASS 143 · SensorMonitor.kt — no change
2026-08-30 09:35:12 | PASS 143 · DetectionEvent.kt — coding-lane hardening…
GLM_OK: rewrote app/src/main/java/ai/genwhy/nobonk/data/DetectionEvent.kt (8329 chars)
2026-08-30 09:39:12 | PASS 143 · DetectionEvent.kt — generated; running tests…
2026-08-30 09:39:12 | PASS 143 · DetectionEvent.kt — no change
2026-08-30 09:39:22 | PASS 143 · AlertPolicy.kt — coding-lane hardening…
GLM_OK: rewrote app/src/main/java/ai/genwhy/nobonk/ml/AlertPolicy.kt (10634 chars)
2026-08-30 09:49:07 | PASS 143 · AlertPolicy.kt — generated; running tests…
2026-08-30 09:49:08 | PASS 143 · AlertPolicy.kt — no change
2026-08-30 09:49:18 | PASS 143 · AnalyticsEngine.kt — coding-lane hardening…
GLM_OK: rewrote app/src/main/java/ai/genwhy/nobonk/analytics/AnalyticsEngine.kt (10635 chars)
2026-08-30 10:01:38 | PASS 143 · AnalyticsEngine.kt — generated; running tests…
2026-08-30 10:01:38 | PASS 143 · AnalyticsEngine.kt — no change
2026-08-30 10:01:48 | PASS 144 · Nms.kt — coding-lane hardening…
GLM_OK: rewrote app/src/main/java/ai/genwhy/nobonk/ml/Nms.kt (5113 chars)
2026-08-30 10:09:06 | PASS 144 · Nms.kt — generated; running tests…
2026-08-30 10:09:07 | PASS 144 · Nms.kt — no change
2026-08-30 10:09:17 | PASS 144 · LowLight.kt — coding-lane hardening…
GLM_OK: rewrote app/src/main/java/ai/genwhy/nobonk/ml/LowLight.kt (5393 chars)
2026-08-30 10:16:03 | PASS 144 · LowLight.kt — generated; running tests…
2026-08-30 10:16:04 | PASS 144 · LowLight.kt — no change
2026-08-30 10:16:14 | PASS 144 · Letterbox.kt — coding-lane hardening…
GLM_OK: rewrote app/src/main/java/ai/genwhy/nobonk/ml/Letterbox.kt (5668 chars)
2026-08-30 10:23:02 | PASS 144 · Letterbox.kt — generated; running tests…
2026-08-30 10:23:03 | PASS 144 · Letterbox.kt — no change
2026-08-30 10:23:13 | PASS 144 · Detection.kt — coding-lane hardening…
GLM_OK: rewrote app/src/main/java/ai/genwhy/nobonk/model/Detection.kt (6857 chars)
2026-08-30 10:30:53 | PASS 144 · Detection.kt — generated; running tests…
2026-08-30 10:30:54 | PASS 144 · Detection.kt — no change
2026-08-30 10:31:04 | PASS 144 · NormBox.kt — coding-lane hardening…
GLM_OK: rewrote app/src/main/java/ai/genwhy/nobonk/model/NormBox.kt (5440 chars)
2026-08-30 10:39:22 | PASS 144 · NormBox.kt — generated; running tests…
2026-08-30 10:39:23 | PASS 144 · NormBox.kt — no change
2026-08-30 10:39:33 | PASS 144 · SensorMonitor.kt — coding-lane hardening…
GLM_OK: rewrote app/src/main/java/ai/genwhy/nobonk/ml/SensorMonitor.kt (8829 chars)
2026-08-30 10:44:35 | PASS 144 · SensorMonitor.kt — generated; running tests…
2026-08-30 10:44:35 | PASS 144 · SensorMonitor.kt — no change
2026-08-30 10:44:45 | PASS 144 · DetectionEvent.kt — coding-lane hardening…
GLM_OK: rewrote app/src/main/java/ai/genwhy/nobonk/data/DetectionEvent.kt (8329 chars)
2026-08-30 10:50:28 | PASS 144 · DetectionEvent.kt — generated; running tests…
2026-08-30 10:50:29 | PASS 144 · DetectionEvent.kt — no change
2026-08-30 10:50:39 | PASS 144 · AlertPolicy.kt — coding-lane hardening…
GLM_OK: rewrote app/src/main/java/ai/genwhy/nobonk/ml/AlertPolicy.kt (10634 chars)
2026-08-30 10:59:54 | PASS 144 · AlertPolicy.kt — generated; running tests…
2026-08-30 10:59:55 | PASS 144 · AlertPolicy.kt — no change
2026-08-30 11:00:05 | PASS 144 · AnalyticsEngine.kt — coding-lane hardening…
GLM_OK: rewrote app/src/main/java/ai/genwhy/nobonk/analytics/AnalyticsEngine.kt (10635 chars)
2026-08-30 11:04:10 | PASS 144 · AnalyticsEngine.kt — generated; running tests…
2026-08-30 11:04:11 | PASS 144 · AnalyticsEngine.kt — no change
2026-08-30 11:04:21 | PASS 145 · Nms.kt — coding-lane hardening…
GLM_OK: rewrote app/src/main/java/ai/genwhy/nobonk/ml/Nms.kt (5113 chars)
2026-08-30 11:08:13 | PASS 145 · Nms.kt — generated; running tests…
2026-08-30 11:08:14 | PASS 145 · Nms.kt — no change
2026-08-30 11:08:24 | PASS 145 · LowLight.kt — coding-lane hardening…
GLM_OK: rewrote app/src/main/java/ai/genwhy/nobonk/ml/LowLight.kt (5393 chars)
2026-08-30 11:14:46 | PASS 145 · LowLight.kt — generated; running tests…
2026-08-30 11:14:47 | PASS 145 · LowLight.kt — no change
2026-08-30 11:14:57 | PASS 145 · Letterbox.kt — coding-lane hardening…
GLM_OK: rewrote app/src/main/java/ai/genwhy/nobonk/ml/Letterbox.kt (5668 chars)
2026-08-30 11:18:46 | PASS 145 · Letterbox.kt — generated; running tests…
2026-08-30 11:18:46 | PASS 145 · Letterbox.kt — no change
2026-08-30 11:18:56 | PASS 145 · Detection.kt — coding-lane hardening…
GLM_OK: rewrote app/src/main/java/ai/genwhy/nobonk/model/Detection.kt (6857 chars)
2026-08-30 11:27:17 | PASS 145 · Detection.kt — generated; running tests…
2026-08-30 11:27:18 | PASS 145 · Detection.kt — no change
2026-08-30 11:27:28 | PASS 145 · NormBox.kt — coding-lane hardening…
GLM_OK: rewrote app/src/main/java/ai/genwhy/nobonk/model/NormBox.kt (5440 chars)
2026-08-30 11:35:23 | PASS 145 · NormBox.kt — generated; running tests…
2026-08-30 11:35:24 | PASS 145 · NormBox.kt — no change
2026-08-30 11:35:34 | PASS 145 · SensorMonitor.kt — coding-lane hardening…
GLM_OK: rewrote app/src/main/java/ai/genwhy/nobonk/ml/SensorMonitor.kt (8829 chars)
2026-08-30 11:45:08 | PASS 145 · SensorMonitor.kt — generated; running tests…
2026-08-30 11:45:09 | PASS 145 · SensorMonitor.kt — no change
2026-08-30 11:45:19 | PASS 145 · DetectionEvent.kt — coding-lane hardening…
GLM_OK: rewrote app/src/main/java/ai/genwhy/nobonk/data/DetectionEvent.kt (8329 chars)
2026-08-30 11:54:59 | PASS 145 · DetectionEvent.kt — generated; running tests…
2026-08-30 11:55:00 | PASS 145 · DetectionEvent.kt — no change
2026-08-30 11:55:10 | PASS 145 · AlertPolicy.kt — coding-lane hardening…
GLM_OK: rewrote app/src/main/java/ai/genwhy/nobonk/ml/AlertPolicy.kt (10715 chars)
2026-08-30 12:02:37 | PASS 145 · AlertPolicy.kt — generated; running tests…
2026-08-30 12:02:43 | PASS 145 · AlertPolicy.kt — TESTS GREEN, committed
2026-08-30 12:02:44 |   pushed to origin
2026-08-30 12:02:54 | PASS 145 · AnalyticsEngine.kt — coding-lane hardening…
GLM_OK: rewrote app/src/main/java/ai/genwhy/nobonk/analytics/AnalyticsEngine.kt (10635 chars)
2026-08-30 12:10:00 | PASS 145 · AnalyticsEngine.kt — generated; running tests…
2026-08-30 12:10:00 | PASS 145 · AnalyticsEngine.kt — no change
2026-08-30 12:10:10 | PASS 146 · Nms.kt — coding-lane hardening…
GLM_OK: rewrote app/src/main/java/ai/genwhy/nobonk/ml/Nms.kt (5113 chars)
2026-08-30 12:18:41 | PASS 146 · Nms.kt — generated; running tests…
2026-08-30 12:18:42 | PASS 146 · Nms.kt — no change
2026-08-30 12:18:52 | PASS 146 · LowLight.kt — coding-lane hardening…
GLM_OK: rewrote app/src/main/java/ai/genwhy/nobonk/ml/LowLight.kt (5393 chars)
2026-08-30 12:26:03 | PASS 146 · LowLight.kt — generated; running tests…
2026-08-30 12:26:04 | PASS 146 · LowLight.kt — no change
2026-08-30 12:26:14 | PASS 146 · Letterbox.kt — coding-lane hardening…
GLM_OK: rewrote app/src/main/java/ai/genwhy/nobonk/ml/Letterbox.kt (5668 chars)
2026-08-30 12:30:21 | PASS 146 · Letterbox.kt — generated; running tests…
2026-08-30 12:30:22 | PASS 146 · Letterbox.kt — no change
2026-08-30 12:30:32 | PASS 146 · Detection.kt — coding-lane hardening…
GLM_OK: rewrote app/src/main/java/ai/genwhy/nobonk/model/Detection.kt (6857 chars)
2026-08-30 12:35:35 | PASS 146 · Detection.kt — generated; running tests…
2026-08-30 12:35:36 | PASS 146 · Detection.kt — no change
2026-08-30 12:35:46 | PASS 146 · NormBox.kt — coding-lane hardening…
GLM_OK: rewrote app/src/main/java/ai/genwhy/nobonk/model/NormBox.kt (5440 chars)
2026-08-30 12:43:46 | PASS 146 · NormBox.kt — generated; running tests…
2026-08-30 12:43:46 | PASS 146 · NormBox.kt — no change
2026-08-30 12:43:56 | PASS 146 · SensorMonitor.kt — coding-lane hardening…
GLM_OK: rewrote app/src/main/java/ai/genwhy/nobonk/ml/SensorMonitor.kt (8829 chars)
2026-08-30 12:54:12 | PASS 146 · SensorMonitor.kt — generated; running tests…
2026-08-30 12:54:13 | PASS 146 · SensorMonitor.kt — no change
2026-08-30 12:54:23 | PASS 146 · DetectionEvent.kt — coding-lane hardening…
GLM_OK: rewrote app/src/main/java/ai/genwhy/nobonk/data/DetectionEvent.kt (8329 chars)
2026-08-30 13:00:44 | PASS 146 · DetectionEvent.kt — generated; running tests…
2026-08-30 13:00:45 | PASS 146 · DetectionEvent.kt — no change
2026-08-30 13:00:55 | PASS 146 · AlertPolicy.kt — coding-lane hardening…
GLM_OK: rewrote app/src/main/java/ai/genwhy/nobonk/ml/AlertPolicy.kt (10715 chars)
2026-08-30 13:09:02 | PASS 146 · AlertPolicy.kt — generated; running tests…
2026-08-30 13:09:03 | PASS 146 · AlertPolicy.kt — no change
2026-08-30 13:09:13 | PASS 146 · AnalyticsEngine.kt — coding-lane hardening…
GLM_OK: rewrote app/src/main/java/ai/genwhy/nobonk/analytics/AnalyticsEngine.kt (10635 chars)
2026-08-30 13:12:25 | PASS 146 · AnalyticsEngine.kt — generated; running tests…
2026-08-30 13:12:26 | PASS 146 · AnalyticsEngine.kt — no change
2026-08-30 13:12:36 | PASS 147 · Nms.kt — coding-lane hardening…
GLM_OK: rewrote app/src/main/java/ai/genwhy/nobonk/ml/Nms.kt (5113 chars)
2026-08-30 13:17:10 | PASS 147 · Nms.kt — generated; running tests…
2026-08-30 13:17:10 | PASS 147 · Nms.kt — no change
2026-08-30 13:17:20 | PASS 147 · LowLight.kt — coding-lane hardening…
GLM_OK: rewrote app/src/main/java/ai/genwhy/nobonk/ml/LowLight.kt (5393 chars)
2026-08-30 13:23:53 | PASS 147 · LowLight.kt — generated; running tests…
2026-08-30 13:23:53 | PASS 147 · LowLight.kt — no change
2026-08-30 13:24:03 | PASS 147 · Letterbox.kt — coding-lane hardening…
GLM_OK: rewrote app/src/main/java/ai/genwhy/nobonk/ml/Letterbox.kt (5668 chars)
2026-08-30 13:29:05 | PASS 147 · Letterbox.kt — generated; running tests…
2026-08-30 13:29:06 | PASS 147 · Letterbox.kt — no change
2026-08-30 13:29:16 | PASS 147 · Detection.kt — coding-lane hardening…
GLM_OK: rewrote app/src/main/java/ai/genwhy/nobonk/model/Detection.kt (6857 chars)
2026-08-30 13:35:41 | PASS 147 · Detection.kt — generated; running tests…
2026-08-30 13:35:41 | PASS 147 · Detection.kt — no change
2026-08-30 13:35:51 | PASS 147 · NormBox.kt — coding-lane hardening…
GLM_OK: rewrote app/src/main/java/ai/genwhy/nobonk/model/NormBox.kt (5440 chars)
2026-08-30 13:42:47 | PASS 147 · NormBox.kt — generated; running tests…
2026-08-30 13:42:48 | PASS 147 · NormBox.kt — no change
2026-08-30 13:42:58 | PASS 147 · SensorMonitor.kt — coding-lane hardening…
GLM_OK: rewrote app/src/main/java/ai/genwhy/nobonk/ml/SensorMonitor.kt (8829 chars)
2026-08-30 13:52:44 | PASS 147 · SensorMonitor.kt — generated; running tests…
2026-08-30 13:52:45 | PASS 147 · SensorMonitor.kt — no change
2026-08-30 13:52:55 | PASS 147 · DetectionEvent.kt — coding-lane hardening…
GLM_OK: rewrote app/src/main/java/ai/genwhy/nobonk/data/DetectionEvent.kt (8329 chars)
2026-08-30 13:57:38 | PASS 147 · DetectionEvent.kt — generated; running tests…
2026-08-30 13:57:38 | PASS 147 · DetectionEvent.kt — no change
2026-08-30 13:57:48 | PASS 147 · AlertPolicy.kt — coding-lane hardening…
GLM_OK: rewrote app/src/main/java/ai/genwhy/nobonk/ml/AlertPolicy.kt (10715 chars)
2026-08-30 14:04:40 | PASS 147 · AlertPolicy.kt — generated; running tests…
2026-08-30 14:04:41 | PASS 147 · AlertPolicy.kt — no change
2026-08-30 14:04:51 | PASS 147 · AnalyticsEngine.kt — coding-lane hardening…
GLM_OK: rewrote app/src/main/java/ai/genwhy/nobonk/analytics/AnalyticsEngine.kt (10635 chars)
2026-08-30 14:11:13 | PASS 147 · AnalyticsEngine.kt — generated; running tests…
2026-08-30 14:11:14 | PASS 147 · AnalyticsEngine.kt — no change
2026-08-30 14:11:24 | PASS 148 · Nms.kt — coding-lane hardening…
GLM_OK: rewrote app/src/main/java/ai/genwhy/nobonk/ml/Nms.kt (5113 chars)
2026-08-30 14:17:30 | PASS 148 · Nms.kt — generated; running tests…
2026-08-30 14:17:31 | PASS 148 · Nms.kt — no change
2026-08-30 14:17:41 | PASS 148 · LowLight.kt — coding-lane hardening…
GLM_OK: rewrote app/src/main/java/ai/genwhy/nobonk/ml/LowLight.kt (5393 chars)
2026-08-30 14:27:03 | PASS 148 · LowLight.kt — generated; running tests…
2026-08-30 14:27:04 | PASS 148 · LowLight.kt — no change
2026-08-30 14:27:14 | PASS 148 · Letterbox.kt — coding-lane hardening…
GLM_OK: rewrote app/src/main/java/ai/genwhy/nobonk/ml/Letterbox.kt (5668 chars)
2026-08-30 14:33:18 | PASS 148 · Letterbox.kt — generated; running tests…
2026-08-30 14:33:19 | PASS 148 · Letterbox.kt — no change
2026-08-30 14:33:29 | PASS 148 · Detection.kt — coding-lane hardening…
GLM_OK: rewrote app/src/main/java/ai/genwhy/nobonk/model/Detection.kt (6857 chars)
2026-08-30 14:41:16 | PASS 148 · Detection.kt — generated; running tests…
2026-08-30 14:41:17 | PASS 148 · Detection.kt — no change
2026-08-30 14:41:27 | PASS 148 · NormBox.kt — coding-lane hardening…
GLM_OK: rewrote app/src/main/java/ai/genwhy/nobonk/model/NormBox.kt (5440 chars)
2026-08-30 14:45:10 | PASS 148 · NormBox.kt — generated; running tests…
2026-08-30 14:45:10 | PASS 148 · NormBox.kt — no change
2026-08-30 14:45:20 | PASS 148 · SensorMonitor.kt — coding-lane hardening…
GLM_OK: rewrote app/src/main/java/ai/genwhy/nobonk/ml/SensorMonitor.kt (8829 chars)
2026-08-30 14:49:01 | PASS 148 · SensorMonitor.kt — generated; running tests…
2026-08-30 14:49:02 | PASS 148 · SensorMonitor.kt — no change
2026-08-30 14:49:12 | PASS 148 · DetectionEvent.kt — coding-lane hardening…
GLM_OK: rewrote app/src/main/java/ai/genwhy/nobonk/data/DetectionEvent.kt (8329 chars)
2026-08-30 14:57:01 | PASS 148 · DetectionEvent.kt — generated; running tests…
2026-08-30 14:57:02 | PASS 148 · DetectionEvent.kt — no change
2026-08-30 14:57:12 | PASS 148 · AlertPolicy.kt — coding-lane hardening…
GLM_OK: rewrote app/src/main/java/ai/genwhy/nobonk/ml/AlertPolicy.kt (10715 chars)
2026-08-30 15:08:34 | PASS 148 · AlertPolicy.kt — generated; running tests…
2026-08-30 15:08:34 | PASS 148 · AlertPolicy.kt — no change
2026-08-30 15:08:45 | PASS 148 · AnalyticsEngine.kt — coding-lane hardening…
GLM_OK: rewrote app/src/main/java/ai/genwhy/nobonk/analytics/AnalyticsEngine.kt (10635 chars)
2026-08-30 15:15:07 | PASS 148 · AnalyticsEngine.kt — generated; running tests…
2026-08-30 15:15:08 | PASS 148 · AnalyticsEngine.kt — no change
2026-08-30 15:15:18 | PASS 149 · Nms.kt — coding-lane hardening…
GLM_OK: rewrote app/src/main/java/ai/genwhy/nobonk/ml/Nms.kt (5113 chars)
2026-08-30 15:21:06 | PASS 149 · Nms.kt — generated; running tests…
2026-08-30 15:21:06 | PASS 149 · Nms.kt — no change
2026-08-30 15:21:16 | PASS 149 · LowLight.kt — coding-lane hardening…
GLM_OK: rewrote app/src/main/java/ai/genwhy/nobonk/ml/LowLight.kt (5393 chars)
2026-08-30 15:33:21 | PASS 149 · LowLight.kt — generated; running tests…
2026-08-30 15:33:22 | PASS 149 · LowLight.kt — no change
2026-08-30 15:33:32 | PASS 149 · Letterbox.kt — coding-lane hardening…
GLM_OK: rewrote app/src/main/java/ai/genwhy/nobonk/ml/Letterbox.kt (5668 chars)
2026-08-30 15:42:19 | PASS 149 · Letterbox.kt — generated; running tests…
2026-08-30 15:42:20 | PASS 149 · Letterbox.kt — no change
2026-08-30 15:42:30 | PASS 149 · Detection.kt — coding-lane hardening…
GLM_OK: rewrote app/src/main/java/ai/genwhy/nobonk/model/Detection.kt (6857 chars)
2026-08-30 15:50:20 | PASS 149 · Detection.kt — generated; running tests…
2026-08-30 15:50:21 | PASS 149 · Detection.kt — no change
2026-08-30 15:50:31 | PASS 149 · NormBox.kt — coding-lane hardening…
GLM_OK: rewrote app/src/main/java/ai/genwhy/nobonk/model/NormBox.kt (5440 chars)
2026-08-30 15:58:06 | PASS 149 · NormBox.kt — generated; running tests…
2026-08-30 15:58:07 | PASS 149 · NormBox.kt — no change
2026-08-30 15:58:17 | PASS 149 · SensorMonitor.kt — coding-lane hardening…
GLM_OK: rewrote app/src/main/java/ai/genwhy/nobonk/ml/SensorMonitor.kt (8829 chars)
2026-08-30 16:08:29 | PASS 149 · SensorMonitor.kt — generated; running tests…
2026-08-30 16:08:31 | PASS 149 · SensorMonitor.kt — no change
2026-08-30 16:08:41 | PASS 149 · DetectionEvent.kt — coding-lane hardening…
GLM_OK: rewrote app/src/main/java/ai/genwhy/nobonk/data/DetectionEvent.kt (8329 chars)
2026-08-30 16:20:16 | PASS 149 · DetectionEvent.kt — generated; running tests…
2026-08-30 16:20:17 | PASS 149 · DetectionEvent.kt — no change
2026-08-30 16:20:27 | PASS 149 · AlertPolicy.kt — coding-lane hardening…
GLM_OK: rewrote app/src/main/java/ai/genwhy/nobonk/ml/AlertPolicy.kt (10715 chars)
2026-08-30 16:31:28 | PASS 149 · AlertPolicy.kt — generated; running tests…
2026-08-30 16:31:29 | PASS 149 · AlertPolicy.kt — no change
2026-08-30 16:31:39 | PASS 149 · AnalyticsEngine.kt — coding-lane hardening…
GLM_OK: rewrote app/src/main/java/ai/genwhy/nobonk/analytics/AnalyticsEngine.kt (10635 chars)
2026-08-30 16:37:03 | PASS 149 · AnalyticsEngine.kt — generated; running tests…
2026-08-30 16:37:04 | PASS 149 · AnalyticsEngine.kt — no change
2026-08-30 16:37:14 | PASS 150 · Nms.kt — coding-lane hardening…
GLM_OK: rewrote app/src/main/java/ai/genwhy/nobonk/ml/Nms.kt (5113 chars)
2026-08-30 16:42:46 | PASS 150 · Nms.kt — generated; running tests…
2026-08-30 16:42:47 | PASS 150 · Nms.kt — no change
2026-08-30 16:42:57 | PASS 150 · LowLight.kt — coding-lane hardening…
GLM_OK: rewrote app/src/main/java/ai/genwhy/nobonk/ml/LowLight.kt (5393 chars)
2026-08-30 16:49:34 | PASS 150 · LowLight.kt — generated; running tests…
2026-08-30 16:49:35 | PASS 150 · LowLight.kt — no change
2026-08-30 16:49:45 | PASS 150 · Letterbox.kt — coding-lane hardening…
GLM_OK: rewrote app/src/main/java/ai/genwhy/nobonk/ml/Letterbox.kt (5876 chars)
2026-08-30 16:50:55 | PASS 150 · Letterbox.kt — generated; running tests…
2026-08-30 16:50:57 | PASS 150 · Letterbox.kt — TESTS GREEN, committed
2026-08-30 16:50:59 |   pushed to origin
2026-08-30 16:51:09 | PASS 150 · Detection.kt — coding-lane hardening…
GLM_OK: rewrote app/src/main/java/ai/genwhy/nobonk/model/Detection.kt (6857 chars)
2026-08-30 16:56:16 | PASS 150 · Detection.kt — generated; running tests…
2026-08-30 16:56:17 | PASS 150 · Detection.kt — no change
2026-08-30 16:56:27 | PASS 150 · NormBox.kt — coding-lane hardening…
GLM_OK: rewrote app/src/main/java/ai/genwhy/nobonk/model/NormBox.kt (5440 chars)
2026-08-30 16:57:09 | PASS 150 · NormBox.kt — generated; running tests…
2026-08-30 16:57:10 | PASS 150 · NormBox.kt — no change
2026-08-30 16:57:20 | PASS 150 · SensorMonitor.kt — coding-lane hardening…
GLM_OK: rewrote app/src/main/java/ai/genwhy/nobonk/ml/SensorMonitor.kt (8829 chars)
2026-08-30 17:01:49 | PASS 150 · SensorMonitor.kt — generated; running tests…
2026-08-30 17:01:50 | PASS 150 · SensorMonitor.kt — no change
2026-08-30 17:02:00 | PASS 150 · DetectionEvent.kt — coding-lane hardening…
GLM_OK: rewrote app/src/main/java/ai/genwhy/nobonk/data/DetectionEvent.kt (8453 chars)
2026-08-30 17:04:32 | PASS 150 · DetectionEvent.kt — generated; running tests…
2026-08-30 17:04:34 | PASS 150 · DetectionEvent.kt — TESTS GREEN, committed
2026-08-30 17:04:36 |   pushed to origin
2026-08-30 17:04:46 | PASS 150 · AlertPolicy.kt — coding-lane hardening…
GLM_OK: rewrote app/src/main/java/ai/genwhy/nobonk/ml/AlertPolicy.kt (10715 chars)
2026-08-30 17:10:17 | PASS 150 · AlertPolicy.kt — generated; running tests…
2026-08-30 17:10:18 | PASS 150 · AlertPolicy.kt — no change
2026-08-30 17:10:28 | PASS 150 · AnalyticsEngine.kt — coding-lane hardening…
GLM_OK: rewrote app/src/main/java/ai/genwhy/nobonk/analytics/AnalyticsEngine.kt (10635 chars)
2026-08-30 17:15:19 | PASS 150 · AnalyticsEngine.kt — generated; running tests…
2026-08-30 17:15:20 | PASS 150 · AnalyticsEngine.kt — no change
2026-08-30 17:15:30 | PASS 151 · Nms.kt — coding-lane hardening…
GLM_OK: rewrote app/src/main/java/ai/genwhy/nobonk/ml/Nms.kt (5113 chars)
2026-08-30 17:20:06 | PASS 151 · Nms.kt — generated; running tests…
2026-08-30 17:20:07 | PASS 151 · Nms.kt — no change
2026-08-30 17:20:17 | PASS 151 · LowLight.kt — coding-lane hardening…
GLM_OK: rewrote app/src/main/java/ai/genwhy/nobonk/ml/LowLight.kt (5393 chars)
2026-08-30 17:25:56 | PASS 151 · LowLight.kt — generated; running tests…
2026-08-30 17:25:57 | PASS 151 · LowLight.kt — no change
2026-08-30 17:26:07 | PASS 151 · Letterbox.kt — coding-lane hardening…
GLM_OK: rewrote app/src/main/java/ai/genwhy/nobonk/ml/Letterbox.kt (5876 chars)
2026-08-30 17:31:15 | PASS 151 · Letterbox.kt — generated; running tests…
2026-08-30 17:31:16 | PASS 151 · Letterbox.kt — no change
2026-08-30 17:31:26 | PASS 151 · Detection.kt — coding-lane hardening…
GLM_OK: rewrote app/src/main/java/ai/genwhy/nobonk/model/Detection.kt (6857 chars)
2026-08-30 17:35:26 | PASS 151 · Detection.kt — generated; running tests…
2026-08-30 17:35:27 | PASS 151 · Detection.kt — no change
2026-08-30 17:35:37 | PASS 151 · NormBox.kt — coding-lane hardening…
GLM_OK: rewrote app/src/main/java/ai/genwhy/nobonk/model/NormBox.kt (5440 chars)
2026-08-30 17:38:22 | PASS 151 · NormBox.kt — generated; running tests…
2026-08-30 17:38:23 | PASS 151 · NormBox.kt — no change
2026-08-30 17:38:33 | PASS 151 · SensorMonitor.kt — coding-lane hardening…
GLM_OK: rewrote app/src/main/java/ai/genwhy/nobonk/ml/SensorMonitor.kt (8834 chars)
2026-08-30 17:42:09 | PASS 151 · SensorMonitor.kt — generated; running tests…
2026-08-30 17:42:11 | PASS 151 · SensorMonitor.kt — TESTS GREEN, committed
2026-08-30 17:42:12 |   pushed to origin
2026-08-30 17:42:22 | PASS 151 · DetectionEvent.kt — coding-lane hardening…
GLM_OK: rewrote app/src/main/java/ai/genwhy/nobonk/data/DetectionEvent.kt (8453 chars)
2026-08-30 17:43:41 | PASS 151 · DetectionEvent.kt — generated; running tests…
2026-08-30 17:43:42 | PASS 151 · DetectionEvent.kt — no change
2026-08-30 17:43:52 | PASS 151 · AlertPolicy.kt — coding-lane hardening…
GLM_OK: rewrote app/src/main/java/ai/genwhy/nobonk/ml/AlertPolicy.kt (10715 chars)
2026-08-30 17:49:25 | PASS 151 · AlertPolicy.kt — generated; running tests…
2026-08-30 17:49:26 | PASS 151 · AlertPolicy.kt — no change
2026-08-30 17:49:36 | PASS 151 · AnalyticsEngine.kt — coding-lane hardening…
GLM_OK: rewrote app/src/main/java/ai/genwhy/nobonk/analytics/AnalyticsEngine.kt (10635 chars)
2026-08-30 17:54:24 | PASS 151 · AnalyticsEngine.kt — generated; running tests…
2026-08-30 17:54:25 | PASS 151 · AnalyticsEngine.kt — no change
2026-08-30 17:54:35 | PASS 152 · Nms.kt — coding-lane hardening…
GLM_OK: rewrote app/src/main/java/ai/genwhy/nobonk/ml/Nms.kt (5113 chars)
2026-08-30 17:59:01 | PASS 152 · Nms.kt — generated; running tests…
2026-08-30 17:59:02 | PASS 152 · Nms.kt — no change
2026-08-30 17:59:12 | PASS 152 · LowLight.kt — coding-lane hardening…
GLM_OK: rewrote app/src/main/java/ai/genwhy/nobonk/ml/LowLight.kt (5393 chars)
2026-08-30 18:02:06 | PASS 152 · LowLight.kt — generated; running tests…
2026-08-30 18:02:07 | PASS 152 · LowLight.kt — no change
2026-08-30 18:02:17 | PASS 152 · Letterbox.kt — coding-lane hardening…
GLM_OK: rewrote app/src/main/java/ai/genwhy/nobonk/ml/Letterbox.kt (5876 chars)
2026-08-30 18:05:46 | PASS 152 · Letterbox.kt — generated; running tests…
2026-08-30 18:05:47 | PASS 152 · Letterbox.kt — no change
2026-08-30 18:05:57 | PASS 152 · Detection.kt — coding-lane hardening…
GLM_OK: rewrote app/src/main/java/ai/genwhy/nobonk/model/Detection.kt (6857 chars)
2026-08-30 18:14:43 | PASS 152 · Detection.kt — generated; running tests…
2026-08-30 18:14:43 | PASS 152 · Detection.kt — no change
2026-08-30 18:14:53 | PASS 152 · NormBox.kt — coding-lane hardening…
GLM_OK: rewrote app/src/main/java/ai/genwhy/nobonk/model/NormBox.kt (5440 chars)
2026-08-30 18:22:00 | PASS 152 · NormBox.kt — generated; running tests…
2026-08-30 18:22:01 | PASS 152 · NormBox.kt — no change
2026-08-30 18:22:11 | PASS 152 · SensorMonitor.kt — coding-lane hardening…
GLM_OK: rewrote app/src/main/java/ai/genwhy/nobonk/ml/SensorMonitor.kt (8834 chars)
2026-08-30 18:28:36 | PASS 152 · SensorMonitor.kt — generated; running tests…
2026-08-30 18:28:36 | PASS 152 · SensorMonitor.kt — no change
2026-08-30 18:28:46 | PASS 152 · DetectionEvent.kt — coding-lane hardening…
GLM_OK: rewrote app/src/main/java/ai/genwhy/nobonk/data/DetectionEvent.kt (8453 chars)
2026-08-30 18:35:50 | PASS 152 · DetectionEvent.kt — generated; running tests…
2026-08-30 18:35:51 | PASS 152 · DetectionEvent.kt — no change
2026-08-30 18:36:01 | PASS 152 · AlertPolicy.kt — coding-lane hardening…
GLM_OK: rewrote app/src/main/java/ai/genwhy/nobonk/ml/AlertPolicy.kt (10715 chars)
2026-08-30 18:44:05 | PASS 152 · AlertPolicy.kt — generated; running tests…
2026-08-30 18:44:06 | PASS 152 · AlertPolicy.kt — no change
2026-08-30 18:44:16 | PASS 152 · AnalyticsEngine.kt — coding-lane hardening…
GLM_OK: rewrote app/src/main/java/ai/genwhy/nobonk/analytics/AnalyticsEngine.kt (10629 chars)
2026-08-30 18:53:31 | PASS 152 · AnalyticsEngine.kt — generated; running tests…
2026-08-30 18:53:33 | PASS 152 · AnalyticsEngine.kt — TESTS GREEN, committed
2026-08-30 18:53:35 |   pushed to origin
2026-08-30 18:53:45 | PASS 153 · Nms.kt — coding-lane hardening…
GLM_OK: rewrote app/src/main/java/ai/genwhy/nobonk/ml/Nms.kt (5113 chars)
2026-08-30 19:00:51 | PASS 153 · Nms.kt — generated; running tests…
2026-08-30 19:00:51 | PASS 153 · Nms.kt — no change
2026-08-30 19:01:01 | PASS 153 · LowLight.kt — coding-lane hardening…
GLM_OK: rewrote app/src/main/java/ai/genwhy/nobonk/ml/LowLight.kt (5393 chars)
2026-08-30 19:06:35 | PASS 153 · LowLight.kt — generated; running tests…
2026-08-30 19:06:36 | PASS 153 · LowLight.kt — no change
2026-08-30 19:06:46 | PASS 153 · Letterbox.kt — coding-lane hardening…
GLM_OK: rewrote app/src/main/java/ai/genwhy/nobonk/ml/Letterbox.kt (5876 chars)
2026-08-30 19:15:56 | PASS 153 · Letterbox.kt — generated; running tests…
2026-08-30 19:15:56 | PASS 153 · Letterbox.kt — no change
2026-08-30 19:16:06 | PASS 153 · Detection.kt — coding-lane hardening…
GLM_OK: rewrote app/src/main/java/ai/genwhy/nobonk/model/Detection.kt (6857 chars)
2026-08-30 19:24:02 | PASS 153 · Detection.kt — generated; running tests…
2026-08-30 19:24:03 | PASS 153 · Detection.kt — no change
2026-08-30 19:24:13 | PASS 153 · NormBox.kt — coding-lane hardening…
GLM_OK: rewrote app/src/main/java/ai/genwhy/nobonk/model/NormBox.kt (5440 chars)
2026-08-30 19:33:49 | PASS 153 · NormBox.kt — generated; running tests…
2026-08-30 19:33:50 | PASS 153 · NormBox.kt — no change
2026-08-30 19:34:00 | PASS 153 · SensorMonitor.kt — coding-lane hardening…
GLM_OK: rewrote app/src/main/java/ai/genwhy/nobonk/ml/SensorMonitor.kt (8834 chars)
2026-08-30 19:43:01 | PASS 153 · SensorMonitor.kt — generated; running tests…
2026-08-30 19:43:02 | PASS 153 · SensorMonitor.kt — no change
2026-08-30 19:43:12 | PASS 153 · DetectionEvent.kt — coding-lane hardening…
GLM_OK: rewrote app/src/main/java/ai/genwhy/nobonk/data/DetectionEvent.kt (8453 chars)
2026-08-30 19:50:18 | PASS 153 · DetectionEvent.kt — generated; running tests…
2026-08-30 19:50:19 | PASS 153 · DetectionEvent.kt — no change
2026-08-30 19:50:29 | PASS 153 · AlertPolicy.kt — coding-lane hardening…
GLM_OK: rewrote app/src/main/java/ai/genwhy/nobonk/ml/AlertPolicy.kt (10715 chars)
2026-08-30 19:56:54 | PASS 153 · AlertPolicy.kt — generated; running tests…
2026-08-30 19:56:55 | PASS 153 · AlertPolicy.kt — no change
2026-08-30 19:57:05 | PASS 153 · AnalyticsEngine.kt — coding-lane hardening…
GLM_OK: rewrote app/src/main/java/ai/genwhy/nobonk/analytics/AnalyticsEngine.kt (10476 chars)
2026-08-30 20:07:17 | PASS 153 · AnalyticsEngine.kt — generated; running tests…
2026-08-30 20:07:19 | PASS 153 · AnalyticsEngine.kt — TESTS GREEN, committed
2026-08-30 20:07:21 |   pushed to origin
2026-08-30 20:07:31 | PASS 154 · Nms.kt — coding-lane hardening…
GLM_OK: rewrote app/src/main/java/ai/genwhy/nobonk/ml/Nms.kt (5113 chars)
2026-08-30 20:14:39 | PASS 154 · Nms.kt — generated; running tests…
2026-08-30 20:14:40 | PASS 154 · Nms.kt — no change
2026-08-30 20:14:50 | PASS 154 · LowLight.kt — coding-lane hardening…
GLM_OK: rewrote app/src/main/java/ai/genwhy/nobonk/ml/LowLight.kt (5393 chars)
2026-08-30 20:23:54 | PASS 154 · LowLight.kt — generated; running tests…
2026-08-30 20:23:55 | PASS 154 · LowLight.kt — no change
2026-08-30 20:24:05 | PASS 154 · Letterbox.kt — coding-lane hardening…
GLM_OK: rewrote app/src/main/java/ai/genwhy/nobonk/ml/Letterbox.kt (5876 chars)
2026-08-30 20:32:09 | PASS 154 · Letterbox.kt — generated; running tests…
2026-08-30 20:32:10 | PASS 154 · Letterbox.kt — no change
2026-08-30 20:32:20 | PASS 154 · Detection.kt — coding-lane hardening…
GLM_OK: rewrote app/src/main/java/ai/genwhy/nobonk/model/Detection.kt (6857 chars)
2026-08-30 20:39:14 | PASS 154 · Detection.kt — generated; running tests…
2026-08-30 20:39:15 | PASS 154 · Detection.kt — no change
2026-08-30 20:39:25 | PASS 154 · NormBox.kt — coding-lane hardening…
GLM_OK: rewrote app/src/main/java/ai/genwhy/nobonk/model/NormBox.kt (5440 chars)
2026-08-30 20:44:31 | PASS 154 · NormBox.kt — generated; running tests…
2026-08-30 20:44:32 | PASS 154 · NormBox.kt — no change
2026-08-30 20:44:42 | PASS 154 · SensorMonitor.kt — coding-lane hardening…
GLM_OK: rewrote app/src/main/java/ai/genwhy/nobonk/ml/SensorMonitor.kt (8834 chars)
2026-08-30 20:51:27 | PASS 154 · SensorMonitor.kt — generated; running tests…
2026-08-30 20:51:27 | PASS 154 · SensorMonitor.kt — no change
2026-08-30 20:51:37 | PASS 154 · DetectionEvent.kt — coding-lane hardening…
GLM_OK: rewrote app/src/main/java/ai/genwhy/nobonk/data/DetectionEvent.kt (8453 chars)
2026-08-30 20:59:11 | PASS 154 · DetectionEvent.kt — generated; running tests…
2026-08-30 20:59:12 | PASS 154 · DetectionEvent.kt — no change
2026-08-30 20:59:22 | PASS 154 · AlertPolicy.kt — coding-lane hardening…
GLM_OK: rewrote app/src/main/java/ai/genwhy/nobonk/ml/AlertPolicy.kt (10715 chars)
2026-08-30 21:05:55 | PASS 154 · AlertPolicy.kt — generated; running tests…
2026-08-30 21:05:56 | PASS 154 · AlertPolicy.kt — no change
2026-08-30 21:06:06 | PASS 154 · AnalyticsEngine.kt — coding-lane hardening…
GLM_OK: rewrote app/src/main/java/ai/genwhy/nobonk/analytics/AnalyticsEngine.kt (10515 chars)
2026-08-30 21:14:44 | PASS 154 · AnalyticsEngine.kt — generated; running tests…
2026-08-30 21:14:46 | PASS 154 · AnalyticsEngine.kt — TESTS GREEN, committed
2026-08-30 21:14:48 |   pushed to origin
2026-08-30 21:14:58 | PASS 155 · Nms.kt — coding-lane hardening…
GLM_OK: rewrote app/src/main/java/ai/genwhy/nobonk/ml/Nms.kt (5113 chars)
2026-08-30 21:20:32 | PASS 155 · Nms.kt — generated; running tests…
2026-08-30 21:20:33 | PASS 155 · Nms.kt — no change
2026-08-30 21:20:43 | PASS 155 · LowLight.kt — coding-lane hardening…
GLM_OK: rewrote app/src/main/java/ai/genwhy/nobonk/ml/LowLight.kt (5393 chars)
2026-08-30 21:25:15 | PASS 155 · LowLight.kt — generated; running tests…
2026-08-30 21:25:16 | PASS 155 · LowLight.kt — no change
2026-08-30 21:25:26 | PASS 155 · Letterbox.kt — coding-lane hardening…
GLM_OK: rewrote app/src/main/java/ai/genwhy/nobonk/ml/Letterbox.kt (5876 chars)
2026-08-30 21:31:59 | PASS 155 · Letterbox.kt — generated; running tests…
2026-08-30 21:32:00 | PASS 155 · Letterbox.kt — no change
2026-08-30 21:32:10 | PASS 155 · Detection.kt — coding-lane hardening…
GLM_OK: rewrote app/src/main/java/ai/genwhy/nobonk/model/Detection.kt (6857 chars)
2026-08-30 21:38:34 | PASS 155 · Detection.kt — generated; running tests…
2026-08-30 21:38:35 | PASS 155 · Detection.kt — no change
2026-08-30 21:38:45 | PASS 155 · NormBox.kt — coding-lane hardening…
GLM_OK: rewrote app/src/main/java/ai/genwhy/nobonk/model/NormBox.kt (5440 chars)
2026-08-30 21:50:01 | PASS 155 · NormBox.kt — generated; running tests…
2026-08-30 21:50:02 | PASS 155 · NormBox.kt — no change
2026-08-30 21:50:12 | PASS 155 · SensorMonitor.kt — coding-lane hardening…
GLM_OK: rewrote app/src/main/java/ai/genwhy/nobonk/ml/SensorMonitor.kt (8834 chars)
2026-08-30 22:00:32 | PASS 155 · SensorMonitor.kt — generated; running tests…
2026-08-30 22:00:33 | PASS 155 · SensorMonitor.kt — no change
2026-08-30 22:00:43 | PASS 155 · DetectionEvent.kt — coding-lane hardening…
GLM_OK: rewrote app/src/main/java/ai/genwhy/nobonk/data/DetectionEvent.kt (8453 chars)
2026-08-30 22:10:21 | PASS 155 · DetectionEvent.kt — generated; running tests…
2026-08-30 22:10:22 | PASS 155 · DetectionEvent.kt — no change
2026-08-30 22:10:32 | PASS 155 · AlertPolicy.kt — coding-lane hardening…
GLM_OK: rewrote app/src/main/java/ai/genwhy/nobonk/ml/AlertPolicy.kt (10715 chars)
2026-08-30 22:17:15 | PASS 155 · AlertPolicy.kt — generated; running tests…
2026-08-30 22:17:16 | PASS 155 · AlertPolicy.kt — no change
2026-08-30 22:17:26 | PASS 155 · AnalyticsEngine.kt — coding-lane hardening…
GLM_OK: rewrote app/src/main/java/ai/genwhy/nobonk/analytics/AnalyticsEngine.kt (10520 chars)
2026-08-30 22:24:06 | PASS 155 · AnalyticsEngine.kt — generated; running tests…
2026-08-30 22:24:08 | PASS 155 · AnalyticsEngine.kt — TESTS GREEN, committed
2026-08-30 22:24:09 |   pushed to origin
2026-08-30 22:24:19 | PASS 156 · Nms.kt — coding-lane hardening…
GLM_OK: rewrote app/src/main/java/ai/genwhy/nobonk/ml/Nms.kt (5113 chars)
2026-08-30 22:31:13 | PASS 156 · Nms.kt — generated; running tests…
2026-08-30 22:31:14 | PASS 156 · Nms.kt — no change
2026-08-30 22:31:24 | PASS 156 · LowLight.kt — coding-lane hardening…
GLM_OK: rewrote app/src/main/java/ai/genwhy/nobonk/ml/LowLight.kt (5393 chars)
2026-08-30 22:39:18 | PASS 156 · LowLight.kt — generated; running tests…
2026-08-30 22:39:18 | PASS 156 · LowLight.kt — no change
2026-08-30 22:39:28 | PASS 156 · Letterbox.kt — coding-lane hardening…
GLM_OK: rewrote app/src/main/java/ai/genwhy/nobonk/ml/Letterbox.kt (5876 chars)
2026-08-30 22:51:07 | PASS 156 · Letterbox.kt — generated; running tests…
2026-08-30 22:51:08 | PASS 156 · Letterbox.kt — no change
2026-08-30 22:51:18 | PASS 156 · Detection.kt — coding-lane hardening…
GLM_OK: rewrote app/src/main/java/ai/genwhy/nobonk/model/Detection.kt (6857 chars)
2026-08-30 23:01:56 | PASS 156 · Detection.kt — generated; running tests…
2026-08-30 23:01:57 | PASS 156 · Detection.kt — no change
2026-08-30 23:02:07 | PASS 156 · NormBox.kt — coding-lane hardening…
GLM_OK: rewrote app/src/main/java/ai/genwhy/nobonk/model/NormBox.kt (5440 chars)
2026-08-30 23:11:29 | PASS 156 · NormBox.kt — generated; running tests…
2026-08-30 23:11:30 | PASS 156 · NormBox.kt — no change
2026-08-30 23:11:40 | PASS 156 · SensorMonitor.kt — coding-lane hardening…
GLM_OK: rewrote app/src/main/java/ai/genwhy/nobonk/ml/SensorMonitor.kt (8834 chars)
2026-08-30 23:18:59 | PASS 156 · SensorMonitor.kt — generated; running tests…
2026-08-30 23:19:00 | PASS 156 · SensorMonitor.kt — no change
2026-08-30 23:19:10 | PASS 156 · DetectionEvent.kt — coding-lane hardening…
GLM_OK: rewrote app/src/main/java/ai/genwhy/nobonk/data/DetectionEvent.kt (8453 chars)
2026-08-30 23:23:46 | PASS 156 · DetectionEvent.kt — generated; running tests…
2026-08-30 23:23:47 | PASS 156 · DetectionEvent.kt — no change
2026-08-30 23:23:57 | PASS 156 · AlertPolicy.kt — coding-lane hardening…
GLM_OK: rewrote app/src/main/java/ai/genwhy/nobonk/ml/AlertPolicy.kt (10715 chars)
2026-08-30 23:29:37 | PASS 156 · AlertPolicy.kt — generated; running tests…
2026-08-30 23:29:38 | PASS 156 · AlertPolicy.kt — no change
2026-08-30 23:29:48 | PASS 156 · AnalyticsEngine.kt — coding-lane hardening…
GLM_OK: rewrote app/src/main/java/ai/genwhy/nobonk/analytics/AnalyticsEngine.kt (10520 chars)
2026-08-30 23:37:15 | PASS 156 · AnalyticsEngine.kt — generated; running tests…
2026-08-30 23:37:16 | PASS 156 · AnalyticsEngine.kt — no change
2026-08-30 23:37:26 | PASS 157 · Nms.kt — coding-lane hardening…
GLM_OK: rewrote app/src/main/java/ai/genwhy/nobonk/ml/Nms.kt (5113 chars)
2026-08-30 23:46:32 | PASS 157 · Nms.kt — generated; running tests…
2026-08-30 23:46:33 | PASS 157 · Nms.kt — no change
2026-08-30 23:46:43 | PASS 157 · LowLight.kt — coding-lane hardening…
GLM_OK: rewrote app/src/main/java/ai/genwhy/nobonk/ml/LowLight.kt (5393 chars)
2026-08-30 23:51:25 | PASS 157 · LowLight.kt — generated; running tests…
2026-08-30 23:51:26 | PASS 157 · LowLight.kt — no change
2026-08-30 23:51:36 | PASS 157 · Letterbox.kt — coding-lane hardening…
GLM_OK: rewrote app/src/main/java/ai/genwhy/nobonk/ml/Letterbox.kt (5876 chars)
2026-08-30 23:56:07 | PASS 157 · Letterbox.kt — generated; running tests…
2026-08-30 23:56:08 | PASS 157 · Letterbox.kt — no change
2026-08-30 23:56:18 | PASS 157 · Detection.kt — coding-lane hardening…
GLM_OK: rewrote app/src/main/java/ai/genwhy/nobonk/model/Detection.kt (6857 chars)
2026-08-30 23:58:29 | PASS 157 · Detection.kt — generated; running tests…
2026-08-30 23:58:30 | PASS 157 · Detection.kt — no change
2026-08-30 23:58:40 | PASS 157 · NormBox.kt — coding-lane hardening…
GLM_OK: rewrote app/src/main/java/ai/genwhy/nobonk/model/NormBox.kt (5440 chars)
2026-08-31 00:02:41 | PASS 157 · NormBox.kt — generated; running tests…
2026-08-31 00:02:42 | PASS 157 · NormBox.kt — no change
2026-08-31 00:02:52 | PASS 157 · SensorMonitor.kt — coding-lane hardening…
GLM_OK: rewrote app/src/main/java/ai/genwhy/nobonk/ml/SensorMonitor.kt (8834 chars)
2026-08-31 00:05:00 | PASS 157 · SensorMonitor.kt — generated; running tests…
2026-08-31 00:05:01 | PASS 157 · SensorMonitor.kt — no change
2026-08-31 00:05:11 | PASS 157 · DetectionEvent.kt — coding-lane hardening…
GLM_OK: rewrote app/src/main/java/ai/genwhy/nobonk/data/DetectionEvent.kt (8453 chars)
2026-08-31 00:09:50 | PASS 157 · DetectionEvent.kt — generated; running tests…
2026-08-31 00:09:51 | PASS 157 · DetectionEvent.kt — no change
2026-08-31 00:10:01 | PASS 157 · AlertPolicy.kt — coding-lane hardening…
GLM_OK: rewrote app/src/main/java/ai/genwhy/nobonk/ml/AlertPolicy.kt (10715 chars)
2026-08-31 00:16:16 | PASS 157 · AlertPolicy.kt — generated; running tests…
2026-08-31 00:16:16 | PASS 157 · AlertPolicy.kt — no change
2026-08-31 00:16:26 | PASS 157 · AnalyticsEngine.kt — coding-lane hardening…
GLM_OK: rewrote app/src/main/java/ai/genwhy/nobonk/analytics/AnalyticsEngine.kt (10520 chars)
2026-08-31 00:27:22 | PASS 157 · AnalyticsEngine.kt — generated; running tests…
2026-08-31 00:27:23 | PASS 157 · AnalyticsEngine.kt — no change
2026-08-31 00:27:33 | PASS 158 · Nms.kt — coding-lane hardening…
GLM_OK: rewrote app/src/main/java/ai/genwhy/nobonk/ml/Nms.kt (5113 chars)
2026-08-31 00:35:24 | PASS 158 · Nms.kt — generated; running tests…
2026-08-31 00:35:24 | PASS 158 · Nms.kt — no change
2026-08-31 00:35:34 | PASS 158 · LowLight.kt — coding-lane hardening…
GLM_OK: rewrote app/src/main/java/ai/genwhy/nobonk/ml/LowLight.kt (5393 chars)
2026-08-31 00:40:58 | PASS 158 · LowLight.kt — generated; running tests…
2026-08-31 00:40:59 | PASS 158 · LowLight.kt — no change
2026-08-31 00:41:09 | PASS 158 · Letterbox.kt — coding-lane hardening…
GLM_OK: rewrote app/src/main/java/ai/genwhy/nobonk/ml/Letterbox.kt (5876 chars)
2026-08-31 00:49:58 | PASS 158 · Letterbox.kt — generated; running tests…
2026-08-31 00:49:59 | PASS 158 · Letterbox.kt — no change
2026-08-31 00:50:09 | PASS 158 · Detection.kt — coding-lane hardening…
GLM_OK: rewrote app/src/main/java/ai/genwhy/nobonk/model/Detection.kt (6857 chars)
2026-08-31 01:00:02 | PASS 158 · Detection.kt — generated; running tests…
2026-08-31 01:00:03 | PASS 158 · Detection.kt — no change
2026-08-31 01:00:13 | PASS 158 · NormBox.kt — coding-lane hardening…
GLM_OK: rewrote app/src/main/java/ai/genwhy/nobonk/model/NormBox.kt (5440 chars)
2026-08-31 01:03:07 | PASS 158 · NormBox.kt — generated; running tests…
2026-08-31 01:03:07 | PASS 158 · NormBox.kt — no change
2026-08-31 01:03:17 | PASS 158 · SensorMonitor.kt — coding-lane hardening…
GLM_OK: rewrote app/src/main/java/ai/genwhy/nobonk/ml/SensorMonitor.kt (8834 chars)
2026-08-31 01:08:26 | PASS 158 · SensorMonitor.kt — generated; running tests…
2026-08-31 01:08:26 | PASS 158 · SensorMonitor.kt — no change
2026-08-31 01:08:36 | PASS 158 · DetectionEvent.kt — coding-lane hardening…
GLM_OK: rewrote app/src/main/java/ai/genwhy/nobonk/data/DetectionEvent.kt (8453 chars)
2026-08-31 01:09:57 | PASS 158 · DetectionEvent.kt — generated; running tests…
2026-08-31 01:09:58 | PASS 158 · DetectionEvent.kt — no change
2026-08-31 01:10:08 | PASS 158 · AlertPolicy.kt — coding-lane hardening…
GLM_OK: rewrote app/src/main/java/ai/genwhy/nobonk/ml/AlertPolicy.kt (10715 chars)
2026-08-31 01:15:37 | PASS 158 · AlertPolicy.kt — generated; running tests…
2026-08-31 01:15:38 | PASS 158 · AlertPolicy.kt — no change
2026-08-31 01:15:48 | PASS 158 · AnalyticsEngine.kt — coding-lane hardening…
GLM_OK: rewrote app/src/main/java/ai/genwhy/nobonk/analytics/AnalyticsEngine.kt (10520 chars)
2026-08-31 01:24:56 | PASS 158 · AnalyticsEngine.kt — generated; running tests…
2026-08-31 01:24:57 | PASS 158 · AnalyticsEngine.kt — no change
2026-08-31 01:25:07 | PASS 159 · Nms.kt — coding-lane hardening…
GLM_OK: rewrote app/src/main/java/ai/genwhy/nobonk/ml/Nms.kt (5113 chars)
2026-08-31 01:28:05 | PASS 159 · Nms.kt — generated; running tests…
2026-08-31 01:28:06 | PASS 159 · Nms.kt — no change
2026-08-31 01:28:16 | PASS 159 · LowLight.kt — coding-lane hardening…
GLM_OK: rewrote app/src/main/java/ai/genwhy/nobonk/ml/LowLight.kt (5393 chars)
2026-08-31 01:36:46 | PASS 159 · LowLight.kt — generated; running tests…
2026-08-31 01:36:47 | PASS 159 · LowLight.kt — no change
2026-08-31 01:36:57 | PASS 159 · Letterbox.kt — coding-lane hardening…
GLM_OK: rewrote app/src/main/java/ai/genwhy/nobonk/ml/Letterbox.kt (5876 chars)
2026-08-31 01:46:15 | PASS 159 · Letterbox.kt — generated; running tests…
2026-08-31 01:46:16 | PASS 159 · Letterbox.kt — no change
2026-08-31 01:46:26 | PASS 159 · Detection.kt — coding-lane hardening…
GLM_OK: rewrote app/src/main/java/ai/genwhy/nobonk/model/Detection.kt (6857 chars)
2026-08-31 01:51:02 | PASS 159 · Detection.kt — generated; running tests…
2026-08-31 01:51:03 | PASS 159 · Detection.kt — no change
2026-08-31 01:51:13 | PASS 159 · NormBox.kt — coding-lane hardening…
GLM_OK: rewrote app/src/main/java/ai/genwhy/nobonk/model/NormBox.kt (5440 chars)
2026-08-31 01:59:37 | PASS 159 · NormBox.kt — generated; running tests…
2026-08-31 01:59:38 | PASS 159 · NormBox.kt — no change
2026-08-31 01:59:48 | PASS 159 · SensorMonitor.kt — coding-lane hardening…
GLM_OK: rewrote app/src/main/java/ai/genwhy/nobonk/ml/SensorMonitor.kt (8834 chars)
2026-08-31 02:08:01 | PASS 159 · SensorMonitor.kt — generated; running tests…
2026-08-31 02:08:02 | PASS 159 · SensorMonitor.kt — no change
2026-08-31 02:08:12 | PASS 159 · DetectionEvent.kt — coding-lane hardening…
GLM_OK: rewrote app/src/main/java/ai/genwhy/nobonk/data/DetectionEvent.kt (8561 chars)
2026-08-31 02:16:05 | PASS 159 · DetectionEvent.kt — generated; running tests…
2026-08-31 02:16:10 | PASS 159 · DetectionEvent.kt — TESTS GREEN, committed
2026-08-31 02:16:12 |   pushed to origin
2026-08-31 02:16:22 | PASS 159 · AlertPolicy.kt — coding-lane hardening…
GLM_OK: rewrote app/src/main/java/ai/genwhy/nobonk/ml/AlertPolicy.kt (10715 chars)
2026-08-31 02:27:06 | PASS 159 · AlertPolicy.kt — generated; running tests…
2026-08-31 02:27:06 | PASS 159 · AlertPolicy.kt — no change
2026-08-31 02:27:16 | PASS 159 · AnalyticsEngine.kt — coding-lane hardening…
GLM_OK: rewrote app/src/main/java/ai/genwhy/nobonk/analytics/AnalyticsEngine.kt (10520 chars)
2026-08-31 02:33:55 | PASS 159 · AnalyticsEngine.kt — generated; running tests…
2026-08-31 02:33:55 | PASS 159 · AnalyticsEngine.kt — no change
2026-08-31 02:34:05 | PASS 160 · Nms.kt — coding-lane hardening…
GLM_OK: rewrote app/src/main/java/ai/genwhy/nobonk/ml/Nms.kt (5113 chars)
2026-08-31 02:40:25 | PASS 160 · Nms.kt — generated; running tests…
2026-08-31 02:40:26 | PASS 160 · Nms.kt — no change
2026-08-31 02:40:36 | PASS 160 · LowLight.kt — coding-lane hardening…
GLM_OK: rewrote app/src/main/java/ai/genwhy/nobonk/ml/LowLight.kt (5393 chars)
2026-08-31 02:47:27 | PASS 160 · LowLight.kt — generated; running tests…
2026-08-31 02:47:28 | PASS 160 · LowLight.kt — no change
2026-08-31 02:47:38 | PASS 160 · Letterbox.kt — coding-lane hardening…
GLM_OK: rewrote app/src/main/java/ai/genwhy/nobonk/ml/Letterbox.kt (5876 chars)
2026-08-31 02:55:41 | PASS 160 · Letterbox.kt — generated; running tests…
2026-08-31 02:55:42 | PASS 160 · Letterbox.kt — no change
2026-08-31 02:55:52 | PASS 160 · Detection.kt — coding-lane hardening…
GLM_OK: rewrote app/src/main/java/ai/genwhy/nobonk/model/Detection.kt (6857 chars)
2026-08-31 03:04:02 | PASS 160 · Detection.kt — generated; running tests…
2026-08-31 03:04:03 | PASS 160 · Detection.kt — no change
2026-08-31 03:04:13 | PASS 160 · NormBox.kt — coding-lane hardening…
GLM_OK: rewrote app/src/main/java/ai/genwhy/nobonk/model/NormBox.kt (5440 chars)
2026-08-31 03:12:01 | PASS 160 · NormBox.kt — generated; running tests…
2026-08-31 03:12:02 | PASS 160 · NormBox.kt — no change
2026-08-31 03:12:12 | PASS 160 · SensorMonitor.kt — coding-lane hardening…
GLM_OK: rewrote app/src/main/java/ai/genwhy/nobonk/ml/SensorMonitor.kt (8834 chars)
2026-08-31 03:21:17 | PASS 160 · SensorMonitor.kt — generated; running tests…
2026-08-31 03:21:18 | PASS 160 · SensorMonitor.kt — no change
2026-08-31 03:21:28 | PASS 160 · DetectionEvent.kt — coding-lane hardening…
GLM_OK: rewrote app/src/main/java/ai/genwhy/nobonk/data/DetectionEvent.kt (8561 chars)
2026-08-31 03:30:46 | PASS 160 · DetectionEvent.kt — generated; running tests…
2026-08-31 03:30:47 | PASS 160 · DetectionEvent.kt — no change
2026-08-31 03:30:57 | PASS 160 · AlertPolicy.kt — coding-lane hardening…
GLM_OK: rewrote app/src/main/java/ai/genwhy/nobonk/ml/AlertPolicy.kt (10715 chars)
2026-08-31 03:40:13 | PASS 160 · AlertPolicy.kt — generated; running tests…
2026-08-31 03:40:14 | PASS 160 · AlertPolicy.kt — no change
2026-08-31 03:40:24 | PASS 160 · AnalyticsEngine.kt — coding-lane hardening…
GLM_OK: rewrote app/src/main/java/ai/genwhy/nobonk/analytics/AnalyticsEngine.kt (10520 chars)
2026-08-31 03:48:01 | PASS 160 · AnalyticsEngine.kt — generated; running tests…
2026-08-31 03:48:02 | PASS 160 · AnalyticsEngine.kt — no change
2026-08-31 03:48:12 | PASS 161 · Nms.kt — coding-lane hardening…
GLM_OK: rewrote app/src/main/java/ai/genwhy/nobonk/ml/Nms.kt (5113 chars)
2026-08-31 03:50:54 | PASS 161 · Nms.kt — generated; running tests…
2026-08-31 03:50:55 | PASS 161 · Nms.kt — no change
2026-08-31 03:51:05 | PASS 161 · LowLight.kt — coding-lane hardening…
GLM_OK: rewrote app/src/main/java/ai/genwhy/nobonk/ml/LowLight.kt (5393 chars)
2026-08-31 03:55:29 | PASS 161 · LowLight.kt — generated; running tests…
2026-08-31 03:55:30 | PASS 161 · LowLight.kt — no change
2026-08-31 03:55:40 | PASS 161 · Letterbox.kt — coding-lane hardening…
GLM_OK: rewrote app/src/main/java/ai/genwhy/nobonk/ml/Letterbox.kt (5876 chars)
2026-08-31 03:57:23 | PASS 161 · Letterbox.kt — generated; running tests…
2026-08-31 03:57:24 | PASS 161 · Letterbox.kt — no change
2026-08-31 03:57:34 | PASS 161 · Detection.kt — coding-lane hardening…
GLM_OK: rewrote app/src/main/java/ai/genwhy/nobonk/model/Detection.kt (6857 chars)
2026-08-31 04:03:07 | PASS 161 · Detection.kt — generated; running tests…
2026-08-31 04:03:08 | PASS 161 · Detection.kt — no change
2026-08-31 04:03:18 | PASS 161 · NormBox.kt — coding-lane hardening…
GLM_OK: rewrote app/src/main/java/ai/genwhy/nobonk/model/NormBox.kt (5440 chars)
2026-08-31 04:05:25 | PASS 161 · NormBox.kt — generated; running tests…
2026-08-31 04:05:26 | PASS 161 · NormBox.kt — no change
2026-08-31 04:05:36 | PASS 161 · SensorMonitor.kt — coding-lane hardening…
GLM_OK: rewrote app/src/main/java/ai/genwhy/nobonk/ml/SensorMonitor.kt (8834 chars)
2026-08-31 04:11:16 | PASS 161 · SensorMonitor.kt — generated; running tests…
2026-08-31 04:11:17 | PASS 161 · SensorMonitor.kt — no change
2026-08-31 04:11:27 | PASS 161 · DetectionEvent.kt — coding-lane hardening…
GLM_OK: rewrote app/src/main/java/ai/genwhy/nobonk/data/DetectionEvent.kt (8561 chars)
2026-08-31 04:15:00 | PASS 161 · DetectionEvent.kt — generated; running tests…
2026-08-31 04:15:01 | PASS 161 · DetectionEvent.kt — no change
2026-08-31 04:15:11 | PASS 161 · AlertPolicy.kt — coding-lane hardening…
GLM_OK: rewrote app/src/main/java/ai/genwhy/nobonk/ml/AlertPolicy.kt (10715 chars)
2026-08-31 04:23:33 | PASS 161 · AlertPolicy.kt — generated; running tests…
2026-08-31 04:23:34 | PASS 161 · AlertPolicy.kt — no change
2026-08-31 04:23:44 | PASS 161 · AnalyticsEngine.kt — coding-lane hardening…
GLM_OK: rewrote app/src/main/java/ai/genwhy/nobonk/analytics/AnalyticsEngine.kt (10520 chars)
2026-08-31 04:32:34 | PASS 161 · AnalyticsEngine.kt — generated; running tests…
2026-08-31 04:32:35 | PASS 161 · AnalyticsEngine.kt — no change
2026-08-31 04:32:45 | PASS 162 · Nms.kt — coding-lane hardening…
GLM_OK: rewrote app/src/main/java/ai/genwhy/nobonk/ml/Nms.kt (5113 chars)
2026-08-31 04:39:00 | PASS 162 · Nms.kt — generated; running tests…
2026-08-31 04:39:01 | PASS 162 · Nms.kt — no change
2026-08-31 04:39:11 | PASS 162 · LowLight.kt — coding-lane hardening…
GLM_OK: rewrote app/src/main/java/ai/genwhy/nobonk/ml/LowLight.kt (5393 chars)
2026-08-31 04:45:30 | PASS 162 · LowLight.kt — generated; running tests…
2026-08-31 04:45:31 | PASS 162 · LowLight.kt — no change
2026-08-31 04:45:41 | PASS 162 · Letterbox.kt — coding-lane hardening…
GLM_OK: rewrote app/src/main/java/ai/genwhy/nobonk/ml/Letterbox.kt (5876 chars)
2026-08-31 04:53:16 | PASS 162 · Letterbox.kt — generated; running tests…
2026-08-31 04:53:17 | PASS 162 · Letterbox.kt — no change
2026-08-31 04:53:27 | PASS 162 · Detection.kt — coding-lane hardening…
GLM_OK: rewrote app/src/main/java/ai/genwhy/nobonk/model/Detection.kt (6857 chars)
2026-08-31 05:01:39 | PASS 162 · Detection.kt — generated; running tests…
2026-08-31 05:01:40 | PASS 162 · Detection.kt — no change
2026-08-31 05:01:50 | PASS 162 · NormBox.kt — coding-lane hardening…
GLM_OK: rewrote app/src/main/java/ai/genwhy/nobonk/model/NormBox.kt (5440 chars)
2026-08-31 05:06:53 | PASS 162 · NormBox.kt — generated; running tests…
2026-08-31 05:06:54 | PASS 162 · NormBox.kt — no change
2026-08-31 05:07:04 | PASS 162 · SensorMonitor.kt — coding-lane hardening…
GLM_OK: rewrote app/src/main/java/ai/genwhy/nobonk/ml/SensorMonitor.kt (8834 chars)
2026-08-31 05:12:13 | PASS 162 · SensorMonitor.kt — generated; running tests…
2026-08-31 05:12:14 | PASS 162 · SensorMonitor.kt — no change
2026-08-31 05:12:24 | PASS 162 · DetectionEvent.kt — coding-lane hardening…
GLM_OK: rewrote app/src/main/java/ai/genwhy/nobonk/data/DetectionEvent.kt (8886 chars)
2026-08-31 05:20:38 | PASS 162 · DetectionEvent.kt — generated; running tests…
2026-08-31 05:20:43 | PASS 162 · DetectionEvent.kt — TESTS GREEN, committed
2026-08-31 05:20:45 |   pushed to origin
2026-08-31 05:20:55 | PASS 162 · AlertPolicy.kt — coding-lane hardening…
GLM_OK: rewrote app/src/main/java/ai/genwhy/nobonk/ml/AlertPolicy.kt (10715 chars)
2026-08-31 05:28:14 | PASS 162 · AlertPolicy.kt — generated; running tests…
2026-08-31 05:28:15 | PASS 162 · AlertPolicy.kt — no change
2026-08-31 05:28:25 | PASS 162 · AnalyticsEngine.kt — coding-lane hardening…
GLM_OK: rewrote app/src/main/java/ai/genwhy/nobonk/analytics/AnalyticsEngine.kt (10520 chars)
2026-08-31 05:36:10 | PASS 162 · AnalyticsEngine.kt — generated; running tests…
2026-08-31 05:36:11 | PASS 162 · AnalyticsEngine.kt — no change
2026-08-31 05:36:21 | PASS 163 · Nms.kt — coding-lane hardening…
GLM_OK: rewrote app/src/main/java/ai/genwhy/nobonk/ml/Nms.kt (5113 chars)
2026-08-31 05:43:43 | PASS 163 · Nms.kt — generated; running tests…
2026-08-31 05:43:43 | PASS 163 · Nms.kt — no change
2026-08-31 05:43:53 | PASS 163 · LowLight.kt — coding-lane hardening…
GLM_OK: rewrote app/src/main/java/ai/genwhy/nobonk/ml/LowLight.kt (5393 chars)
2026-08-31 05:50:02 | PASS 163 · LowLight.kt — generated; running tests…
2026-08-31 05:50:03 | PASS 163 · LowLight.kt — no change
2026-08-31 05:50:13 | PASS 163 · Letterbox.kt — coding-lane hardening…
GLM_OK: rewrote app/src/main/java/ai/genwhy/nobonk/ml/Letterbox.kt (5876 chars)
2026-08-31 05:54:40 | PASS 163 · Letterbox.kt — generated; running tests…
2026-08-31 05:54:41 | PASS 163 · Letterbox.kt — no change
2026-08-31 05:54:51 | PASS 163 · Detection.kt — coding-lane hardening…
GLM_OK: rewrote app/src/main/java/ai/genwhy/nobonk/model/Detection.kt (6857 chars)
2026-08-31 06:02:34 | PASS 163 · Detection.kt — generated; running tests…
2026-08-31 06:02:35 | PASS 163 · Detection.kt — no change
2026-08-31 06:02:45 | PASS 163 · NormBox.kt — coding-lane hardening…
GLM_OK: rewrote app/src/main/java/ai/genwhy/nobonk/model/NormBox.kt (5440 chars)
2026-08-31 06:11:02 | PASS 163 · NormBox.kt — generated; running tests…
2026-08-31 06:11:03 | PASS 163 · NormBox.kt — no change
2026-08-31 06:11:13 | PASS 163 · SensorMonitor.kt — coding-lane hardening…
GLM_OK: rewrote app/src/main/java/ai/genwhy/nobonk/ml/SensorMonitor.kt (8834 chars)
2026-08-31 06:18:53 | PASS 163 · SensorMonitor.kt — generated; running tests…
2026-08-31 06:18:54 | PASS 163 · SensorMonitor.kt — no change
2026-08-31 06:19:04 | PASS 163 · DetectionEvent.kt — coding-lane hardening…
GLM_OK: rewrote app/src/main/java/ai/genwhy/nobonk/data/DetectionEvent.kt (8886 chars)
2026-08-31 06:25:57 | PASS 163 · DetectionEvent.kt — generated; running tests…
2026-08-31 06:25:58 | PASS 163 · DetectionEvent.kt — no change
2026-08-31 06:26:08 | PASS 163 · AlertPolicy.kt — coding-lane hardening…
GLM_OK: rewrote app/src/main/java/ai/genwhy/nobonk/ml/AlertPolicy.kt (10715 chars)
2026-08-31 06:34:55 | PASS 163 · AlertPolicy.kt — generated; running tests…
2026-08-31 06:34:56 | PASS 163 · AlertPolicy.kt — no change
2026-08-31 06:35:06 | PASS 163 · AnalyticsEngine.kt — coding-lane hardening…
GLM_OK: rewrote app/src/main/java/ai/genwhy/nobonk/analytics/AnalyticsEngine.kt (10520 chars)
2026-08-31 06:44:57 | PASS 163 · AnalyticsEngine.kt — generated; running tests…
2026-08-31 06:44:58 | PASS 163 · AnalyticsEngine.kt — no change
2026-08-31 06:45:08 | PASS 164 · Nms.kt — coding-lane hardening…
GLM_OK: rewrote app/src/main/java/ai/genwhy/nobonk/ml/Nms.kt (5113 chars)
2026-08-31 06:53:55 | PASS 164 · Nms.kt — generated; running tests…
2026-08-31 06:53:56 | PASS 164 · Nms.kt — no change
2026-08-31 06:54:06 | PASS 164 · LowLight.kt — coding-lane hardening…
GLM_OK: rewrote app/src/main/java/ai/genwhy/nobonk/ml/LowLight.kt (5393 chars)
2026-08-31 07:08:04 | PASS 164 · LowLight.kt — generated; running tests…
2026-08-31 07:08:04 | PASS 164 · LowLight.kt — no change
2026-08-31 07:08:14 | PASS 164 · Letterbox.kt — coding-lane hardening…
GLM_OK: rewrote app/src/main/java/ai/genwhy/nobonk/ml/Letterbox.kt (5876 chars)
2026-08-31 07:13:19 | PASS 164 · Letterbox.kt — generated; running tests…
2026-08-31 07:13:20 | PASS 164 · Letterbox.kt — no change
2026-08-31 07:13:30 | PASS 164 · Detection.kt — coding-lane hardening…
GLM_OK: rewrote app/src/main/java/ai/genwhy/nobonk/model/Detection.kt (6857 chars)
2026-08-31 07:20:10 | PASS 164 · Detection.kt — generated; running tests…
2026-08-31 07:20:11 | PASS 164 · Detection.kt — no change
2026-08-31 07:20:21 | PASS 164 · NormBox.kt — coding-lane hardening…
GLM_OK: rewrote app/src/main/java/ai/genwhy/nobonk/model/NormBox.kt (5440 chars)
2026-08-31 07:27:40 | PASS 164 · NormBox.kt — generated; running tests…
2026-08-31 07:27:41 | PASS 164 · NormBox.kt — no change
2026-08-31 07:27:51 | PASS 164 · SensorMonitor.kt — coding-lane hardening…
GLM_OK: rewrote app/src/main/java/ai/genwhy/nobonk/ml/SensorMonitor.kt (8834 chars)
2026-08-31 07:30:03 | PASS 164 · SensorMonitor.kt — generated; running tests…
2026-08-31 07:30:04 | PASS 164 · SensorMonitor.kt — no change
2026-08-31 07:30:14 | PASS 164 · DetectionEvent.kt — coding-lane hardening…
GLM_OK: rewrote app/src/main/java/ai/genwhy/nobonk/data/DetectionEvent.kt (8886 chars)
2026-08-31 07:34:43 | PASS 164 · DetectionEvent.kt — generated; running tests…
2026-08-31 07:34:44 | PASS 164 · DetectionEvent.kt — no change
2026-08-31 07:34:54 | PASS 164 · AlertPolicy.kt — coding-lane hardening…
GLM_OK: rewrote app/src/main/java/ai/genwhy/nobonk/ml/AlertPolicy.kt (10715 chars)
2026-08-31 07:37:59 | PASS 164 · AlertPolicy.kt — generated; running tests…
2026-08-31 07:38:00 | PASS 164 · AlertPolicy.kt — no change
2026-08-31 07:38:10 | PASS 164 · AnalyticsEngine.kt — coding-lane hardening…
GLM_OK: rewrote app/src/main/java/ai/genwhy/nobonk/analytics/AnalyticsEngine.kt (10520 chars)
2026-08-31 07:43:18 | PASS 164 · AnalyticsEngine.kt — generated; running tests…
2026-08-31 07:43:19 | PASS 164 · AnalyticsEngine.kt — no change
2026-08-31 07:43:29 | PASS 165 · Nms.kt — coding-lane hardening…
GLM_OK: rewrote app/src/main/java/ai/genwhy/nobonk/ml/Nms.kt (5113 chars)
2026-08-31 07:46:34 | PASS 165 · Nms.kt — generated; running tests…
2026-08-31 07:46:35 | PASS 165 · Nms.kt — no change
2026-08-31 07:46:45 | PASS 165 · LowLight.kt — coding-lane hardening…
GLM_OK: rewrote app/src/main/java/ai/genwhy/nobonk/ml/LowLight.kt (5393 chars)
2026-08-31 07:50:30 | PASS 165 · LowLight.kt — generated; running tests…
2026-08-31 07:50:30 | PASS 165 · LowLight.kt — no change
2026-08-31 07:50:40 | PASS 165 · Letterbox.kt — coding-lane hardening…
GLM_OK: rewrote app/src/main/java/ai/genwhy/nobonk/ml/Letterbox.kt (5876 chars)
2026-08-31 07:54:40 | PASS 165 · Letterbox.kt — generated; running tests…
2026-08-31 07:54:40 | PASS 165 · Letterbox.kt — no change
2026-08-31 07:54:50 | PASS 165 · Detection.kt — coding-lane hardening…
GLM_OK: rewrote app/src/main/java/ai/genwhy/nobonk/model/Detection.kt (6857 chars)
2026-08-31 08:02:10 | PASS 165 · Detection.kt — generated; running tests…
2026-08-31 08:02:11 | PASS 165 · Detection.kt — no change
2026-08-31 08:02:21 | PASS 165 · NormBox.kt — coding-lane hardening…
GLM_OK: rewrote app/src/main/java/ai/genwhy/nobonk/model/NormBox.kt (5440 chars)
2026-08-31 08:10:59 | PASS 165 · NormBox.kt — generated; running tests…
2026-08-31 08:10:59 | PASS 165 · NormBox.kt — no change
2026-08-31 08:11:09 | PASS 165 · SensorMonitor.kt — coding-lane hardening…
GLM_OK: rewrote app/src/main/java/ai/genwhy/nobonk/ml/SensorMonitor.kt (8834 chars)
2026-08-31 08:18:02 | PASS 165 · SensorMonitor.kt — generated; running tests…
2026-08-31 08:18:03 | PASS 165 · SensorMonitor.kt — no change
2026-08-31 08:18:13 | PASS 165 · DetectionEvent.kt — coding-lane hardening…
GLM_OK: rewrote app/src/main/java/ai/genwhy/nobonk/data/DetectionEvent.kt (8830 chars)
2026-08-31 08:23:49 | PASS 165 · DetectionEvent.kt — generated; running tests…
2026-08-31 08:23:54 | PASS 165 · DetectionEvent.kt — TESTS GREEN, committed
2026-08-31 08:23:56 |   pushed to origin
2026-08-31 08:24:06 | PASS 165 · AlertPolicy.kt — coding-lane hardening…
GLM_OK: rewrote app/src/main/java/ai/genwhy/nobonk/ml/AlertPolicy.kt (10715 chars)
2026-08-31 08:31:12 | PASS 165 · AlertPolicy.kt — generated; running tests…
2026-08-31 08:31:13 | PASS 165 · AlertPolicy.kt — no change
2026-08-31 08:31:23 | PASS 165 · AnalyticsEngine.kt — coding-lane hardening…
GLM_OK: rewrote app/src/main/java/ai/genwhy/nobonk/analytics/AnalyticsEngine.kt (10520 chars)
2026-08-31 08:43:07 | PASS 165 · AnalyticsEngine.kt — generated; running tests…
2026-08-31 08:43:07 | PASS 165 · AnalyticsEngine.kt — no change
2026-08-31 08:43:17 | PASS 166 · Nms.kt — coding-lane hardening…
GLM_OK: rewrote app/src/main/java/ai/genwhy/nobonk/ml/Nms.kt (5113 chars)
2026-08-31 08:48:33 | PASS 166 · Nms.kt — generated; running tests…
2026-08-31 08:48:33 | PASS 166 · Nms.kt — no change
2026-08-31 08:48:43 | PASS 166 · LowLight.kt — coding-lane hardening…
GLM_OK: rewrote app/src/main/java/ai/genwhy/nobonk/ml/LowLight.kt (5393 chars)
2026-08-31 08:57:55 | PASS 166 · LowLight.kt — generated; running tests…
2026-08-31 08:57:56 | PASS 166 · LowLight.kt — no change
2026-08-31 08:58:06 | PASS 166 · Letterbox.kt — coding-lane hardening…
GLM_OK: rewrote app/src/main/java/ai/genwhy/nobonk/ml/Letterbox.kt (5876 chars)
2026-08-31 09:09:10 | PASS 166 · Letterbox.kt — generated; running tests…
2026-08-31 09:09:11 | PASS 166 · Letterbox.kt — no change
2026-08-31 09:09:21 | PASS 166 · Detection.kt — coding-lane hardening…
GLM_OK: rewrote app/src/main/java/ai/genwhy/nobonk/model/Detection.kt (6857 chars)
2026-08-31 09:18:24 | PASS 166 · Detection.kt — generated; running tests…
2026-08-31 09:18:25 | PASS 166 · Detection.kt — no change
2026-08-31 09:18:35 | PASS 166 · NormBox.kt — coding-lane hardening…
GLM_OK: rewrote app/src/main/java/ai/genwhy/nobonk/model/NormBox.kt (5440 chars)
2026-08-31 09:28:15 | PASS 166 · NormBox.kt — generated; running tests…
2026-08-31 09:28:16 | PASS 166 · NormBox.kt — no change
2026-08-31 09:28:26 | PASS 166 · SensorMonitor.kt — coding-lane hardening…
GLM_OK: rewrote app/src/main/java/ai/genwhy/nobonk/ml/SensorMonitor.kt (8834 chars)
2026-08-31 09:41:05 | PASS 166 · SensorMonitor.kt — generated; running tests…
2026-08-31 09:41:06 | PASS 166 · SensorMonitor.kt — no change
2026-08-31 09:41:16 | PASS 166 · DetectionEvent.kt — coding-lane hardening…
GLM_OK: rewrote app/src/main/java/ai/genwhy/nobonk/data/DetectionEvent.kt (8886 chars)
2026-08-31 09:47:42 | PASS 166 · DetectionEvent.kt — generated; running tests…
2026-08-31 09:47:44 | PASS 166 · DetectionEvent.kt — TESTS GREEN, committed
2026-08-31 09:47:46 |   pushed to origin
2026-08-31 09:47:56 | PASS 166 · AlertPolicy.kt — coding-lane hardening…
GLM_OK: rewrote app/src/main/java/ai/genwhy/nobonk/ml/AlertPolicy.kt (10715 chars)
2026-08-31 09:55:56 | PASS 166 · AlertPolicy.kt — generated; running tests…
2026-08-31 09:55:57 | PASS 166 · AlertPolicy.kt — no change
2026-08-31 09:56:07 | PASS 166 · AnalyticsEngine.kt — coding-lane hardening…
GLM_OK: rewrote app/src/main/java/ai/genwhy/nobonk/analytics/AnalyticsEngine.kt (10520 chars)
2026-08-31 10:06:37 | PASS 166 · AnalyticsEngine.kt — generated; running tests…
2026-08-31 10:06:38 | PASS 166 · AnalyticsEngine.kt — no change
2026-08-31 10:06:48 | PASS 167 · Nms.kt — coding-lane hardening…
GLM_OK: rewrote app/src/main/java/ai/genwhy/nobonk/ml/Nms.kt (5113 chars)
2026-08-31 10:13:17 | PASS 167 · Nms.kt — generated; running tests…
2026-08-31 10:13:18 | PASS 167 · Nms.kt — no change
2026-08-31 10:13:28 | PASS 167 · LowLight.kt — coding-lane hardening…
GLM_OK: rewrote app/src/main/java/ai/genwhy/nobonk/ml/LowLight.kt (5393 chars)
2026-08-31 10:19:10 | PASS 167 · LowLight.kt — generated; running tests…
2026-08-31 10:19:10 | PASS 167 · LowLight.kt — no change
2026-08-31 10:19:20 | PASS 167 · Letterbox.kt — coding-lane hardening…
GLM_OK: rewrote app/src/main/java/ai/genwhy/nobonk/ml/Letterbox.kt (5876 chars)
2026-08-31 10:24:38 | PASS 167 · Letterbox.kt — generated; running tests…
2026-08-31 10:24:39 | PASS 167 · Letterbox.kt — no change
2026-08-31 10:24:49 | PASS 167 · Detection.kt — coding-lane hardening…
GLM_OK: rewrote app/src/main/java/ai/genwhy/nobonk/model/Detection.kt (6857 chars)
2026-08-31 10:27:53 | PASS 167 · Detection.kt — generated; running tests…
2026-08-31 10:27:54 | PASS 167 · Detection.kt — no change
2026-08-31 10:28:04 | PASS 167 · NormBox.kt — coding-lane hardening…
GLM_OK: rewrote app/src/main/java/ai/genwhy/nobonk/model/NormBox.kt (5440 chars)
2026-08-31 10:36:24 | PASS 167 · NormBox.kt — generated; running tests…
2026-08-31 10:36:25 | PASS 167 · NormBox.kt — no change
2026-08-31 10:36:35 | PASS 167 · SensorMonitor.kt — coding-lane hardening…
GLM_OK: rewrote app/src/main/java/ai/genwhy/nobonk/ml/SensorMonitor.kt (8834 chars)
2026-08-31 10:45:29 | PASS 167 · SensorMonitor.kt — generated; running tests…
2026-08-31 10:45:30 | PASS 167 · SensorMonitor.kt — no change
2026-08-31 10:45:40 | PASS 167 · DetectionEvent.kt — coding-lane hardening…
GLM_OK: rewrote app/src/main/java/ai/genwhy/nobonk/data/DetectionEvent.kt (8801 chars)
2026-08-31 10:50:51 | PASS 167 · DetectionEvent.kt — generated; running tests…
2026-08-31 10:50:53 | PASS 167 · DetectionEvent.kt — TESTS GREEN, committed
2026-08-31 10:50:55 |   pushed to origin
2026-08-31 10:51:05 | PASS 167 · AlertPolicy.kt — coding-lane hardening…
GLM_OK: rewrote app/src/main/java/ai/genwhy/nobonk/ml/AlertPolicy.kt (10715 chars)
2026-08-31 10:56:36 | PASS 167 · AlertPolicy.kt — generated; running tests…
2026-08-31 10:56:37 | PASS 167 · AlertPolicy.kt — no change
2026-08-31 10:56:47 | PASS 167 · AnalyticsEngine.kt — coding-lane hardening…
GLM_OK: rewrote app/src/main/java/ai/genwhy/nobonk/analytics/AnalyticsEngine.kt (10520 chars)
2026-08-31 11:03:50 | PASS 167 · AnalyticsEngine.kt — generated; running tests…
2026-08-31 11:03:51 | PASS 167 · AnalyticsEngine.kt — no change
2026-08-31 11:04:01 | PASS 168 · Nms.kt — coding-lane hardening…
GLM_OK: rewrote app/src/main/java/ai/genwhy/nobonk/ml/Nms.kt (5107 chars)
2026-08-31 11:10:41 | PASS 168 · Nms.kt — generated; running tests…
2026-08-31 11:10:43 | PASS 168 · Nms.kt — TESTS GREEN, committed
2026-08-31 11:10:45 |   pushed to origin
2026-08-31 11:10:55 | PASS 168 · LowLight.kt — coding-lane hardening…
GLM_OK: rewrote app/src/main/java/ai/genwhy/nobonk/ml/LowLight.kt (5393 chars)
2026-08-31 11:17:58 | PASS 168 · LowLight.kt — generated; running tests…
2026-08-31 11:17:58 | PASS 168 · LowLight.kt — no change
2026-08-31 11:18:08 | PASS 168 · Letterbox.kt — coding-lane hardening…
GLM_OK: rewrote app/src/main/java/ai/genwhy/nobonk/ml/Letterbox.kt (5876 chars)
2026-08-31 11:22:41 | PASS 168 · Letterbox.kt — generated; running tests…
2026-08-31 11:22:41 | PASS 168 · Letterbox.kt — no change
2026-08-31 11:22:51 | PASS 168 · Detection.kt — coding-lane hardening…
GLM_OK: rewrote app/src/main/java/ai/genwhy/nobonk/model/Detection.kt (6857 chars)
2026-08-31 11:27:55 | PASS 168 · Detection.kt — generated; running tests…
2026-08-31 11:27:56 | PASS 168 · Detection.kt — no change
2026-08-31 11:28:06 | PASS 168 · NormBox.kt — coding-lane hardening…
GLM_OK: rewrote app/src/main/java/ai/genwhy/nobonk/model/NormBox.kt (5440 chars)
2026-08-31 11:34:08 | PASS 168 · NormBox.kt — generated; running tests…
2026-08-31 11:34:09 | PASS 168 · NormBox.kt — no change
2026-08-31 11:34:19 | PASS 168 · SensorMonitor.kt — coding-lane hardening…
GLM_OK: rewrote app/src/main/java/ai/genwhy/nobonk/ml/SensorMonitor.kt (8834 chars)
2026-08-31 11:43:39 | PASS 168 · SensorMonitor.kt — generated; running tests…
2026-08-31 11:43:40 | PASS 168 · SensorMonitor.kt — no change
2026-08-31 11:43:50 | PASS 168 · DetectionEvent.kt — coding-lane hardening…
GLM_OK: rewrote app/src/main/java/ai/genwhy/nobonk/data/DetectionEvent.kt (8801 chars)
2026-08-31 11:54:29 | PASS 168 · DetectionEvent.kt — generated; running tests…
2026-08-31 11:54:30 | PASS 168 · DetectionEvent.kt — no change
2026-08-31 11:54:40 | PASS 168 · AlertPolicy.kt — coding-lane hardening…
GLM_OK: rewrote app/src/main/java/ai/genwhy/nobonk/ml/AlertPolicy.kt (10715 chars)
2026-08-31 12:01:12 | PASS 168 · AlertPolicy.kt — generated; running tests…
2026-08-31 12:01:13 | PASS 168 · AlertPolicy.kt — no change
2026-08-31 12:01:23 | PASS 168 · AnalyticsEngine.kt — coding-lane hardening…
GLM_OK: rewrote app/src/main/java/ai/genwhy/nobonk/analytics/AnalyticsEngine.kt (10703 chars)
2026-08-31 12:07:39 | PASS 168 · AnalyticsEngine.kt — generated; running tests…
2026-08-31 12:07:41 | PASS 168 · AnalyticsEngine.kt — TESTS GREEN, committed
2026-08-31 12:07:43 |   pushed to origin
2026-08-31 12:07:53 | PASS 169 · Nms.kt — coding-lane hardening…
GLM_OK: rewrote app/src/main/java/ai/genwhy/nobonk/ml/Nms.kt (5107 chars)
2026-08-31 12:11:25 | PASS 169 · Nms.kt — generated; running tests…
2026-08-31 12:11:26 | PASS 169 · Nms.kt — no change
2026-08-31 12:11:36 | PASS 169 · LowLight.kt — coding-lane hardening…
GLM_OK: rewrote app/src/main/java/ai/genwhy/nobonk/ml/LowLight.kt (5393 chars)
2026-08-31 12:20:26 | PASS 169 · LowLight.kt — generated; running tests…
2026-08-31 12:20:27 | PASS 169 · LowLight.kt — no change
2026-08-31 12:20:37 | PASS 169 · Letterbox.kt — coding-lane hardening…
GLM_OK: rewrote app/src/main/java/ai/genwhy/nobonk/ml/Letterbox.kt (5876 chars)
2026-08-31 12:25:54 | PASS 169 · Letterbox.kt — generated; running tests…
2026-08-31 12:25:55 | PASS 169 · Letterbox.kt — no change
2026-08-31 12:26:05 | PASS 169 · Detection.kt — coding-lane hardening…
GLM_OK: rewrote app/src/main/java/ai/genwhy/nobonk/model/Detection.kt (6857 chars)
2026-08-31 12:35:13 | PASS 169 · Detection.kt — generated; running tests…
2026-08-31 12:35:14 | PASS 169 · Detection.kt — no change
2026-08-31 12:35:24 | PASS 169 · NormBox.kt — coding-lane hardening…
GLM_OK: rewrote app/src/main/java/ai/genwhy/nobonk/model/NormBox.kt (5440 chars)
2026-08-31 12:46:26 | PASS 169 · NormBox.kt — generated; running tests…
2026-08-31 12:46:27 | PASS 169 · NormBox.kt — no change
2026-08-31 12:46:37 | PASS 169 · SensorMonitor.kt — coding-lane hardening…
GLM_OK: rewrote app/src/main/java/ai/genwhy/nobonk/ml/SensorMonitor.kt (8834 chars)
2026-08-31 12:53:48 | PASS 169 · SensorMonitor.kt — generated; running tests…
2026-08-31 12:53:49 | PASS 169 · SensorMonitor.kt — no change
2026-08-31 12:53:59 | PASS 169 · DetectionEvent.kt — coding-lane hardening…
GLM_OK: rewrote app/src/main/java/ai/genwhy/nobonk/data/DetectionEvent.kt (8888 chars)
2026-08-31 12:58:04 | PASS 169 · DetectionEvent.kt — generated; running tests…
2026-08-31 12:58:06 | PASS 169 · DetectionEvent.kt — TESTS GREEN, committed
2026-08-31 12:58:09 |   pushed to origin
2026-08-31 12:58:19 | PASS 169 · AlertPolicy.kt — coding-lane hardening…
GLM_OK: rewrote app/src/main/java/ai/genwhy/nobonk/ml/AlertPolicy.kt (10715 chars)
2026-08-31 13:04:34 | PASS 169 · AlertPolicy.kt — generated; running tests…
2026-08-31 13:04:35 | PASS 169 · AlertPolicy.kt — no change
2026-08-31 13:04:45 | PASS 169 · AnalyticsEngine.kt — coding-lane hardening…
GLM_OK: rewrote app/src/main/java/ai/genwhy/nobonk/analytics/AnalyticsEngine.kt (10703 chars)
2026-08-31 13:14:22 | PASS 169 · AnalyticsEngine.kt — generated; running tests…
2026-08-31 13:14:23 | PASS 169 · AnalyticsEngine.kt — no change
2026-08-31 13:14:33 | PASS 170 · Nms.kt — coding-lane hardening…
GLM_OK: rewrote app/src/main/java/ai/genwhy/nobonk/ml/Nms.kt (5107 chars)
2026-08-31 13:20:08 | PASS 170 · Nms.kt — generated; running tests…
2026-08-31 13:20:08 | PASS 170 · Nms.kt — no change
2026-08-31 13:20:18 | PASS 170 · LowLight.kt — coding-lane hardening…
GLM_OK: rewrote app/src/main/java/ai/genwhy/nobonk/ml/LowLight.kt (5393 chars)
2026-08-31 13:30:35 | PASS 170 · LowLight.kt — generated; running tests…
2026-08-31 13:30:36 | PASS 170 · LowLight.kt — no change
2026-08-31 13:30:46 | PASS 170 · Letterbox.kt — coding-lane hardening…
GLM_OK: rewrote app/src/main/java/ai/genwhy/nobonk/ml/Letterbox.kt (5876 chars)
2026-08-31 13:40:38 | PASS 170 · Letterbox.kt — generated; running tests…
2026-08-31 13:40:39 | PASS 170 · Letterbox.kt — no change
2026-08-31 13:40:49 | PASS 170 · Detection.kt — coding-lane hardening…
GLM_OK: rewrote app/src/main/java/ai/genwhy/nobonk/model/Detection.kt (6857 chars)
2026-08-31 13:46:41 | PASS 170 · Detection.kt — generated; running tests…
2026-08-31 13:46:42 | PASS 170 · Detection.kt — no change
2026-08-31 13:46:52 | PASS 170 · NormBox.kt — coding-lane hardening…
GLM_OK: rewrote app/src/main/java/ai/genwhy/nobonk/model/NormBox.kt (5440 chars)
2026-08-31 13:50:42 | PASS 170 · NormBox.kt — generated; running tests…
2026-08-31 13:50:43 | PASS 170 · NormBox.kt — no change
2026-08-31 13:50:53 | PASS 170 · SensorMonitor.kt — coding-lane hardening…
GLM_OK: rewrote app/src/main/java/ai/genwhy/nobonk/ml/SensorMonitor.kt (8858 chars)
2026-08-31 13:59:02 | PASS 170 · SensorMonitor.kt — generated; running tests…
e: file:///home/onikita/projects/nobonk/app/src/main/java/ai/genwhy/nobonk/ml/SensorMonitor.kt:9:20 Unresolved reference 'toDegrees'.
e: file:///home/onikita/projects/nobonk/app/src/main/java/ai/genwhy/nobonk/ml/SensorMonitor.kt:182:9 Unresolved reference 'toDegrees'.

FAILURE: Build failed with an exception.

* What went wrong:
Execution failed for task ':app:compileDebugKotlin'.
> A failure occurred while executing org.jetbrains.kotlin.compilerRunner.GradleCompilerRunnerWithWorkers$GradleKotlinCompilerWorkAction
   > Compilation error. See log for more details

* Try:
> Run with --stacktrace option to get the stack trace.
> Run with --info or --debug option to get more log output.
> Run with --scan to generate a Build Scan (powered by Develocity).
> Get more help at https://help.gradle.org.

BUILD FAILED in 978ms
2026-08-31 13:59:03 | PASS 170 · SensorMonitor.kt — TESTS FAILED, reverted
2026-08-31 13:59:13 | PASS 170 · DetectionEvent.kt — coding-lane hardening…
GLM_OK: rewrote app/src/main/java/ai/genwhy/nobonk/data/DetectionEvent.kt (8888 chars)
2026-08-31 14:05:40 | PASS 170 · DetectionEvent.kt — generated; running tests…
2026-08-31 14:05:41 | PASS 170 · DetectionEvent.kt — no change
2026-08-31 14:05:51 | PASS 170 · AlertPolicy.kt — coding-lane hardening…
GLM_OK: rewrote app/src/main/java/ai/genwhy/nobonk/ml/AlertPolicy.kt (10715 chars)
2026-08-31 14:14:41 | PASS 170 · AlertPolicy.kt — generated; running tests…
2026-08-31 14:14:42 | PASS 170 · AlertPolicy.kt — no change
2026-08-31 14:14:52 | PASS 170 · AnalyticsEngine.kt — coding-lane hardening…
GLM_OK: rewrote app/src/main/java/ai/genwhy/nobonk/analytics/AnalyticsEngine.kt (10703 chars)
2026-08-31 14:25:29 | PASS 170 · AnalyticsEngine.kt — generated; running tests…
2026-08-31 14:25:30 | PASS 170 · AnalyticsEngine.kt — no change
2026-08-31 14:25:40 | PASS 171 · Nms.kt — coding-lane hardening…
GLM_OK: rewrote app/src/main/java/ai/genwhy/nobonk/ml/Nms.kt (5107 chars)
2026-08-31 14:34:48 | PASS 171 · Nms.kt — generated; running tests…
2026-08-31 14:34:49 | PASS 171 · Nms.kt — no change
2026-08-31 14:34:59 | PASS 171 · LowLight.kt — coding-lane hardening…
GLM_OK: rewrote app/src/main/java/ai/genwhy/nobonk/ml/LowLight.kt (5393 chars)
2026-08-31 14:40:16 | PASS 171 · LowLight.kt — generated; running tests…
2026-08-31 14:40:17 | PASS 171 · LowLight.kt — no change
2026-08-31 14:40:27 | PASS 171 · Letterbox.kt — coding-lane hardening…
GLM_OK: rewrote app/src/main/java/ai/genwhy/nobonk/ml/Letterbox.kt (5876 chars)
2026-08-31 14:48:17 | PASS 171 · Letterbox.kt — generated; running tests…
2026-08-31 14:48:18 | PASS 171 · Letterbox.kt — no change
2026-08-31 14:48:28 | PASS 171 · Detection.kt — coding-lane hardening…
GLM_OK: rewrote app/src/main/java/ai/genwhy/nobonk/model/Detection.kt (6857 chars)
2026-08-31 14:56:34 | PASS 171 · Detection.kt — generated; running tests…
2026-08-31 14:56:35 | PASS 171 · Detection.kt — no change
2026-08-31 14:56:45 | PASS 171 · NormBox.kt — coding-lane hardening…
GLM_OK: rewrote app/src/main/java/ai/genwhy/nobonk/model/NormBox.kt (5440 chars)
2026-08-31 15:03:10 | PASS 171 · NormBox.kt — generated; running tests…
2026-08-31 15:03:10 | PASS 171 · NormBox.kt — no change
2026-08-31 15:03:20 | PASS 171 · SensorMonitor.kt — coding-lane hardening…
GLM_OK: rewrote app/src/main/java/ai/genwhy/nobonk/ml/SensorMonitor.kt (8834 chars)
2026-08-31 15:08:19 | PASS 171 · SensorMonitor.kt — generated; running tests…
2026-08-31 15:08:20 | PASS 171 · SensorMonitor.kt — no change
2026-08-31 15:08:30 | PASS 171 · DetectionEvent.kt — coding-lane hardening…
GLM_OK: rewrote app/src/main/java/ai/genwhy/nobonk/data/DetectionEvent.kt (8902 chars)
2026-08-31 15:26:58 | PASS 171 · DetectionEvent.kt — generated; running tests…
2026-08-31 15:26:59 | PASS 171 · DetectionEvent.kt — TESTS GREEN, committed
2026-08-31 15:27:01 |   pushed to origin
2026-08-31 15:27:11 | PASS 171 · AlertPolicy.kt — coding-lane hardening…
GLM_OK: rewrote app/src/main/java/ai/genwhy/nobonk/ml/AlertPolicy.kt (10715 chars)
2026-08-31 15:35:36 | PASS 171 · AlertPolicy.kt — generated; running tests…
2026-08-31 15:35:37 | PASS 171 · AlertPolicy.kt — no change
2026-08-31 15:35:47 | PASS 171 · AnalyticsEngine.kt — coding-lane hardening…
GLM_OK: rewrote app/src/main/java/ai/genwhy/nobonk/analytics/AnalyticsEngine.kt (10618 chars)
2026-08-31 15:53:39 | PASS 171 · AnalyticsEngine.kt — generated; running tests…
2026-08-31 15:53:41 | PASS 171 · AnalyticsEngine.kt — TESTS GREEN, committed
2026-08-31 15:53:43 |   pushed to origin
2026-08-31 15:53:53 | PASS 172 · Nms.kt — coding-lane hardening…
GLM_OK: rewrote app/src/main/java/ai/genwhy/nobonk/ml/Nms.kt (5107 chars)
2026-08-31 16:02:02 | PASS 172 · Nms.kt — generated; running tests…
2026-08-31 16:02:03 | PASS 172 · Nms.kt — no change
2026-08-31 16:02:13 | PASS 172 · LowLight.kt — coding-lane hardening…
GLM_OK: rewrote app/src/main/java/ai/genwhy/nobonk/ml/LowLight.kt (5393 chars)
2026-08-31 16:08:18 | PASS 172 · LowLight.kt — generated; running tests…
2026-08-31 16:08:19 | PASS 172 · LowLight.kt — no change
2026-08-31 16:08:29 | PASS 172 · Letterbox.kt — coding-lane hardening…
GLM_OK: rewrote app/src/main/java/ai/genwhy/nobonk/ml/Letterbox.kt (5876 chars)
2026-08-31 16:15:59 | PASS 172 · Letterbox.kt — generated; running tests…
2026-08-31 16:16:00 | PASS 172 · Letterbox.kt — no change
2026-08-31 16:16:10 | PASS 172 · Detection.kt — coding-lane hardening…
GLM_OK: rewrote app/src/main/java/ai/genwhy/nobonk/model/Detection.kt (6857 chars)
2026-08-31 16:24:14 | PASS 172 · Detection.kt — generated; running tests…
2026-08-31 16:24:15 | PASS 172 · Detection.kt — no change
2026-08-31 16:24:25 | PASS 172 · NormBox.kt — coding-lane hardening…
GLM_OK: rewrote app/src/main/java/ai/genwhy/nobonk/model/NormBox.kt (5440 chars)
2026-08-31 16:30:02 | PASS 172 · NormBox.kt — generated; running tests…
2026-08-31 16:30:03 | PASS 172 · NormBox.kt — no change
2026-08-31 16:30:13 | PASS 172 · SensorMonitor.kt — coding-lane hardening…
GLM_OK: rewrote app/src/main/java/ai/genwhy/nobonk/ml/SensorMonitor.kt (8834 chars)
2026-08-31 16:35:04 | PASS 172 · SensorMonitor.kt — generated; running tests…
2026-08-31 16:35:05 | PASS 172 · SensorMonitor.kt — no change
2026-08-31 16:35:15 | PASS 172 · DetectionEvent.kt — coding-lane hardening…
GLM_OK: rewrote app/src/main/java/ai/genwhy/nobonk/data/DetectionEvent.kt (8902 chars)
2026-08-31 16:44:37 | PASS 172 · DetectionEvent.kt — generated; running tests…
2026-08-31 16:44:38 | PASS 172 · DetectionEvent.kt — no change
2026-08-31 16:44:48 | PASS 172 · AlertPolicy.kt — coding-lane hardening…
GLM_OK: rewrote app/src/main/java/ai/genwhy/nobonk/ml/AlertPolicy.kt (10715 chars)
2026-08-31 16:58:26 | PASS 172 · AlertPolicy.kt — generated; running tests…
2026-08-31 16:58:27 | PASS 172 · AlertPolicy.kt — no change
2026-08-31 16:58:37 | PASS 172 · AnalyticsEngine.kt — coding-lane hardening…
GLM_OK: rewrote app/src/main/java/ai/genwhy/nobonk/analytics/AnalyticsEngine.kt (10618 chars)
2026-08-31 17:03:53 | PASS 172 · AnalyticsEngine.kt — generated; running tests…
2026-08-31 17:03:54 | PASS 172 · AnalyticsEngine.kt — no change
2026-08-31 17:04:04 | PASS 173 · Nms.kt — coding-lane hardening…
GLM_OK: rewrote app/src/main/java/ai/genwhy/nobonk/ml/Nms.kt (5107 chars)
2026-08-31 17:08:28 | PASS 173 · Nms.kt — generated; running tests…
2026-08-31 17:08:29 | PASS 173 · Nms.kt — no change
2026-08-31 17:08:39 | PASS 173 · LowLight.kt — coding-lane hardening…
GLM_OK: rewrote app/src/main/java/ai/genwhy/nobonk/ml/LowLight.kt (5393 chars)
2026-08-31 17:14:33 | PASS 173 · LowLight.kt — generated; running tests…
2026-08-31 17:14:34 | PASS 173 · LowLight.kt — no change
2026-08-31 17:14:44 | PASS 173 · Letterbox.kt — coding-lane hardening…
GLM_OK: rewrote app/src/main/java/ai/genwhy/nobonk/ml/Letterbox.kt (5876 chars)
2026-08-31 17:22:45 | PASS 173 · Letterbox.kt — generated; running tests…
2026-08-31 17:22:45 | PASS 173 · Letterbox.kt — no change
2026-08-31 17:22:55 | PASS 173 · Detection.kt — coding-lane hardening…
GLM_OK: rewrote app/src/main/java/ai/genwhy/nobonk/model/Detection.kt (6857 chars)
2026-08-31 17:32:58 | PASS 173 · Detection.kt — generated; running tests…
2026-08-31 17:32:59 | PASS 173 · Detection.kt — no change
2026-08-31 17:33:09 | PASS 173 · NormBox.kt — coding-lane hardening…
GLM_OK: rewrote app/src/main/java/ai/genwhy/nobonk/model/NormBox.kt (5440 chars)
2026-08-31 17:39:09 | PASS 173 · NormBox.kt — generated; running tests…
2026-08-31 17:39:10 | PASS 173 · NormBox.kt — no change
2026-08-31 17:39:20 | PASS 173 · SensorMonitor.kt — coding-lane hardening…
GLM_OK: rewrote app/src/main/java/ai/genwhy/nobonk/ml/SensorMonitor.kt (8834 chars)
2026-08-31 17:48:49 | PASS 173 · SensorMonitor.kt — generated; running tests…
2026-08-31 17:48:49 | PASS 173 · SensorMonitor.kt — no change
2026-08-31 17:48:59 | PASS 173 · DetectionEvent.kt — coding-lane hardening…
GLM_OK: rewrote app/src/main/java/ai/genwhy/nobonk/data/DetectionEvent.kt (8902 chars)
2026-08-31 17:56:44 | PASS 173 · DetectionEvent.kt — generated; running tests…
2026-08-31 17:56:45 | PASS 173 · DetectionEvent.kt — no change
2026-08-31 17:56:55 | PASS 173 · AlertPolicy.kt — coding-lane hardening…
GLM_OK: rewrote app/src/main/java/ai/genwhy/nobonk/ml/AlertPolicy.kt (10715 chars)
2026-08-31 18:05:04 | PASS 173 · AlertPolicy.kt — generated; running tests…
2026-08-31 18:05:04 | PASS 173 · AlertPolicy.kt — no change
2026-08-31 18:05:14 | PASS 173 · AnalyticsEngine.kt — coding-lane hardening…
GLM_OK: rewrote app/src/main/java/ai/genwhy/nobonk/analytics/AnalyticsEngine.kt (10618 chars)
2026-08-31 18:14:17 | PASS 173 · AnalyticsEngine.kt — generated; running tests…
2026-08-31 18:14:18 | PASS 173 · AnalyticsEngine.kt — no change
2026-08-31 18:14:28 | PASS 174 · Nms.kt — coding-lane hardening…
GLM_OK: rewrote app/src/main/java/ai/genwhy/nobonk/ml/Nms.kt (5107 chars)
2026-08-31 18:20:34 | PASS 174 · Nms.kt — generated; running tests…
2026-08-31 18:20:35 | PASS 174 · Nms.kt — no change
2026-08-31 18:20:45 | PASS 174 · LowLight.kt — coding-lane hardening…
GLM_OK: rewrote app/src/main/java/ai/genwhy/nobonk/ml/LowLight.kt (5393 chars)
2026-08-31 18:26:05 | PASS 174 · LowLight.kt — generated; running tests…
2026-08-31 18:26:06 | PASS 174 · LowLight.kt — no change
2026-08-31 18:26:16 | PASS 174 · Letterbox.kt — coding-lane hardening…
GLM_OK: rewrote app/src/main/java/ai/genwhy/nobonk/ml/Letterbox.kt (5876 chars)
2026-08-31 18:35:41 | PASS 174 · Letterbox.kt — generated; running tests…
2026-08-31 18:35:42 | PASS 174 · Letterbox.kt — no change
2026-08-31 18:35:52 | PASS 174 · Detection.kt — coding-lane hardening…
GLM_OK: rewrote app/src/main/java/ai/genwhy/nobonk/model/Detection.kt (6872 chars)
2026-08-31 18:48:31 | PASS 174 · Detection.kt — generated; running tests…
2026-08-31 18:48:36 | PASS 174 · Detection.kt — TESTS GREEN, committed
2026-08-31 18:48:37 |   pushed to origin
2026-08-31 18:48:47 | PASS 174 · NormBox.kt — coding-lane hardening…
GLM_OK: rewrote app/src/main/java/ai/genwhy/nobonk/model/NormBox.kt (5440 chars)
2026-08-31 18:54:59 | PASS 174 · NormBox.kt — generated; running tests…
2026-08-31 18:54:59 | PASS 174 · NormBox.kt — no change
2026-08-31 18:55:09 | PASS 174 · SensorMonitor.kt — coding-lane hardening…
GLM_OK: rewrote app/src/main/java/ai/genwhy/nobonk/ml/SensorMonitor.kt (8834 chars)
2026-08-31 18:59:50 | PASS 174 · SensorMonitor.kt — generated; running tests…
2026-08-31 18:59:50 | PASS 174 · SensorMonitor.kt — no change
2026-08-31 19:00:00 | PASS 174 · DetectionEvent.kt — coding-lane hardening…
GLM_OK: rewrote app/src/main/java/ai/genwhy/nobonk/data/DetectionEvent.kt (8902 chars)
2026-08-31 19:07:01 | PASS 174 · DetectionEvent.kt — generated; running tests…
2026-08-31 19:07:02 | PASS 174 · DetectionEvent.kt — no change
2026-08-31 19:07:12 | PASS 174 · AlertPolicy.kt — coding-lane hardening…
GLM_OK: rewrote app/src/main/java/ai/genwhy/nobonk/ml/AlertPolicy.kt (10715 chars)
2026-08-31 19:14:23 | PASS 174 · AlertPolicy.kt — generated; running tests…
2026-08-31 19:14:24 | PASS 174 · AlertPolicy.kt — no change
2026-08-31 19:14:34 | PASS 174 · AnalyticsEngine.kt — coding-lane hardening…
GLM_OK: rewrote app/src/main/java/ai/genwhy/nobonk/analytics/AnalyticsEngine.kt (10618 chars)
2026-08-31 19:21:40 | PASS 174 · AnalyticsEngine.kt — generated; running tests…
2026-08-31 19:21:41 | PASS 174 · AnalyticsEngine.kt — no change
2026-08-31 19:21:51 | PASS 175 · Nms.kt — coding-lane hardening…
GLM_OK: rewrote app/src/main/java/ai/genwhy/nobonk/ml/Nms.kt (5107 chars)
2026-08-31 19:27:28 | PASS 175 · Nms.kt — generated; running tests…
2026-08-31 19:27:29 | PASS 175 · Nms.kt — no change
2026-08-31 19:27:39 | PASS 175 · LowLight.kt — coding-lane hardening…
GLM_OK: rewrote app/src/main/java/ai/genwhy/nobonk/ml/LowLight.kt (5393 chars)
2026-08-31 19:36:22 | PASS 175 · LowLight.kt — generated; running tests…
2026-08-31 19:36:23 | PASS 175 · LowLight.kt — no change
2026-08-31 19:36:33 | PASS 175 · Letterbox.kt — coding-lane hardening…
GLM_OK: rewrote app/src/main/java/ai/genwhy/nobonk/ml/Letterbox.kt (5876 chars)
2026-08-31 19:42:25 | PASS 175 · Letterbox.kt — generated; running tests…
2026-08-31 19:42:25 | PASS 175 · Letterbox.kt — no change
2026-08-31 19:42:35 | PASS 175 · Detection.kt — coding-lane hardening…
GLM_OK: rewrote app/src/main/java/ai/genwhy/nobonk/model/Detection.kt (6872 chars)
2026-08-31 19:52:31 | PASS 175 · Detection.kt — generated; running tests…
2026-08-31 19:52:32 | PASS 175 · Detection.kt — no change
2026-08-31 19:52:42 | PASS 175 · NormBox.kt — coding-lane hardening…
GLM_OK: rewrote app/src/main/java/ai/genwhy/nobonk/model/NormBox.kt (5440 chars)
2026-08-31 20:01:26 | PASS 175 · NormBox.kt — generated; running tests…
2026-08-31 20:01:27 | PASS 175 · NormBox.kt — no change
2026-08-31 20:01:37 | PASS 175 · SensorMonitor.kt — coding-lane hardening…
GLM_OK: rewrote app/src/main/java/ai/genwhy/nobonk/ml/SensorMonitor.kt (8834 chars)
2026-08-31 20:08:43 | PASS 175 · SensorMonitor.kt — generated; running tests…
2026-08-31 20:08:44 | PASS 175 · SensorMonitor.kt — no change
2026-08-31 20:08:54 | PASS 175 · DetectionEvent.kt — coding-lane hardening…
GLM_OK: rewrote app/src/main/java/ai/genwhy/nobonk/data/DetectionEvent.kt (9025 chars)
2026-08-31 20:17:09 | PASS 175 · DetectionEvent.kt — generated; running tests…
2026-08-31 20:17:12 | PASS 175 · DetectionEvent.kt — TESTS GREEN, committed
2026-08-31 20:17:14 |   pushed to origin
2026-08-31 20:17:24 | PASS 175 · AlertPolicy.kt — coding-lane hardening…
GLM_OK: rewrote app/src/main/java/ai/genwhy/nobonk/ml/AlertPolicy.kt (10715 chars)
2026-08-31 20:25:04 | PASS 175 · AlertPolicy.kt — generated; running tests…
2026-08-31 20:25:05 | PASS 175 · AlertPolicy.kt — no change
2026-08-31 20:25:15 | PASS 175 · AnalyticsEngine.kt — coding-lane hardening…
GLM_OK: rewrote app/src/main/java/ai/genwhy/nobonk/analytics/AnalyticsEngine.kt (10618 chars)
2026-08-31 20:33:12 | PASS 175 · AnalyticsEngine.kt — generated; running tests…
2026-08-31 20:33:13 | PASS 175 · AnalyticsEngine.kt — no change
2026-08-31 20:33:23 | PASS 176 · Nms.kt — coding-lane hardening…
GLM_OK: rewrote app/src/main/java/ai/genwhy/nobonk/ml/Nms.kt (5107 chars)
2026-08-31 20:44:30 | PASS 176 · Nms.kt — generated; running tests…
2026-08-31 20:44:31 | PASS 176 · Nms.kt — no change
2026-08-31 20:44:41 | PASS 176 · LowLight.kt — coding-lane hardening…
GLM_OK: rewrote app/src/main/java/ai/genwhy/nobonk/ml/LowLight.kt (5393 chars)
2026-08-31 20:53:37 | PASS 176 · LowLight.kt — generated; running tests…
2026-08-31 20:53:38 | PASS 176 · LowLight.kt — no change
2026-08-31 20:53:48 | PASS 176 · Letterbox.kt — coding-lane hardening…
GLM_OK: rewrote app/src/main/java/ai/genwhy/nobonk/ml/Letterbox.kt (5876 chars)
2026-08-31 21:05:06 | PASS 176 · Letterbox.kt — generated; running tests…
2026-08-31 21:05:07 | PASS 176 · Letterbox.kt — no change
2026-08-31 21:05:17 | PASS 176 · Detection.kt — coding-lane hardening…
GLM_OK: rewrote app/src/main/java/ai/genwhy/nobonk/model/Detection.kt (6872 chars)
2026-08-31 21:15:12 | PASS 176 · Detection.kt — generated; running tests…
2026-08-31 21:15:13 | PASS 176 · Detection.kt — no change
2026-08-31 21:15:23 | PASS 176 · NormBox.kt — coding-lane hardening…
GLM_OK: rewrote app/src/main/java/ai/genwhy/nobonk/model/NormBox.kt (5440 chars)
2026-08-31 21:24:19 | PASS 176 · NormBox.kt — generated; running tests…
2026-08-31 21:24:19 | PASS 176 · NormBox.kt — no change
2026-08-31 21:24:29 | PASS 176 · SensorMonitor.kt — coding-lane hardening…
GLM_OK: rewrote app/src/main/java/ai/genwhy/nobonk/ml/SensorMonitor.kt (8834 chars)
2026-08-31 21:37:45 | PASS 176 · SensorMonitor.kt — generated; running tests…
2026-08-31 21:37:46 | PASS 176 · SensorMonitor.kt — no change
2026-08-31 21:37:56 | PASS 176 · DetectionEvent.kt — coding-lane hardening…
GLM_OK: rewrote app/src/main/java/ai/genwhy/nobonk/data/DetectionEvent.kt (9197 chars)
2026-08-31 21:52:01 | PASS 176 · DetectionEvent.kt — generated; running tests…
2026-08-31 21:52:03 | PASS 176 · DetectionEvent.kt — TESTS GREEN, committed
2026-08-31 21:52:05 |   pushed to origin
2026-08-31 21:52:15 | PASS 176 · AlertPolicy.kt — coding-lane hardening…
GLM_OK: rewrote app/src/main/java/ai/genwhy/nobonk/ml/AlertPolicy.kt (10715 chars)
2026-08-31 22:06:59 | PASS 176 · AlertPolicy.kt — generated; running tests…
2026-08-31 22:06:59 | PASS 176 · AlertPolicy.kt — no change
2026-08-31 22:07:09 | PASS 176 · AnalyticsEngine.kt — coding-lane hardening…
GLM_OK: rewrote app/src/main/java/ai/genwhy/nobonk/analytics/AnalyticsEngine.kt (10618 chars)
2026-08-31 22:22:12 | PASS 176 · AnalyticsEngine.kt — generated; running tests…
2026-08-31 22:22:13 | PASS 176 · AnalyticsEngine.kt — no change
2026-08-31 22:22:23 | PASS 177 · Nms.kt — coding-lane hardening…
GLM_OK: rewrote app/src/main/java/ai/genwhy/nobonk/ml/Nms.kt (5107 chars)
2026-08-31 22:32:30 | PASS 177 · Nms.kt — generated; running tests…
2026-08-31 22:32:31 | PASS 177 · Nms.kt — no change
2026-08-31 22:32:41 | PASS 177 · LowLight.kt — coding-lane hardening…
GLM_OK: rewrote app/src/main/java/ai/genwhy/nobonk/ml/LowLight.kt (5393 chars)
2026-08-31 22:38:08 | PASS 177 · LowLight.kt — generated; running tests…
2026-08-31 22:38:09 | PASS 177 · LowLight.kt — no change
2026-08-31 22:38:19 | PASS 177 · Letterbox.kt — coding-lane hardening…
GLM_OK: rewrote app/src/main/java/ai/genwhy/nobonk/ml/Letterbox.kt (5876 chars)
2026-08-31 22:46:34 | PASS 177 · Letterbox.kt — generated; running tests…
2026-08-31 22:46:35 | PASS 177 · Letterbox.kt — no change
2026-08-31 22:46:45 | PASS 177 · Detection.kt — coding-lane hardening…
GLM_OK: rewrote app/src/main/java/ai/genwhy/nobonk/model/Detection.kt (6872 chars)
2026-08-31 22:57:38 | PASS 177 · Detection.kt — generated; running tests…
2026-08-31 22:57:39 | PASS 177 · Detection.kt — no change
2026-08-31 22:57:49 | PASS 177 · NormBox.kt — coding-lane hardening…
GLM_OK: rewrote app/src/main/java/ai/genwhy/nobonk/model/NormBox.kt (5440 chars)
2026-08-31 23:07:50 | PASS 177 · NormBox.kt — generated; running tests…
2026-08-31 23:07:50 | PASS 177 · NormBox.kt — no change
2026-08-31 23:08:00 | PASS 177 · SensorMonitor.kt — coding-lane hardening…
GLM_OK: rewrote app/src/main/java/ai/genwhy/nobonk/ml/SensorMonitor.kt (8834 chars)
2026-08-31 23:18:51 | PASS 177 · SensorMonitor.kt — generated; running tests…
2026-08-31 23:18:52 | PASS 177 · SensorMonitor.kt — no change
2026-08-31 23:19:02 | PASS 177 · DetectionEvent.kt — coding-lane hardening…
GLM_OK: rewrote app/src/main/java/ai/genwhy/nobonk/data/DetectionEvent.kt (9197 chars)
2026-08-31 23:33:10 | PASS 177 · DetectionEvent.kt — generated; running tests…
2026-08-31 23:33:11 | PASS 177 · DetectionEvent.kt — no change
2026-08-31 23:33:21 | PASS 177 · AlertPolicy.kt — coding-lane hardening…
GLM_OK: rewrote app/src/main/java/ai/genwhy/nobonk/ml/AlertPolicy.kt (10715 chars)
2026-08-31 23:43:53 | PASS 177 · AlertPolicy.kt — generated; running tests…
2026-08-31 23:43:54 | PASS 177 · AlertPolicy.kt — no change
2026-08-31 23:44:04 | PASS 177 · AnalyticsEngine.kt — coding-lane hardening…
GLM_OK: rewrote app/src/main/java/ai/genwhy/nobonk/analytics/AnalyticsEngine.kt (10618 chars)
2026-08-31 23:54:12 | PASS 177 · AnalyticsEngine.kt — generated; running tests…
2026-08-31 23:54:12 | PASS 177 · AnalyticsEngine.kt — no change
2026-08-31 23:54:22 | PASS 178 · Nms.kt — coding-lane hardening…
GLM_OK: rewrote app/src/main/java/ai/genwhy/nobonk/ml/Nms.kt (5107 chars)
2026-09-01 00:06:17 | PASS 178 · Nms.kt — generated; running tests…
2026-09-01 00:06:18 | PASS 178 · Nms.kt — no change
2026-09-01 00:06:28 | PASS 178 · LowLight.kt — coding-lane hardening…
GLM_OK: rewrote app/src/main/java/ai/genwhy/nobonk/ml/LowLight.kt (5393 chars)
2026-09-01 00:21:10 | PASS 178 · LowLight.kt — generated; running tests…
2026-09-01 00:21:11 | PASS 178 · LowLight.kt — no change
2026-09-01 00:21:21 | PASS 178 · Letterbox.kt — coding-lane hardening…
GLM_OK: rewrote app/src/main/java/ai/genwhy/nobonk/ml/Letterbox.kt (5876 chars)
2026-09-01 00:39:12 | PASS 178 · Letterbox.kt — generated; running tests…
2026-09-01 00:39:13 | PASS 178 · Letterbox.kt — no change
2026-09-01 00:39:23 | PASS 178 · Detection.kt — coding-lane hardening…
GLM_OK: rewrote app/src/main/java/ai/genwhy/nobonk/model/Detection.kt (6872 chars)
2026-09-01 00:54:25 | PASS 178 · Detection.kt — generated; running tests…
2026-09-01 00:54:26 | PASS 178 · Detection.kt — no change
2026-09-01 00:54:36 | PASS 178 · NormBox.kt — coding-lane hardening…
GLM_OK: rewrote app/src/main/java/ai/genwhy/nobonk/model/NormBox.kt (5440 chars)
2026-09-01 01:04:52 | PASS 178 · NormBox.kt — generated; running tests…
2026-09-01 01:04:52 | PASS 178 · NormBox.kt — no change
2026-09-01 01:05:02 | PASS 178 · SensorMonitor.kt — coding-lane hardening…
GLM_OK: rewrote app/src/main/java/ai/genwhy/nobonk/ml/SensorMonitor.kt (8834 chars)
2026-09-01 01:16:15 | PASS 178 · SensorMonitor.kt — generated; running tests…
2026-09-01 01:16:16 | PASS 178 · SensorMonitor.kt — no change
2026-09-01 01:16:26 | PASS 178 · DetectionEvent.kt — coding-lane hardening…
GLM_OK: rewrote app/src/main/java/ai/genwhy/nobonk/data/DetectionEvent.kt (9197 chars)
2026-09-01 01:27:28 | PASS 178 · DetectionEvent.kt — generated; running tests…
2026-09-01 01:27:29 | PASS 178 · DetectionEvent.kt — no change
2026-09-01 01:27:39 | PASS 178 · AlertPolicy.kt — coding-lane hardening…
GLM_OK: rewrote app/src/main/java/ai/genwhy/nobonk/ml/AlertPolicy.kt (10715 chars)
2026-09-01 01:39:56 | PASS 178 · AlertPolicy.kt — generated; running tests…
2026-09-01 01:39:57 | PASS 178 · AlertPolicy.kt — no change
2026-09-01 01:40:07 | PASS 178 · AnalyticsEngine.kt — coding-lane hardening…
GLM_OK: rewrote app/src/main/java/ai/genwhy/nobonk/analytics/AnalyticsEngine.kt (10618 chars)
2026-09-01 01:52:41 | PASS 178 · AnalyticsEngine.kt — generated; running tests…
2026-09-01 01:52:42 | PASS 178 · AnalyticsEngine.kt — no change
2026-09-01 01:52:52 | PASS 179 · Nms.kt — coding-lane hardening…
GLM_OK: rewrote app/src/main/java/ai/genwhy/nobonk/ml/Nms.kt (5107 chars)
2026-09-01 02:05:12 | PASS 179 · Nms.kt — generated; running tests…
2026-09-01 02:05:13 | PASS 179 · Nms.kt — no change
2026-09-01 02:05:23 | PASS 179 · LowLight.kt — coding-lane hardening…
GLM_OK: rewrote app/src/main/java/ai/genwhy/nobonk/ml/LowLight.kt (5393 chars)
2026-09-01 02:15:27 | PASS 179 · LowLight.kt — generated; running tests…
2026-09-01 02:15:28 | PASS 179 · LowLight.kt — no change
2026-09-01 02:15:38 | PASS 179 · Letterbox.kt — coding-lane hardening…
GLM_OK: rewrote app/src/main/java/ai/genwhy/nobonk/ml/Letterbox.kt (5876 chars)
2026-09-01 02:25:05 | PASS 179 · Letterbox.kt — generated; running tests…
2026-09-01 02:25:06 | PASS 179 · Letterbox.kt — no change
2026-09-01 02:25:16 | PASS 179 · Detection.kt — coding-lane hardening…
GLM_OK: rewrote app/src/main/java/ai/genwhy/nobonk/model/Detection.kt (6872 chars)
2026-09-01 02:34:44 | PASS 179 · Detection.kt — generated; running tests…
2026-09-01 02:34:44 | PASS 179 · Detection.kt — no change
2026-09-01 02:34:54 | PASS 179 · NormBox.kt — coding-lane hardening…
GLM_OK: rewrote app/src/main/java/ai/genwhy/nobonk/model/NormBox.kt (5440 chars)
2026-09-01 02:44:37 | PASS 179 · NormBox.kt — generated; running tests…
2026-09-01 02:44:38 | PASS 179 · NormBox.kt — no change
2026-09-01 02:44:48 | PASS 179 · SensorMonitor.kt — coding-lane hardening…
GLM_OK: rewrote app/src/main/java/ai/genwhy/nobonk/ml/SensorMonitor.kt (8834 chars)
2026-09-01 02:57:04 | PASS 179 · SensorMonitor.kt — generated; running tests…
2026-09-01 02:57:05 | PASS 179 · SensorMonitor.kt — no change
2026-09-01 02:57:15 | PASS 179 · DetectionEvent.kt — coding-lane hardening…
GLM_OK: rewrote app/src/main/java/ai/genwhy/nobonk/data/DetectionEvent.kt (9197 chars)
2026-09-01 03:08:08 | PASS 179 · DetectionEvent.kt — generated; running tests…
2026-09-01 03:08:09 | PASS 179 · DetectionEvent.kt — no change
2026-09-01 03:08:19 | PASS 179 · AlertPolicy.kt — coding-lane hardening…
GLM_OK: rewrote app/src/main/java/ai/genwhy/nobonk/ml/AlertPolicy.kt (10715 chars)
2026-09-01 03:25:01 | PASS 179 · AlertPolicy.kt — generated; running tests…
2026-09-01 03:25:02 | PASS 179 · AlertPolicy.kt — no change
2026-09-01 03:25:12 | PASS 179 · AnalyticsEngine.kt — coding-lane hardening…
GLM_OK: rewrote app/src/main/java/ai/genwhy/nobonk/analytics/AnalyticsEngine.kt (10618 chars)
2026-09-01 03:38:04 | PASS 179 · AnalyticsEngine.kt — generated; running tests…
2026-09-01 03:38:05 | PASS 179 · AnalyticsEngine.kt — no change
2026-09-01 03:38:15 | PASS 180 · Nms.kt — coding-lane hardening…
GLM_OK: rewrote app/src/main/java/ai/genwhy/nobonk/ml/Nms.kt (5107 chars)
2026-09-01 03:51:00 | PASS 180 · Nms.kt — generated; running tests…
2026-09-01 03:51:01 | PASS 180 · Nms.kt — no change
2026-09-01 03:51:11 | PASS 180 · LowLight.kt — coding-lane hardening…
GLM_OK: rewrote app/src/main/java/ai/genwhy/nobonk/ml/LowLight.kt (5393 chars)
2026-09-01 04:04:04 | PASS 180 · LowLight.kt — generated; running tests…
2026-09-01 04:04:05 | PASS 180 · LowLight.kt — no change
2026-09-01 04:04:15 | PASS 180 · Letterbox.kt — coding-lane hardening…
GLM_OK: rewrote app/src/main/java/ai/genwhy/nobonk/ml/Letterbox.kt (5876 chars)
2026-09-01 04:17:09 | PASS 180 · Letterbox.kt — generated; running tests…
2026-09-01 04:17:10 | PASS 180 · Letterbox.kt — no change
2026-09-01 04:17:20 | PASS 180 · Detection.kt — coding-lane hardening…
GLM_OK: rewrote app/src/main/java/ai/genwhy/nobonk/model/Detection.kt (6872 chars)
2026-09-01 04:30:08 | PASS 180 · Detection.kt — generated; running tests…
2026-09-01 04:30:08 | PASS 180 · Detection.kt — no change
2026-09-01 04:30:18 | PASS 180 · NormBox.kt — coding-lane hardening…
GLM_OK: rewrote app/src/main/java/ai/genwhy/nobonk/model/NormBox.kt (5440 chars)
2026-09-01 04:41:17 | PASS 180 · NormBox.kt — generated; running tests…
2026-09-01 04:41:18 | PASS 180 · NormBox.kt — no change
2026-09-01 04:41:28 | PASS 180 · SensorMonitor.kt — coding-lane hardening…
GLM_OK: rewrote app/src/main/java/ai/genwhy/nobonk/ml/SensorMonitor.kt (8834 chars)
2026-09-01 04:52:59 | PASS 180 · SensorMonitor.kt — generated; running tests…
2026-09-01 04:53:00 | PASS 180 · SensorMonitor.kt — no change
2026-09-01 04:53:10 | PASS 180 · DetectionEvent.kt — coding-lane hardening…
GLM_OK: rewrote app/src/main/java/ai/genwhy/nobonk/data/DetectionEvent.kt (9197 chars)
2026-09-01 05:06:20 | PASS 180 · DetectionEvent.kt — generated; running tests…
2026-09-01 05:06:21 | PASS 180 · DetectionEvent.kt — no change
2026-09-01 05:06:31 | PASS 180 · AlertPolicy.kt — coding-lane hardening…
GLM_OK: rewrote app/src/main/java/ai/genwhy/nobonk/ml/AlertPolicy.kt (10715 chars)
2026-09-01 05:23:07 | PASS 180 · AlertPolicy.kt — generated; running tests…
2026-09-01 05:23:07 | PASS 180 · AlertPolicy.kt — no change
2026-09-01 05:23:17 | PASS 180 · AnalyticsEngine.kt — coding-lane hardening…
GLM_OK: rewrote app/src/main/java/ai/genwhy/nobonk/analytics/AnalyticsEngine.kt (10618 chars)
2026-09-01 05:38:12 | PASS 180 · AnalyticsEngine.kt — generated; running tests…
2026-09-01 05:38:13 | PASS 180 · AnalyticsEngine.kt — no change
2026-09-01 05:38:23 | PASS 181 · Nms.kt — coding-lane hardening…
GLM_OK: rewrote app/src/main/java/ai/genwhy/nobonk/ml/Nms.kt (5107 chars)
2026-09-01 05:56:39 | PASS 181 · Nms.kt — generated; running tests…
2026-09-01 05:56:40 | PASS 181 · Nms.kt — no change
2026-09-01 05:56:50 | PASS 181 · LowLight.kt — coding-lane hardening…
GLM_OK: rewrote app/src/main/java/ai/genwhy/nobonk/ml/LowLight.kt (5393 chars)
2026-09-01 06:09:18 | PASS 181 · LowLight.kt — generated; running tests…
2026-09-01 06:09:19 | PASS 181 · LowLight.kt — no change
2026-09-01 06:09:29 | PASS 181 · Letterbox.kt — coding-lane hardening…
GLM_OK: rewrote app/src/main/java/ai/genwhy/nobonk/ml/Letterbox.kt (5876 chars)
2026-09-01 06:24:51 | PASS 181 · Letterbox.kt — generated; running tests…
2026-09-01 06:24:52 | PASS 181 · Letterbox.kt — no change
2026-09-01 06:25:02 | PASS 181 · Detection.kt — coding-lane hardening…
GLM_OK: rewrote app/src/main/java/ai/genwhy/nobonk/model/Detection.kt (6872 chars)
2026-09-01 06:44:19 | PASS 181 · Detection.kt — generated; running tests…
2026-09-01 06:44:20 | PASS 181 · Detection.kt — no change
2026-09-01 06:44:30 | PASS 181 · NormBox.kt — coding-lane hardening…
GLM_OK: rewrote app/src/main/java/ai/genwhy/nobonk/model/NormBox.kt (5440 chars)
2026-09-01 06:58:34 | PASS 181 · NormBox.kt — generated; running tests…
2026-09-01 06:58:35 | PASS 181 · NormBox.kt — no change
2026-09-01 06:58:45 | PASS 181 · SensorMonitor.kt — coding-lane hardening…
GLM_OK: rewrote app/src/main/java/ai/genwhy/nobonk/ml/SensorMonitor.kt (8834 chars)
2026-09-01 07:17:52 | PASS 181 · SensorMonitor.kt — generated; running tests…
2026-09-01 07:17:53 | PASS 181 · SensorMonitor.kt — no change
2026-09-01 07:18:03 | PASS 181 · DetectionEvent.kt — coding-lane hardening…
GLM_OK: rewrote app/src/main/java/ai/genwhy/nobonk/data/DetectionEvent.kt (9197 chars)
2026-09-01 07:32:44 | PASS 181 · DetectionEvent.kt — generated; running tests…
2026-09-01 07:32:45 | PASS 181 · DetectionEvent.kt — no change
2026-09-01 07:32:55 | PASS 181 · AlertPolicy.kt — coding-lane hardening…
GLM_OK: rewrote app/src/main/java/ai/genwhy/nobonk/ml/AlertPolicy.kt (10715 chars)
2026-09-01 07:45:01 | PASS 181 · AlertPolicy.kt — generated; running tests…
2026-09-01 07:45:02 | PASS 181 · AlertPolicy.kt — no change
2026-09-01 07:45:12 | PASS 181 · AnalyticsEngine.kt — coding-lane hardening…
GLM_OK: rewrote app/src/main/java/ai/genwhy/nobonk/analytics/AnalyticsEngine.kt (10618 chars)
2026-09-01 08:04:59 | PASS 181 · AnalyticsEngine.kt — generated; running tests…
2026-09-01 08:05:00 | PASS 181 · AnalyticsEngine.kt — no change
2026-09-01 08:05:10 | PASS 182 · Nms.kt — coding-lane hardening…
GLM_OK: rewrote app/src/main/java/ai/genwhy/nobonk/ml/Nms.kt (5107 chars)
2026-09-01 08:20:48 | PASS 182 · Nms.kt — generated; running tests…
2026-09-01 08:20:49 | PASS 182 · Nms.kt — no change
2026-09-01 08:20:59 | PASS 182 · LowLight.kt — coding-lane hardening…
GLM_OK: rewrote app/src/main/java/ai/genwhy/nobonk/ml/LowLight.kt (5393 chars)
2026-09-01 08:35:13 | PASS 182 · LowLight.kt — generated; running tests…
2026-09-01 08:35:13 | PASS 182 · LowLight.kt — no change
2026-09-01 08:35:23 | PASS 182 · Letterbox.kt — coding-lane hardening…
GLM_OK: rewrote app/src/main/java/ai/genwhy/nobonk/ml/Letterbox.kt (5876 chars)
2026-09-01 08:46:21 | PASS 182 · Letterbox.kt — generated; running tests…
2026-09-01 08:46:22 | PASS 182 · Letterbox.kt — no change
2026-09-01 08:46:32 | PASS 182 · Detection.kt — coding-lane hardening…
GLM_OK: rewrote app/src/main/java/ai/genwhy/nobonk/model/Detection.kt (6872 chars)
2026-09-01 08:58:52 | PASS 182 · Detection.kt — generated; running tests…
2026-09-01 08:58:53 | PASS 182 · Detection.kt — no change
2026-09-01 08:59:03 | PASS 182 · NormBox.kt — coding-lane hardening…
GLM_OK: rewrote app/src/main/java/ai/genwhy/nobonk/model/NormBox.kt (5440 chars)
2026-09-01 09:12:05 | PASS 182 · NormBox.kt — generated; running tests…
2026-09-01 09:12:06 | PASS 182 · NormBox.kt — no change
2026-09-01 09:12:16 | PASS 182 · SensorMonitor.kt — coding-lane hardening…
GLM_OK: rewrote app/src/main/java/ai/genwhy/nobonk/ml/SensorMonitor.kt (8834 chars)
2026-09-01 09:25:20 | PASS 182 · SensorMonitor.kt — generated; running tests…
2026-09-01 09:25:20 | PASS 182 · SensorMonitor.kt — no change
2026-09-01 09:25:30 | PASS 182 · DetectionEvent.kt — coding-lane hardening…
GLM_OK: rewrote app/src/main/java/ai/genwhy/nobonk/data/DetectionEvent.kt (9197 chars)
2026-09-01 09:41:18 | PASS 182 · DetectionEvent.kt — generated; running tests…
2026-09-01 09:41:19 | PASS 182 · DetectionEvent.kt — no change
2026-09-01 09:41:29 | PASS 182 · AlertPolicy.kt — coding-lane hardening…
GLM_OK: rewrote app/src/main/java/ai/genwhy/nobonk/ml/AlertPolicy.kt (10715 chars)
2026-09-01 09:52:51 | PASS 182 · AlertPolicy.kt — generated; running tests…
2026-09-01 09:52:52 | PASS 182 · AlertPolicy.kt — no change
2026-09-01 09:53:02 | PASS 182 · AnalyticsEngine.kt — coding-lane hardening…
GLM_OK: rewrote app/src/main/java/ai/genwhy/nobonk/analytics/AnalyticsEngine.kt (10618 chars)
2026-09-01 10:07:24 | PASS 182 · AnalyticsEngine.kt — generated; running tests…
2026-09-01 10:07:25 | PASS 182 · AnalyticsEngine.kt — no change
2026-09-01 10:07:35 | PASS 183 · Nms.kt — coding-lane hardening…
GLM_OK: rewrote app/src/main/java/ai/genwhy/nobonk/ml/Nms.kt (5107 chars)
2026-09-01 10:16:07 | PASS 183 · Nms.kt — generated; running tests…
2026-09-01 10:16:08 | PASS 183 · Nms.kt — no change
2026-09-01 10:16:18 | PASS 183 · LowLight.kt — coding-lane hardening…
GLM_OK: rewrote app/src/main/java/ai/genwhy/nobonk/ml/LowLight.kt (5393 chars)
2026-09-01 10:25:12 | PASS 183 · LowLight.kt — generated; running tests…
2026-09-01 10:25:13 | PASS 183 · LowLight.kt — no change
2026-09-01 10:25:23 | PASS 183 · Letterbox.kt — coding-lane hardening…
GLM_OK: rewrote app/src/main/java/ai/genwhy/nobonk/ml/Letterbox.kt (5876 chars)
2026-09-01 10:36:30 | PASS 183 · Letterbox.kt — generated; running tests…
2026-09-01 10:36:31 | PASS 183 · Letterbox.kt — no change
2026-09-01 10:36:41 | PASS 183 · Detection.kt — coding-lane hardening…
GLM_OK: rewrote app/src/main/java/ai/genwhy/nobonk/model/Detection.kt (6872 chars)
2026-09-01 10:48:50 | PASS 183 · Detection.kt — generated; running tests…
2026-09-01 10:48:51 | PASS 183 · Detection.kt — no change
2026-09-01 10:49:01 | PASS 183 · NormBox.kt — coding-lane hardening…
GLM_OK: rewrote app/src/main/java/ai/genwhy/nobonk/model/NormBox.kt (5440 chars)
2026-09-01 10:58:12 | PASS 183 · NormBox.kt — generated; running tests…
2026-09-01 10:58:13 | PASS 183 · NormBox.kt — no change
2026-09-01 10:58:23 | PASS 183 · SensorMonitor.kt — coding-lane hardening…
GLM_OK: rewrote app/src/main/java/ai/genwhy/nobonk/ml/SensorMonitor.kt (8834 chars)
2026-09-01 11:07:00 | PASS 183 · SensorMonitor.kt — generated; running tests…
2026-09-01 11:07:01 | PASS 183 · SensorMonitor.kt — no change
2026-09-01 11:07:11 | PASS 183 · DetectionEvent.kt — coding-lane hardening…
GLM_OK: rewrote app/src/main/java/ai/genwhy/nobonk/data/DetectionEvent.kt (9197 chars)
2026-09-01 11:16:17 | PASS 183 · DetectionEvent.kt — generated; running tests…
2026-09-01 11:16:18 | PASS 183 · DetectionEvent.kt — no change
2026-09-01 11:16:28 | PASS 183 · AlertPolicy.kt — coding-lane hardening…
GLM_OK: rewrote app/src/main/java/ai/genwhy/nobonk/ml/AlertPolicy.kt (10715 chars)
2026-09-01 11:25:03 | PASS 183 · AlertPolicy.kt — generated; running tests…
2026-09-01 11:25:04 | PASS 183 · AlertPolicy.kt — no change
2026-09-01 11:25:14 | PASS 183 · AnalyticsEngine.kt — coding-lane hardening…
GLM_OK: rewrote app/src/main/java/ai/genwhy/nobonk/analytics/AnalyticsEngine.kt (10618 chars)
2026-09-01 11:34:44 | PASS 183 · AnalyticsEngine.kt — generated; running tests…
2026-09-01 11:34:45 | PASS 183 · AnalyticsEngine.kt — no change
2026-09-01 11:34:55 | PASS 184 · Nms.kt — coding-lane hardening…
GLM_OK: rewrote app/src/main/java/ai/genwhy/nobonk/ml/Nms.kt (5107 chars)
2026-09-01 11:44:46 | PASS 184 · Nms.kt — generated; running tests…
2026-09-01 11:44:47 | PASS 184 · Nms.kt — no change
2026-09-01 11:44:57 | PASS 184 · LowLight.kt — coding-lane hardening…
GLM_OK: rewrote app/src/main/java/ai/genwhy/nobonk/ml/LowLight.kt (5393 chars)
2026-09-01 11:58:46 | PASS 184 · LowLight.kt — generated; running tests…
2026-09-01 11:58:47 | PASS 184 · LowLight.kt — no change
2026-09-01 11:58:57 | PASS 184 · Letterbox.kt — coding-lane hardening…
GLM_OK: rewrote app/src/main/java/ai/genwhy/nobonk/ml/Letterbox.kt (5876 chars)
2026-09-01 12:07:30 | PASS 184 · Letterbox.kt — generated; running tests…
2026-09-01 12:07:31 | PASS 184 · Letterbox.kt — no change
2026-09-01 12:07:41 | PASS 184 · Detection.kt — coding-lane hardening…
GLM_OK: rewrote app/src/main/java/ai/genwhy/nobonk/model/Detection.kt (6872 chars)
2026-09-01 12:14:37 | PASS 184 · Detection.kt — generated; running tests…
2026-09-01 12:14:38 | PASS 184 · Detection.kt — no change
2026-09-01 12:14:48 | PASS 184 · NormBox.kt — coding-lane hardening…
GLM_OK: rewrote app/src/main/java/ai/genwhy/nobonk/model/NormBox.kt (5440 chars)
2026-09-01 12:24:29 | PASS 184 · NormBox.kt — generated; running tests…
2026-09-01 12:24:30 | PASS 184 · NormBox.kt — no change
2026-09-01 12:24:40 | PASS 184 · SensorMonitor.kt — coding-lane hardening…
GLM_OK: rewrote app/src/main/java/ai/genwhy/nobonk/ml/SensorMonitor.kt (8834 chars)
2026-09-01 12:34:39 | PASS 184 · SensorMonitor.kt — generated; running tests…
2026-09-01 12:34:40 | PASS 184 · SensorMonitor.kt — no change
2026-09-01 12:34:50 | PASS 184 · DetectionEvent.kt — coding-lane hardening…
GLM_OK: rewrote app/src/main/java/ai/genwhy/nobonk/data/DetectionEvent.kt (9197 chars)
2026-09-01 12:45:36 | PASS 184 · DetectionEvent.kt — generated; running tests…
2026-09-01 12:45:37 | PASS 184 · DetectionEvent.kt — no change
2026-09-01 12:45:47 | PASS 184 · AlertPolicy.kt — coding-lane hardening…
GLM_OK: rewrote app/src/main/java/ai/genwhy/nobonk/ml/AlertPolicy.kt (10715 chars)
2026-09-01 12:56:52 | PASS 184 · AlertPolicy.kt — generated; running tests…
2026-09-01 12:56:53 | PASS 184 · AlertPolicy.kt — no change
2026-09-01 12:57:03 | PASS 184 · AnalyticsEngine.kt — coding-lane hardening…
GLM_OK: rewrote app/src/main/java/ai/genwhy/nobonk/analytics/AnalyticsEngine.kt (10618 chars)
2026-09-01 13:07:18 | PASS 184 · AnalyticsEngine.kt — generated; running tests…
2026-09-01 13:07:18 | PASS 184 · AnalyticsEngine.kt — no change
2026-09-01 13:07:28 | PASS 185 · Nms.kt — coding-lane hardening…
GLM_OK: rewrote app/src/main/java/ai/genwhy/nobonk/ml/Nms.kt (5107 chars)
2026-09-01 13:17:21 | PASS 185 · Nms.kt — generated; running tests…
2026-09-01 13:17:22 | PASS 185 · Nms.kt — no change
2026-09-01 13:17:32 | PASS 185 · LowLight.kt — coding-lane hardening…
GLM_OK: rewrote app/src/main/java/ai/genwhy/nobonk/ml/LowLight.kt (5393 chars)
2026-09-01 13:25:26 | PASS 185 · LowLight.kt — generated; running tests…
2026-09-01 13:25:27 | PASS 185 · LowLight.kt — no change
2026-09-01 13:25:37 | PASS 185 · Letterbox.kt — coding-lane hardening…
GLM_OK: rewrote app/src/main/java/ai/genwhy/nobonk/ml/Letterbox.kt (5876 chars)
2026-09-01 13:34:10 | PASS 185 · Letterbox.kt — generated; running tests…
2026-09-01 13:34:11 | PASS 185 · Letterbox.kt — no change
2026-09-01 13:34:21 | PASS 185 · Detection.kt — coding-lane hardening…
GLM_OK: rewrote app/src/main/java/ai/genwhy/nobonk/model/Detection.kt (6872 chars)
2026-09-01 13:43:23 | PASS 185 · Detection.kt — generated; running tests…
2026-09-01 13:43:24 | PASS 185 · Detection.kt — no change
2026-09-01 13:43:34 | PASS 185 · NormBox.kt — coding-lane hardening…
GLM_OK: rewrote app/src/main/java/ai/genwhy/nobonk/model/NormBox.kt (5440 chars)
2026-09-01 13:53:10 | PASS 185 · NormBox.kt — generated; running tests…
2026-09-01 13:53:11 | PASS 185 · NormBox.kt — no change
2026-09-01 13:53:21 | PASS 185 · SensorMonitor.kt — coding-lane hardening…
GLM_OK: rewrote app/src/main/java/ai/genwhy/nobonk/ml/SensorMonitor.kt (8834 chars)
2026-09-01 14:03:40 | PASS 185 · SensorMonitor.kt — generated; running tests…
2026-09-01 14:03:41 | PASS 185 · SensorMonitor.kt — no change
2026-09-01 14:03:51 | PASS 185 · DetectionEvent.kt — coding-lane hardening…
GLM_OK: rewrote app/src/main/java/ai/genwhy/nobonk/data/DetectionEvent.kt (9197 chars)
2026-09-01 14:12:14 | PASS 185 · DetectionEvent.kt — generated; running tests…
2026-09-01 14:12:15 | PASS 185 · DetectionEvent.kt — no change
2026-09-01 14:12:25 | PASS 185 · AlertPolicy.kt — coding-lane hardening…
GLM_OK: rewrote app/src/main/java/ai/genwhy/nobonk/ml/AlertPolicy.kt (10715 chars)
2026-09-01 14:20:32 | PASS 185 · AlertPolicy.kt — generated; running tests…
2026-09-01 14:20:33 | PASS 185 · AlertPolicy.kt — no change
2026-09-01 14:20:43 | PASS 185 · AnalyticsEngine.kt — coding-lane hardening…
GLM_OK: rewrote app/src/main/java/ai/genwhy/nobonk/analytics/AnalyticsEngine.kt (10618 chars)
2026-09-01 14:28:52 | PASS 185 · AnalyticsEngine.kt — generated; running tests…
2026-09-01 14:28:53 | PASS 185 · AnalyticsEngine.kt — no change
2026-09-01 14:29:03 | PASS 186 · Nms.kt — coding-lane hardening…
GLM_OK: rewrote app/src/main/java/ai/genwhy/nobonk/ml/Nms.kt (5107 chars)
2026-09-01 14:39:15 | PASS 186 · Nms.kt — generated; running tests…
2026-09-01 14:39:16 | PASS 186 · Nms.kt — no change
2026-09-01 14:39:26 | PASS 186 · LowLight.kt — coding-lane hardening…
GLM_OK: rewrote app/src/main/java/ai/genwhy/nobonk/ml/LowLight.kt (5393 chars)
2026-09-01 14:49:29 | PASS 186 · LowLight.kt — generated; running tests…
2026-09-01 14:49:30 | PASS 186 · LowLight.kt — no change
2026-09-01 14:49:40 | PASS 186 · Letterbox.kt — coding-lane hardening…
GLM_OK: rewrote app/src/main/java/ai/genwhy/nobonk/ml/Letterbox.kt (5876 chars)
2026-09-01 14:59:24 | PASS 186 · Letterbox.kt — generated; running tests…
2026-09-01 14:59:25 | PASS 186 · Letterbox.kt — no change
2026-09-01 14:59:35 | PASS 186 · Detection.kt — coding-lane hardening…
GLM_OK: rewrote app/src/main/java/ai/genwhy/nobonk/model/Detection.kt (6872 chars)
2026-09-01 15:09:12 | PASS 186 · Detection.kt — generated; running tests…
2026-09-01 15:09:13 | PASS 186 · Detection.kt — no change
2026-09-01 15:09:23 | PASS 186 · NormBox.kt — coding-lane hardening…
GLM_OK: rewrote app/src/main/java/ai/genwhy/nobonk/model/NormBox.kt (5440 chars)
2026-09-01 15:18:19 | PASS 186 · NormBox.kt — generated; running tests…
2026-09-01 15:18:19 | PASS 186 · NormBox.kt — no change
2026-09-01 15:18:29 | PASS 186 · SensorMonitor.kt — coding-lane hardening…
2026-09-01 15:37:19 | ===== nobonk-glm-loop started (pid 290682) =====
2026-09-01 15:37:19 | PASS 186 · SensorMonitor.kt — coding-lane hardening…
Traceback (most recent call last):
  File "/home/onikita/projects/nobonk/glm_kotlin.py", line 71, in <module>
    main()
  File "/home/onikita/projects/nobonk/glm_kotlin.py", line 59, in main
    out = clean(call(prompt))
                ^^^^^^^^^^^^
  File "/home/onikita/projects/nobonk/glm_kotlin.py", line 24, in call
    with urlopen(req, timeout=1200) as r:
         ^^^^^^^^^^^^^^^^^^^^^^^^^^
  File "/usr/lib/python3.12/urllib/request.py", line 215, in urlopen
    return opener.open(url, data, timeout)
           ^^^^^^^^^^^^^^^^^^^^^^^^^^^^^^^
  File "/usr/lib/python3.12/urllib/request.py", line 515, in open
    response = self._open(req, data)
               ^^^^^^^^^^^^^^^^^^^^^
  File "/usr/lib/python3.12/urllib/request.py", line 532, in _open
    result = self._call_chain(self.handle_open, protocol, protocol +
             ^^^^^^^^^^^^^^^^^^^^^^^^^^^^^^^^^^^^^^^^^^^^^^^^^^^^^^^
  File "/usr/lib/python3.12/urllib/request.py", line 492, in _call_chain
    result = func(*args)
             ^^^^^^^^^^^
  File "/usr/lib/python3.12/urllib/request.py", line 1373, in http_open
    return self.do_open(http.client.HTTPConnection, req)
           ^^^^^^^^^^^^^^^^^^^^^^^^^^^^^^^^^^^^^^^^^^^^^
  File "/usr/lib/python3.12/urllib/request.py", line 1348, in do_open
    r = h.getresponse()
        ^^^^^^^^^^^^^^^
  File "/usr/lib/python3.12/http/client.py", line 1457, in getresponse
    response.begin()
  File "/usr/lib/python3.12/http/client.py", line 336, in begin
    version, status, reason = self._read_status()
                              ^^^^^^^^^^^^^^^^^^^
  File "/usr/lib/python3.12/http/client.py", line 305, in _read_status
    raise RemoteDisconnected("Remote end closed connection without"
http.client.RemoteDisconnected: Remote end closed connection without response
2026-09-01 15:37:20 | PASS 186 · SensorMonitor.kt — generation failed, reverted
2026-09-01 15:37:50 | PASS 186 · DetectionEvent.kt — coding-lane hardening…
GLM_OK: rewrote app/src/main/java/ai/genwhy/nobonk/data/DetectionEvent.kt (9197 chars)
2026-09-01 15:43:07 | PASS 186 · DetectionEvent.kt — generated; running tests…
2026-09-01 15:43:16 | PASS 186 · DetectionEvent.kt — no change
2026-09-01 15:43:26 | PASS 186 · AlertPolicy.kt — coding-lane hardening…
GLM_OK: rewrote app/src/main/java/ai/genwhy/nobonk/ml/AlertPolicy.kt (10715 chars)
2026-09-01 15:52:53 | PASS 186 · AlertPolicy.kt — generated; running tests…
2026-09-01 15:52:55 | PASS 186 · AlertPolicy.kt — no change
2026-09-01 15:53:05 | PASS 186 · AnalyticsEngine.kt — coding-lane hardening…
GLM_OK: rewrote app/src/main/java/ai/genwhy/nobonk/analytics/AnalyticsEngine.kt (10618 chars)
2026-09-01 16:00:27 | PASS 186 · AnalyticsEngine.kt — generated; running tests…
2026-09-01 16:00:28 | PASS 186 · AnalyticsEngine.kt — no change
2026-09-01 16:00:38 | PASS 187 · Nms.kt — coding-lane hardening…
GLM_OK: rewrote app/src/main/java/ai/genwhy/nobonk/ml/Nms.kt (5107 chars)
2026-09-01 16:09:23 | PASS 187 · Nms.kt — generated; running tests…
2026-09-01 16:09:25 | PASS 187 · Nms.kt — no change
2026-09-01 16:09:35 | PASS 187 · LowLight.kt — coding-lane hardening…
GLM_OK: rewrote app/src/main/java/ai/genwhy/nobonk/ml/LowLight.kt (5393 chars)
2026-09-01 16:16:30 | PASS 187 · LowLight.kt — generated; running tests…
2026-09-01 16:16:32 | PASS 187 · LowLight.kt — no change
2026-09-01 16:16:42 | PASS 187 · Letterbox.kt — coding-lane hardening…
GLM_OK: rewrote app/src/main/java/ai/genwhy/nobonk/ml/Letterbox.kt (5876 chars)
2026-09-01 16:20:27 | PASS 187 · Letterbox.kt — generated; running tests…
2026-09-01 16:20:28 | PASS 187 · Letterbox.kt — no change
2026-09-01 16:20:38 | PASS 187 · Detection.kt — coding-lane hardening…
GLM_OK: rewrote app/src/main/java/ai/genwhy/nobonk/model/Detection.kt (6872 chars)
2026-09-01 16:26:11 | PASS 187 · Detection.kt — generated; running tests…
2026-09-01 16:26:12 | PASS 187 · Detection.kt — no change
2026-09-01 16:26:22 | PASS 187 · NormBox.kt — coding-lane hardening…
GLM_OK: rewrote app/src/main/java/ai/genwhy/nobonk/model/NormBox.kt (5946 chars)
2026-09-01 16:34:39 | PASS 187 · NormBox.kt — generated; running tests…
2026-09-01 16:34:42 | PASS 187 · NormBox.kt — TESTS GREEN, committed
2026-09-01 16:34:44 |   pushed to origin
2026-09-01 16:34:54 | PASS 187 · SensorMonitor.kt — coding-lane hardening…
GLM_OK: rewrote app/src/main/java/ai/genwhy/nobonk/ml/SensorMonitor.kt (8834 chars)
2026-09-01 16:42:51 | PASS 187 · SensorMonitor.kt — generated; running tests…
2026-09-01 16:42:52 | PASS 187 · SensorMonitor.kt — no change
2026-09-01 16:43:02 | PASS 187 · DetectionEvent.kt — coding-lane hardening…
GLM_OK: rewrote app/src/main/java/ai/genwhy/nobonk/data/DetectionEvent.kt (9197 chars)
2026-09-01 16:49:27 | PASS 187 · DetectionEvent.kt — generated; running tests…
2026-09-01 16:49:28 | PASS 187 · DetectionEvent.kt — no change
2026-09-01 16:49:38 | PASS 187 · AlertPolicy.kt — coding-lane hardening…
GLM_OK: rewrote app/src/main/java/ai/genwhy/nobonk/ml/AlertPolicy.kt (10715 chars)
2026-09-01 16:59:11 | PASS 187 · AlertPolicy.kt — generated; running tests…
2026-09-01 16:59:12 | PASS 187 · AlertPolicy.kt — no change
2026-09-01 16:59:22 | PASS 187 · AnalyticsEngine.kt — coding-lane hardening…
GLM_OK: rewrote app/src/main/java/ai/genwhy/nobonk/analytics/AnalyticsEngine.kt (10618 chars)
2026-09-01 17:08:11 | PASS 187 · AnalyticsEngine.kt — generated; running tests…
2026-09-01 17:08:12 | PASS 187 · AnalyticsEngine.kt — no change
2026-09-01 17:08:22 | PASS 188 · Nms.kt — coding-lane hardening…
GLM_OK: rewrote app/src/main/java/ai/genwhy/nobonk/ml/Nms.kt (5107 chars)
2026-09-01 17:15:36 | PASS 188 · Nms.kt — generated; running tests…
2026-09-01 17:15:37 | PASS 188 · Nms.kt — no change
2026-09-01 17:15:47 | PASS 188 · LowLight.kt — coding-lane hardening…
GLM_OK: rewrote app/src/main/java/ai/genwhy/nobonk/ml/LowLight.kt (5393 chars)
2026-09-01 17:22:51 | PASS 188 · LowLight.kt — generated; running tests…
2026-09-01 17:22:52 | PASS 188 · LowLight.kt — no change
2026-09-01 17:23:02 | PASS 188 · Letterbox.kt — coding-lane hardening…
GLM_OK: rewrote app/src/main/java/ai/genwhy/nobonk/ml/Letterbox.kt (5876 chars)
2026-09-01 17:29:48 | PASS 188 · Letterbox.kt — generated; running tests…
2026-09-01 17:29:49 | PASS 188 · Letterbox.kt — no change
2026-09-01 17:29:59 | PASS 188 · Detection.kt — coding-lane hardening…
GLM_OK: rewrote app/src/main/java/ai/genwhy/nobonk/model/Detection.kt (6872 chars)
2026-09-01 17:35:19 | PASS 188 · Detection.kt — generated; running tests…
2026-09-01 17:35:20 | PASS 188 · Detection.kt — no change
2026-09-01 17:35:30 | PASS 188 · NormBox.kt — coding-lane hardening…
GLM_OK: rewrote app/src/main/java/ai/genwhy/nobonk/model/NormBox.kt (6063 chars)
2026-09-01 17:46:29 | PASS 188 · NormBox.kt — generated; running tests…
2026-09-01 17:46:31 | PASS 188 · NormBox.kt — TESTS GREEN, committed
2026-09-01 17:46:33 |   pushed to origin
2026-09-01 17:46:43 | PASS 188 · SensorMonitor.kt — coding-lane hardening…
GLM_OK: rewrote app/src/main/java/ai/genwhy/nobonk/ml/SensorMonitor.kt (8834 chars)
2026-09-01 17:53:56 | PASS 188 · SensorMonitor.kt — generated; running tests…
2026-09-01 17:53:57 | PASS 188 · SensorMonitor.kt — no change
2026-09-01 17:54:07 | PASS 188 · DetectionEvent.kt — coding-lane hardening…
GLM_OK: rewrote app/src/main/java/ai/genwhy/nobonk/data/DetectionEvent.kt (9197 chars)
2026-09-01 18:02:24 | PASS 188 · DetectionEvent.kt — generated; running tests…
2026-09-01 18:02:24 | PASS 188 · DetectionEvent.kt — no change
2026-09-01 18:02:34 | PASS 188 · AlertPolicy.kt — coding-lane hardening…
GLM_OK: rewrote app/src/main/java/ai/genwhy/nobonk/ml/AlertPolicy.kt (10715 chars)
2026-09-01 18:12:14 | PASS 188 · AlertPolicy.kt — generated; running tests…
2026-09-01 18:12:15 | PASS 188 · AlertPolicy.kt — no change
2026-09-01 18:12:25 | PASS 188 · AnalyticsEngine.kt — coding-lane hardening…
GLM_OK: rewrote app/src/main/java/ai/genwhy/nobonk/analytics/AnalyticsEngine.kt (10618 chars)
2026-09-01 18:21:51 | PASS 188 · AnalyticsEngine.kt — generated; running tests…
2026-09-01 18:21:52 | PASS 188 · AnalyticsEngine.kt — no change
2026-09-01 18:22:02 | PASS 189 · Nms.kt — coding-lane hardening…
GLM_OK: rewrote app/src/main/java/ai/genwhy/nobonk/ml/Nms.kt (5107 chars)
2026-09-01 18:25:59 | PASS 189 · Nms.kt — generated; running tests…
2026-09-01 18:26:00 | PASS 189 · Nms.kt — no change
2026-09-01 18:26:10 | PASS 189 · LowLight.kt — coding-lane hardening…
GLM_OK: rewrote app/src/main/java/ai/genwhy/nobonk/ml/LowLight.kt (5393 chars)
2026-09-01 18:33:59 | PASS 189 · LowLight.kt — generated; running tests…
2026-09-01 18:34:00 | PASS 189 · LowLight.kt — no change
2026-09-01 18:34:10 | PASS 189 · Letterbox.kt — coding-lane hardening…
GLM_OK: rewrote app/src/main/java/ai/genwhy/nobonk/ml/Letterbox.kt (5876 chars)
2026-09-01 18:44:54 | PASS 189 · Letterbox.kt — generated; running tests…
2026-09-01 18:44:55 | PASS 189 · Letterbox.kt — no change
2026-09-01 18:45:05 | PASS 189 · Detection.kt — coding-lane hardening…
GLM_OK: rewrote app/src/main/java/ai/genwhy/nobonk/model/Detection.kt (6872 chars)
2026-09-01 18:51:47 | PASS 189 · Detection.kt — generated; running tests…
2026-09-01 18:51:48 | PASS 189 · Detection.kt — no change
2026-09-01 18:51:58 | PASS 189 · NormBox.kt — coding-lane hardening…
GLM_OK: rewrote app/src/main/java/ai/genwhy/nobonk/model/NormBox.kt (6063 chars)
2026-09-01 19:04:34 | PASS 189 · NormBox.kt — generated; running tests…
2026-09-01 19:04:35 | PASS 189 · NormBox.kt — no change
2026-09-01 19:04:45 | PASS 189 · SensorMonitor.kt — coding-lane hardening…
GLM_OK: rewrote app/src/main/java/ai/genwhy/nobonk/ml/SensorMonitor.kt (8834 chars)
2026-09-01 19:11:25 | PASS 189 · SensorMonitor.kt — generated; running tests…
2026-09-01 19:11:25 | PASS 189 · SensorMonitor.kt — no change
2026-09-01 19:11:35 | PASS 189 · DetectionEvent.kt — coding-lane hardening…
GLM_OK: rewrote app/src/main/java/ai/genwhy/nobonk/data/DetectionEvent.kt (9197 chars)
2026-09-01 19:19:34 | PASS 189 · DetectionEvent.kt — generated; running tests…
2026-09-01 19:19:34 | PASS 189 · DetectionEvent.kt — no change
2026-09-01 19:19:44 | PASS 189 · AlertPolicy.kt — coding-lane hardening…
GLM_OK: rewrote app/src/main/java/ai/genwhy/nobonk/ml/AlertPolicy.kt (10715 chars)
2026-09-01 19:27:01 | PASS 189 · AlertPolicy.kt — generated; running tests…
2026-09-01 19:27:02 | PASS 189 · AlertPolicy.kt — no change
2026-09-01 19:27:12 | PASS 189 · AnalyticsEngine.kt — coding-lane hardening…
GLM_OK: rewrote app/src/main/java/ai/genwhy/nobonk/analytics/AnalyticsEngine.kt (10618 chars)
2026-09-01 19:33:40 | PASS 189 · AnalyticsEngine.kt — generated; running tests…
2026-09-01 19:33:41 | PASS 189 · AnalyticsEngine.kt — no change
2026-09-01 19:33:51 | PASS 190 · Nms.kt — coding-lane hardening…
GLM_OK: rewrote app/src/main/java/ai/genwhy/nobonk/ml/Nms.kt (5107 chars)
2026-09-01 19:41:29 | PASS 190 · Nms.kt — generated; running tests…
2026-09-01 19:41:30 | PASS 190 · Nms.kt — no change
2026-09-01 19:41:40 | PASS 190 · LowLight.kt — coding-lane hardening…
GLM_OK: rewrote app/src/main/java/ai/genwhy/nobonk/ml/LowLight.kt (5393 chars)
2026-09-01 19:46:00 | PASS 190 · LowLight.kt — generated; running tests…
2026-09-01 19:46:01 | PASS 190 · LowLight.kt — no change
2026-09-01 19:46:11 | PASS 190 · Letterbox.kt — coding-lane hardening…
GLM_OK: rewrote app/src/main/java/ai/genwhy/nobonk/ml/Letterbox.kt (5876 chars)
2026-09-01 19:57:04 | PASS 190 · Letterbox.kt — generated; running tests…
2026-09-01 19:57:05 | PASS 190 · Letterbox.kt — no change
2026-09-01 19:57:15 | PASS 190 · Detection.kt — coding-lane hardening…
GLM_OK: rewrote app/src/main/java/ai/genwhy/nobonk/model/Detection.kt (6872 chars)
2026-09-01 20:04:38 | PASS 190 · Detection.kt — generated; running tests…
2026-09-01 20:04:39 | PASS 190 · Detection.kt — no change
2026-09-01 20:04:49 | PASS 190 · NormBox.kt — coding-lane hardening…
GLM_OK: rewrote app/src/main/java/ai/genwhy/nobonk/model/NormBox.kt (6063 chars)
2026-09-01 20:11:43 | PASS 190 · NormBox.kt — generated; running tests…
2026-09-01 20:11:44 | PASS 190 · NormBox.kt — no change
2026-09-01 20:11:54 | PASS 190 · SensorMonitor.kt — coding-lane hardening…
GLM_OK: rewrote app/src/main/java/ai/genwhy/nobonk/ml/SensorMonitor.kt (8862 chars)
2026-09-01 20:18:00 | PASS 190 · SensorMonitor.kt — generated; running tests…
e: file:///home/onikita/projects/nobonk/app/src/main/java/ai/genwhy/nobonk/ml/SensorMonitor.kt:9:20 Unresolved reference 'isFinite'.

FAILURE: Build failed with an exception.

* What went wrong:
Execution failed for task ':app:compileDebugKotlin'.
> A failure occurred while executing org.jetbrains.kotlin.compilerRunner.GradleCompilerRunnerWithWorkers$GradleKotlinCompilerWorkAction
   > Compilation error. See log for more details

* Try:
> Run with --stacktrace option to get the stack trace.
> Run with --info or --debug option to get more log output.
> Run with --scan to generate a Build Scan (powered by Develocity).
> Get more help at https://help.gradle.org.

BUILD FAILED in 842ms
2026-09-01 20:18:01 | PASS 190 · SensorMonitor.kt — TESTS FAILED, reverted
2026-09-01 20:18:11 | PASS 190 · DetectionEvent.kt — coding-lane hardening…
GLM_OK: rewrote app/src/main/java/ai/genwhy/nobonk/data/DetectionEvent.kt (9197 chars)
2026-09-01 20:27:51 | PASS 190 · DetectionEvent.kt — generated; running tests…
2026-09-01 20:27:52 | PASS 190 · DetectionEvent.kt — no change
2026-09-01 20:28:02 | PASS 190 · AlertPolicy.kt — coding-lane hardening…
GLM_OK: rewrote app/src/main/java/ai/genwhy/nobonk/ml/AlertPolicy.kt (10715 chars)
2026-09-01 20:36:12 | PASS 190 · AlertPolicy.kt — generated; running tests…
2026-09-01 20:36:13 | PASS 190 · AlertPolicy.kt — no change
2026-09-01 20:36:23 | PASS 190 · AnalyticsEngine.kt — coding-lane hardening…
GLM_OK: rewrote app/src/main/java/ai/genwhy/nobonk/analytics/AnalyticsEngine.kt (10620 chars)
2026-09-01 20:42:06 | PASS 190 · AnalyticsEngine.kt — generated; running tests…
2026-09-01 20:42:09 | PASS 190 · AnalyticsEngine.kt — TESTS GREEN, committed
2026-09-01 20:42:10 |   pushed to origin
2026-09-01 20:42:20 | PASS 191 · Nms.kt — coding-lane hardening…
GLM_OK: rewrote app/src/main/java/ai/genwhy/nobonk/ml/Nms.kt (5107 chars)
2026-09-01 20:48:22 | PASS 191 · Nms.kt — generated; running tests…
2026-09-01 20:48:23 | PASS 191 · Nms.kt — no change
2026-09-01 20:48:33 | PASS 191 · LowLight.kt — coding-lane hardening…
GLM_OK: rewrote app/src/main/java/ai/genwhy/nobonk/ml/LowLight.kt (5393 chars)
2026-09-01 20:52:11 | PASS 191 · LowLight.kt — generated; running tests…
2026-09-01 20:52:12 | PASS 191 · LowLight.kt — no change
2026-09-01 20:52:22 | PASS 191 · Letterbox.kt — coding-lane hardening…
GLM_OK: rewrote app/src/main/java/ai/genwhy/nobonk/ml/Letterbox.kt (5876 chars)
2026-09-01 21:02:00 | PASS 191 · Letterbox.kt — generated; running tests…
2026-09-01 21:02:00 | PASS 191 · Letterbox.kt — no change
2026-09-01 21:02:10 | PASS 191 · Detection.kt — coding-lane hardening…
GLM_OK: rewrote app/src/main/java/ai/genwhy/nobonk/model/Detection.kt (6872 chars)
2026-09-01 21:12:07 | PASS 191 · Detection.kt — generated; running tests…
2026-09-01 21:12:08 | PASS 191 · Detection.kt — no change
2026-09-01 21:12:18 | PASS 191 · NormBox.kt — coding-lane hardening…
GLM_OK: rewrote app/src/main/java/ai/genwhy/nobonk/model/NormBox.kt (6056 chars)
2026-09-01 21:18:34 | PASS 191 · NormBox.kt — generated; running tests…
2026-09-01 21:18:35 | PASS 191 · NormBox.kt — TESTS GREEN, committed
2026-09-01 21:18:37 |   pushed to origin
2026-09-01 21:18:47 | PASS 191 · SensorMonitor.kt — coding-lane hardening…
GLM_OK: rewrote app/src/main/java/ai/genwhy/nobonk/ml/SensorMonitor.kt (8834 chars)
2026-09-01 21:23:17 | PASS 191 · SensorMonitor.kt — generated; running tests…
2026-09-01 21:23:17 | PASS 191 · SensorMonitor.kt — no change
2026-09-01 21:23:27 | PASS 191 · DetectionEvent.kt — coding-lane hardening…
GLM_OK: rewrote app/src/main/java/ai/genwhy/nobonk/data/DetectionEvent.kt (9197 chars)
2026-09-01 21:29:26 | PASS 191 · DetectionEvent.kt — generated; running tests…
2026-09-01 21:29:27 | PASS 191 · DetectionEvent.kt — no change
2026-09-01 21:29:37 | PASS 191 · AlertPolicy.kt — coding-lane hardening…
GLM_OK: rewrote app/src/main/java/ai/genwhy/nobonk/ml/AlertPolicy.kt (10715 chars)
2026-09-01 21:40:36 | PASS 191 · AlertPolicy.kt — generated; running tests…
2026-09-01 21:40:37 | PASS 191 · AlertPolicy.kt — no change
2026-09-01 21:40:47 | PASS 191 · AnalyticsEngine.kt — coding-lane hardening…
GLM_OK: rewrote app/src/main/java/ai/genwhy/nobonk/analytics/AnalyticsEngine.kt (10620 chars)
2026-09-01 21:49:38 | PASS 191 · AnalyticsEngine.kt — generated; running tests…
2026-09-01 21:49:39 | PASS 191 · AnalyticsEngine.kt — no change
2026-09-01 21:49:49 | PASS 192 · Nms.kt — coding-lane hardening…
GLM_OK: rewrote app/src/main/java/ai/genwhy/nobonk/ml/Nms.kt (5107 chars)
2026-09-01 21:57:55 | PASS 192 · Nms.kt — generated; running tests…
2026-09-01 21:57:56 | PASS 192 · Nms.kt — no change
2026-09-01 21:58:06 | PASS 192 · LowLight.kt — coding-lane hardening…
GLM_OK: rewrote app/src/main/java/ai/genwhy/nobonk/ml/LowLight.kt (5393 chars)
2026-09-01 22:03:27 | PASS 192 · LowLight.kt — generated; running tests…
2026-09-01 22:03:28 | PASS 192 · LowLight.kt — no change
2026-09-01 22:03:38 | PASS 192 · Letterbox.kt — coding-lane hardening…
GLM_OK: rewrote app/src/main/java/ai/genwhy/nobonk/ml/Letterbox.kt (5876 chars)
2026-09-01 22:10:21 | PASS 192 · Letterbox.kt — generated; running tests…
2026-09-01 22:10:22 | PASS 192 · Letterbox.kt — no change
2026-09-01 22:10:32 | PASS 192 · Detection.kt — coding-lane hardening…
GLM_OK: rewrote app/src/main/java/ai/genwhy/nobonk/model/Detection.kt (6872 chars)
2026-09-01 22:20:40 | PASS 192 · Detection.kt — generated; running tests…
2026-09-01 22:20:41 | PASS 192 · Detection.kt — no change
2026-09-01 22:20:51 | PASS 192 · NormBox.kt — coding-lane hardening…
GLM_OK: rewrote app/src/main/java/ai/genwhy/nobonk/model/NormBox.kt (6056 chars)
2026-09-01 22:32:33 | PASS 192 · NormBox.kt — generated; running tests…
2026-09-01 22:32:33 | PASS 192 · NormBox.kt — no change
2026-09-01 22:32:43 | PASS 192 · SensorMonitor.kt — coding-lane hardening…
GLM_OK: rewrote app/src/main/java/ai/genwhy/nobonk/ml/SensorMonitor.kt (8834 chars)
2026-09-01 22:38:43 | PASS 192 · SensorMonitor.kt — generated; running tests…
2026-09-01 22:38:44 | PASS 192 · SensorMonitor.kt — no change
2026-09-01 22:38:54 | PASS 192 · DetectionEvent.kt — coding-lane hardening…
GLM_OK: rewrote app/src/main/java/ai/genwhy/nobonk/data/DetectionEvent.kt (9197 chars)
2026-09-01 22:42:27 | PASS 192 · DetectionEvent.kt — generated; running tests…
2026-09-01 22:42:28 | PASS 192 · DetectionEvent.kt — no change
2026-09-01 22:42:38 | PASS 192 · AlertPolicy.kt — coding-lane hardening…
GLM_OK: rewrote app/src/main/java/ai/genwhy/nobonk/ml/AlertPolicy.kt (10715 chars)
2026-09-01 22:49:42 | PASS 192 · AlertPolicy.kt — generated; running tests…
2026-09-01 22:49:42 | PASS 192 · AlertPolicy.kt — no change
2026-09-01 22:49:52 | PASS 192 · AnalyticsEngine.kt — coding-lane hardening…
GLM_OK: rewrote app/src/main/java/ai/genwhy/nobonk/analytics/AnalyticsEngine.kt (10620 chars)
2026-09-01 22:56:22 | PASS 192 · AnalyticsEngine.kt — generated; running tests…
2026-09-01 22:56:23 | PASS 192 · AnalyticsEngine.kt — no change
2026-09-01 22:56:33 | PASS 193 · Nms.kt — coding-lane hardening…
GLM_OK: rewrote app/src/main/java/ai/genwhy/nobonk/ml/Nms.kt (5107 chars)
2026-09-01 23:02:51 | PASS 193 · Nms.kt — generated; running tests…
2026-09-01 23:02:51 | PASS 193 · Nms.kt — no change
2026-09-01 23:03:01 | PASS 193 · LowLight.kt — coding-lane hardening…
GLM_OK: rewrote app/src/main/java/ai/genwhy/nobonk/ml/LowLight.kt (5393 chars)
2026-09-01 23:09:04 | PASS 193 · LowLight.kt — generated; running tests…
2026-09-01 23:09:05 | PASS 193 · LowLight.kt — no change
2026-09-01 23:09:15 | PASS 193 · Letterbox.kt — coding-lane hardening…
2026-09-01 23:22:37 | ===== nobonk-glm-loop started (pid 1022270) =====
2026-09-01 23:22:37 | PASS 193 · Letterbox.kt — coding-lane hardening…
Traceback (most recent call last):
  File "/home/onikita/projects/nobonk/glm_kotlin.py", line 71, in <module>
    main()
  File "/home/onikita/projects/nobonk/glm_kotlin.py", line 59, in main
    out = clean(call(prompt))
                ^^^^^^^^^^^^
  File "/home/onikita/projects/nobonk/glm_kotlin.py", line 24, in call
    with urlopen(req, timeout=1200) as r:
         ^^^^^^^^^^^^^^^^^^^^^^^^^^
  File "/usr/lib/python3.12/urllib/request.py", line 215, in urlopen
    return opener.open(url, data, timeout)
           ^^^^^^^^^^^^^^^^^^^^^^^^^^^^^^^
  File "/usr/lib/python3.12/urllib/request.py", line 515, in open
    response = self._open(req, data)
               ^^^^^^^^^^^^^^^^^^^^^
  File "/usr/lib/python3.12/urllib/request.py", line 532, in _open
    result = self._call_chain(self.handle_open, protocol, protocol +
             ^^^^^^^^^^^^^^^^^^^^^^^^^^^^^^^^^^^^^^^^^^^^^^^^^^^^^^^
  File "/usr/lib/python3.12/urllib/request.py", line 492, in _call_chain
    result = func(*args)
             ^^^^^^^^^^^
  File "/usr/lib/python3.12/urllib/request.py", line 1373, in http_open
    return self.do_open(http.client.HTTPConnection, req)
           ^^^^^^^^^^^^^^^^^^^^^^^^^^^^^^^^^^^^^^^^^^^^^
  File "/usr/lib/python3.12/urllib/request.py", line 1348, in do_open
    r = h.getresponse()
        ^^^^^^^^^^^^^^^
  File "/usr/lib/python3.12/http/client.py", line 1457, in getresponse
    response.begin()
  File "/usr/lib/python3.12/http/client.py", line 336, in begin
    version, status, reason = self._read_status()
                              ^^^^^^^^^^^^^^^^^^^
  File "/usr/lib/python3.12/http/client.py", line 305, in _read_status
    raise RemoteDisconnected("Remote end closed connection without"
http.client.RemoteDisconnected: Remote end closed connection without response
2026-09-01 23:22:38 | PASS 193 · Letterbox.kt — generation failed, reverted
2026-09-01 23:23:08 | PASS 193 · Detection.kt — coding-lane hardening…
Traceback (most recent call last):
  File "/home/onikita/projects/nobonk/glm_kotlin.py", line 71, in <module>
    main()
  File "/home/onikita/projects/nobonk/glm_kotlin.py", line 59, in main
    out = clean(call(prompt))
                ^^^^^^^^^^^^
  File "/home/onikita/projects/nobonk/glm_kotlin.py", line 24, in call
    with urlopen(req, timeout=1200) as r:
         ^^^^^^^^^^^^^^^^^^^^^^^^^^
  File "/usr/lib/python3.12/urllib/request.py", line 215, in urlopen
    return opener.open(url, data, timeout)
           ^^^^^^^^^^^^^^^^^^^^^^^^^^^^^^^
  File "/usr/lib/python3.12/urllib/request.py", line 515, in open
    response = self._open(req, data)
               ^^^^^^^^^^^^^^^^^^^^^
  File "/usr/lib/python3.12/urllib/request.py", line 532, in _open
    result = self._call_chain(self.handle_open, protocol, protocol +
             ^^^^^^^^^^^^^^^^^^^^^^^^^^^^^^^^^^^^^^^^^^^^^^^^^^^^^^^
  File "/usr/lib/python3.12/urllib/request.py", line 492, in _call_chain
    result = func(*args)
             ^^^^^^^^^^^
  File "/usr/lib/python3.12/urllib/request.py", line 1373, in http_open
    return self.do_open(http.client.HTTPConnection, req)
           ^^^^^^^^^^^^^^^^^^^^^^^^^^^^^^^^^^^^^^^^^^^^^
  File "/usr/lib/python3.12/urllib/request.py", line 1348, in do_open
    r = h.getresponse()
        ^^^^^^^^^^^^^^^
  File "/usr/lib/python3.12/http/client.py", line 1457, in getresponse
    response.begin()
  File "/usr/lib/python3.12/http/client.py", line 336, in begin
    version, status, reason = self._read_status()
                              ^^^^^^^^^^^^^^^^^^^
  File "/usr/lib/python3.12/http/client.py", line 305, in _read_status
    raise RemoteDisconnected("Remote end closed connection without"
http.client.RemoteDisconnected: Remote end closed connection without response
2026-09-01 23:23:14 | PASS 193 · Detection.kt — generation failed, reverted
2026-09-01 23:23:44 | PASS 193 · NormBox.kt — coding-lane hardening…
GLM_OK: rewrote app/src/main/java/ai/genwhy/nobonk/model/NormBox.kt (6056 chars)
2026-09-01 23:27:30 | PASS 193 · NormBox.kt — generated; running tests…
2026-09-01 23:27:32 | PASS 193 · NormBox.kt — no change
2026-09-01 23:27:42 | PASS 193 · SensorMonitor.kt — coding-lane hardening…
GLM_OK: rewrote app/src/main/java/ai/genwhy/nobonk/ml/SensorMonitor.kt (8834 chars)
2026-09-01 23:33:39 | PASS 193 · SensorMonitor.kt — generated; running tests…
2026-09-01 23:33:40 | PASS 193 · SensorMonitor.kt — no change
2026-09-01 23:33:50 | PASS 193 · DetectionEvent.kt — coding-lane hardening…
GLM_OK: rewrote app/src/main/java/ai/genwhy/nobonk/data/DetectionEvent.kt (9197 chars)
2026-09-01 23:41:04 | PASS 193 · DetectionEvent.kt — generated; running tests…
2026-09-01 23:41:05 | PASS 193 · DetectionEvent.kt — no change
2026-09-01 23:41:15 | PASS 193 · AlertPolicy.kt — coding-lane hardening…
GLM_OK: rewrote app/src/main/java/ai/genwhy/nobonk/ml/AlertPolicy.kt (10715 chars)
2026-09-01 23:46:31 | PASS 193 · AlertPolicy.kt — generated; running tests…
2026-09-01 23:46:32 | PASS 193 · AlertPolicy.kt — no change
2026-09-01 23:46:42 | PASS 193 · AnalyticsEngine.kt — coding-lane hardening…
GLM_OK: rewrote app/src/main/java/ai/genwhy/nobonk/analytics/AnalyticsEngine.kt (10620 chars)
2026-09-01 23:57:02 | PASS 193 · AnalyticsEngine.kt — generated; running tests…
2026-09-01 23:57:03 | PASS 193 · AnalyticsEngine.kt — no change
2026-09-01 23:57:13 | PASS 194 · Nms.kt — coding-lane hardening…
GLM_OK: rewrote app/src/main/java/ai/genwhy/nobonk/ml/Nms.kt (5107 chars)
2026-09-02 00:06:46 | PASS 194 · Nms.kt — generated; running tests…
2026-09-02 00:06:48 | PASS 194 · Nms.kt — no change
2026-09-02 00:06:58 | PASS 194 · LowLight.kt — coding-lane hardening…
GLM_OK: rewrote app/src/main/java/ai/genwhy/nobonk/ml/LowLight.kt (5393 chars)
2026-09-02 00:12:17 | PASS 194 · LowLight.kt — generated; running tests…
2026-09-02 00:12:18 | PASS 194 · LowLight.kt — no change
2026-09-02 00:12:28 | PASS 194 · Letterbox.kt — coding-lane hardening…
GLM_OK: rewrote app/src/main/java/ai/genwhy/nobonk/ml/Letterbox.kt (5876 chars)
2026-09-02 00:16:50 | PASS 194 · Letterbox.kt — generated; running tests…
2026-09-02 00:16:51 | PASS 194 · Letterbox.kt — no change
2026-09-02 00:17:01 | PASS 194 · Detection.kt — coding-lane hardening…
GLM_OK: rewrote app/src/main/java/ai/genwhy/nobonk/model/Detection.kt (6872 chars)
2026-09-02 00:27:07 | PASS 194 · Detection.kt — generated; running tests…
2026-09-02 00:27:08 | PASS 194 · Detection.kt — no change
2026-09-02 00:27:18 | PASS 194 · NormBox.kt — coding-lane hardening…
GLM_OK: rewrote app/src/main/java/ai/genwhy/nobonk/model/NormBox.kt (6056 chars)
2026-09-02 00:37:14 | PASS 194 · NormBox.kt — generated; running tests…
2026-09-02 00:37:15 | PASS 194 · NormBox.kt — no change
2026-09-02 00:37:25 | PASS 194 · SensorMonitor.kt — coding-lane hardening…
GLM_OK: rewrote app/src/main/java/ai/genwhy/nobonk/ml/SensorMonitor.kt (8834 chars)
2026-09-02 00:49:13 | PASS 194 · SensorMonitor.kt — generated; running tests…
2026-09-02 00:49:14 | PASS 194 · SensorMonitor.kt — no change
2026-09-02 00:49:24 | PASS 194 · DetectionEvent.kt — coding-lane hardening…
GLM_OK: rewrote app/src/main/java/ai/genwhy/nobonk/data/DetectionEvent.kt (9197 chars)
2026-09-02 00:56:56 | PASS 194 · DetectionEvent.kt — generated; running tests…
2026-09-02 00:56:57 | PASS 194 · DetectionEvent.kt — no change
2026-09-02 00:57:07 | PASS 194 · AlertPolicy.kt — coding-lane hardening…
GLM_OK: rewrote app/src/main/java/ai/genwhy/nobonk/ml/AlertPolicy.kt (10715 chars)
2026-09-02 01:04:10 | PASS 194 · AlertPolicy.kt — generated; running tests…
2026-09-02 01:04:11 | PASS 194 · AlertPolicy.kt — no change
2026-09-02 01:04:21 | PASS 194 · AnalyticsEngine.kt — coding-lane hardening…
GLM_OK: rewrote app/src/main/java/ai/genwhy/nobonk/analytics/AnalyticsEngine.kt (10620 chars)
2026-09-02 01:13:59 | PASS 194 · AnalyticsEngine.kt — generated; running tests…
2026-09-02 01:14:00 | PASS 194 · AnalyticsEngine.kt — no change
2026-09-02 01:14:10 | PASS 195 · Nms.kt — coding-lane hardening…
GLM_OK: rewrote app/src/main/java/ai/genwhy/nobonk/ml/Nms.kt (5107 chars)
2026-09-02 01:27:00 | PASS 195 · Nms.kt — generated; running tests…
2026-09-02 01:27:01 | PASS 195 · Nms.kt — no change
2026-09-02 01:27:11 | PASS 195 · LowLight.kt — coding-lane hardening…
GLM_OK: rewrote app/src/main/java/ai/genwhy/nobonk/ml/LowLight.kt (5393 chars)
2026-09-02 01:32:50 | PASS 195 · LowLight.kt — generated; running tests…
2026-09-02 01:32:51 | PASS 195 · LowLight.kt — no change
2026-09-02 01:33:01 | PASS 195 · Letterbox.kt — coding-lane hardening…
GLM_OK: rewrote app/src/main/java/ai/genwhy/nobonk/ml/Letterbox.kt (5876 chars)
2026-09-02 01:40:23 | PASS 195 · Letterbox.kt — generated; running tests…
2026-09-02 01:40:24 | PASS 195 · Letterbox.kt — no change
2026-09-02 01:40:34 | PASS 195 · Detection.kt — coding-lane hardening…
GLM_OK: rewrote app/src/main/java/ai/genwhy/nobonk/model/Detection.kt (6872 chars)
2026-09-02 01:44:28 | PASS 195 · Detection.kt — generated; running tests…
2026-09-02 01:44:29 | PASS 195 · Detection.kt — no change
2026-09-02 01:44:39 | PASS 195 · NormBox.kt — coding-lane hardening…
GLM_OK: rewrote app/src/main/java/ai/genwhy/nobonk/model/NormBox.kt (6056 chars)
2026-09-02 01:53:47 | PASS 195 · NormBox.kt — generated; running tests…
2026-09-02 01:53:48 | PASS 195 · NormBox.kt — no change
2026-09-02 01:53:58 | PASS 195 · SensorMonitor.kt — coding-lane hardening…
GLM_OK: rewrote app/src/main/java/ai/genwhy/nobonk/ml/SensorMonitor.kt (8834 chars)
2026-09-02 02:03:56 | PASS 195 · SensorMonitor.kt — generated; running tests…
2026-09-02 02:03:57 | PASS 195 · SensorMonitor.kt — no change
2026-09-02 02:04:07 | PASS 195 · DetectionEvent.kt — coding-lane hardening…
GLM_OK: rewrote app/src/main/java/ai/genwhy/nobonk/data/DetectionEvent.kt (9364 chars)
2026-09-02 02:09:45 | PASS 195 · DetectionEvent.kt — generated; running tests…
2026-09-02 02:09:48 | PASS 195 · DetectionEvent.kt — TESTS GREEN, committed
2026-09-02 02:09:50 |   pushed to origin
2026-09-02 02:10:00 | PASS 195 · AlertPolicy.kt — coding-lane hardening…
GLM_OK: rewrote app/src/main/java/ai/genwhy/nobonk/ml/AlertPolicy.kt (10715 chars)
2026-09-02 02:14:55 | PASS 195 · AlertPolicy.kt — generated; running tests…
2026-09-02 02:14:56 | PASS 195 · AlertPolicy.kt — no change
2026-09-02 02:15:06 | PASS 195 · AnalyticsEngine.kt — coding-lane hardening…
GLM_OK: rewrote app/src/main/java/ai/genwhy/nobonk/analytics/AnalyticsEngine.kt (10620 chars)
2026-09-02 02:22:31 | PASS 195 · AnalyticsEngine.kt — generated; running tests…
2026-09-02 02:22:32 | PASS 195 · AnalyticsEngine.kt — no change
2026-09-02 02:22:42 | PASS 196 · Nms.kt — coding-lane hardening…
GLM_OK: rewrote app/src/main/java/ai/genwhy/nobonk/ml/Nms.kt (5107 chars)
2026-09-02 02:29:22 | PASS 196 · Nms.kt — generated; running tests…
2026-09-02 02:29:23 | PASS 196 · Nms.kt — no change
2026-09-02 02:29:33 | PASS 196 · LowLight.kt — coding-lane hardening…
GLM_OK: rewrote app/src/main/java/ai/genwhy/nobonk/ml/LowLight.kt (5393 chars)
2026-09-02 02:34:54 | PASS 196 · LowLight.kt — generated; running tests…
2026-09-02 02:34:55 | PASS 196 · LowLight.kt — no change
2026-09-02 02:35:05 | PASS 196 · Letterbox.kt — coding-lane hardening…
GLM_OK: rewrote app/src/main/java/ai/genwhy/nobonk/ml/Letterbox.kt (5876 chars)
2026-09-02 02:39:39 | PASS 196 · Letterbox.kt — generated; running tests…
2026-09-02 02:39:40 | PASS 196 · Letterbox.kt — no change
2026-09-02 02:39:50 | PASS 196 · Detection.kt — coding-lane hardening…
GLM_OK: rewrote app/src/main/java/ai/genwhy/nobonk/model/Detection.kt (6872 chars)
2026-09-02 02:50:19 | PASS 196 · Detection.kt — generated; running tests…
2026-09-02 02:50:20 | PASS 196 · Detection.kt — no change
2026-09-02 02:50:30 | PASS 196 · NormBox.kt — coding-lane hardening…
GLM_OK: rewrote app/src/main/java/ai/genwhy/nobonk/model/NormBox.kt (6056 chars)
2026-09-02 03:00:23 | PASS 196 · NormBox.kt — generated; running tests…
2026-09-02 03:00:24 | PASS 196 · NormBox.kt — no change
2026-09-02 03:00:34 | PASS 196 · SensorMonitor.kt — coding-lane hardening…
GLM_OK: rewrote app/src/main/java/ai/genwhy/nobonk/ml/SensorMonitor.kt (8834 chars)
2026-09-02 03:06:49 | PASS 196 · SensorMonitor.kt — generated; running tests…
2026-09-02 03:06:50 | PASS 196 · SensorMonitor.kt — no change
2026-09-02 03:07:00 | PASS 196 · DetectionEvent.kt — coding-lane hardening…
GLM_OK: rewrote app/src/main/java/ai/genwhy/nobonk/data/DetectionEvent.kt (9364 chars)
2026-09-02 03:11:14 | PASS 196 · DetectionEvent.kt — generated; running tests…
2026-09-02 03:11:15 | PASS 196 · DetectionEvent.kt — no change
2026-09-02 03:11:25 | PASS 196 · AlertPolicy.kt — coding-lane hardening…
GLM_OK: rewrote app/src/main/java/ai/genwhy/nobonk/ml/AlertPolicy.kt (10816 chars)
2026-09-02 03:18:42 | PASS 196 · AlertPolicy.kt — generated; running tests…
2026-09-02 03:18:44 | PASS 196 · AlertPolicy.kt — TESTS GREEN, committed
2026-09-02 03:18:45 |   pushed to origin
2026-09-02 03:18:55 | PASS 196 · AnalyticsEngine.kt — coding-lane hardening…
GLM_OK: rewrote app/src/main/java/ai/genwhy/nobonk/analytics/AnalyticsEngine.kt (10620 chars)
2026-09-02 03:27:28 | PASS 196 · AnalyticsEngine.kt — generated; running tests…
2026-09-02 03:27:29 | PASS 196 · AnalyticsEngine.kt — no change
2026-09-02 03:27:39 | PASS 197 · Nms.kt — coding-lane hardening…
GLM_OK: rewrote app/src/main/java/ai/genwhy/nobonk/ml/Nms.kt (5107 chars)
2026-09-02 03:35:45 | PASS 197 · Nms.kt — generated; running tests…
2026-09-02 03:35:46 | PASS 197 · Nms.kt — no change
2026-09-02 03:35:56 | PASS 197 · LowLight.kt — coding-lane hardening…
GLM_OK: rewrote app/src/main/java/ai/genwhy/nobonk/ml/LowLight.kt (5393 chars)
2026-09-02 03:44:34 | PASS 197 · LowLight.kt — generated; running tests…
2026-09-02 03:44:35 | PASS 197 · LowLight.kt — no change
2026-09-02 03:44:45 | PASS 197 · Letterbox.kt — coding-lane hardening…
GLM_OK: rewrote app/src/main/java/ai/genwhy/nobonk/ml/Letterbox.kt (5876 chars)
2026-09-02 03:54:01 | PASS 197 · Letterbox.kt — generated; running tests…
2026-09-02 03:54:02 | PASS 197 · Letterbox.kt — no change
2026-09-02 03:54:12 | PASS 197 · Detection.kt — coding-lane hardening…
GLM_OK: rewrote app/src/main/java/ai/genwhy/nobonk/model/Detection.kt (6872 chars)
2026-09-02 04:03:11 | PASS 197 · Detection.kt — generated; running tests…
2026-09-02 04:03:12 | PASS 197 · Detection.kt — no change
2026-09-02 04:03:22 | PASS 197 · NormBox.kt — coding-lane hardening…
GLM_OK: rewrote app/src/main/java/ai/genwhy/nobonk/model/NormBox.kt (6056 chars)
2026-09-02 04:10:51 | PASS 197 · NormBox.kt — generated; running tests…
2026-09-02 04:10:52 | PASS 197 · NormBox.kt — no change
2026-09-02 04:11:02 | PASS 197 · SensorMonitor.kt — coding-lane hardening…
GLM_OK: rewrote app/src/main/java/ai/genwhy/nobonk/ml/SensorMonitor.kt (8834 chars)
2026-09-02 04:17:38 | PASS 197 · SensorMonitor.kt — generated; running tests…
2026-09-02 04:17:39 | PASS 197 · SensorMonitor.kt — no change
2026-09-02 04:17:49 | PASS 197 · DetectionEvent.kt — coding-lane hardening…
GLM_OK: rewrote app/src/main/java/ai/genwhy/nobonk/data/DetectionEvent.kt (9364 chars)
2026-09-02 04:26:21 | PASS 197 · DetectionEvent.kt — generated; running tests…
2026-09-02 04:26:22 | PASS 197 · DetectionEvent.kt — no change
2026-09-02 04:26:32 | PASS 197 · AlertPolicy.kt — coding-lane hardening…
GLM_OK: rewrote app/src/main/java/ai/genwhy/nobonk/ml/AlertPolicy.kt (10816 chars)
2026-09-02 04:36:44 | PASS 197 · AlertPolicy.kt — generated; running tests…
2026-09-02 04:36:45 | PASS 197 · AlertPolicy.kt — no change
2026-09-02 04:36:55 | PASS 197 · AnalyticsEngine.kt — coding-lane hardening…
GLM_OK: rewrote app/src/main/java/ai/genwhy/nobonk/analytics/AnalyticsEngine.kt (10620 chars)
2026-09-02 04:47:22 | PASS 197 · AnalyticsEngine.kt — generated; running tests…
2026-09-02 04:47:23 | PASS 197 · AnalyticsEngine.kt — no change
2026-09-02 04:47:33 | PASS 198 · Nms.kt — coding-lane hardening…
GLM_OK: rewrote app/src/main/java/ai/genwhy/nobonk/ml/Nms.kt (5107 chars)
2026-09-02 04:53:20 | PASS 198 · Nms.kt — generated; running tests…
2026-09-02 04:53:21 | PASS 198 · Nms.kt — no change
2026-09-02 04:53:31 | PASS 198 · LowLight.kt — coding-lane hardening…
GLM_OK: rewrote app/src/main/java/ai/genwhy/nobonk/ml/LowLight.kt (5393 chars)
2026-09-02 04:59:11 | PASS 198 · LowLight.kt — generated; running tests…
2026-09-02 04:59:12 | PASS 198 · LowLight.kt — no change
2026-09-02 04:59:22 | PASS 198 · Letterbox.kt — coding-lane hardening…
GLM_OK: rewrote app/src/main/java/ai/genwhy/nobonk/ml/Letterbox.kt (5876 chars)
2026-09-02 05:08:13 | PASS 198 · Letterbox.kt — generated; running tests…
2026-09-02 05:08:13 | PASS 198 · Letterbox.kt — no change
2026-09-02 05:08:23 | PASS 198 · Detection.kt — coding-lane hardening…
GLM_OK: rewrote app/src/main/java/ai/genwhy/nobonk/model/Detection.kt (6872 chars)
2026-09-02 05:17:30 | PASS 198 · Detection.kt — generated; running tests…
2026-09-02 05:17:31 | PASS 198 · Detection.kt — no change
2026-09-02 05:17:41 | PASS 198 · NormBox.kt — coding-lane hardening…
GLM_OK: rewrote app/src/main/java/ai/genwhy/nobonk/model/NormBox.kt (6056 chars)
2026-09-02 05:25:08 | PASS 198 · NormBox.kt — generated; running tests…
2026-09-02 05:25:09 | PASS 198 · NormBox.kt — no change
2026-09-02 05:25:19 | PASS 198 · SensorMonitor.kt — coding-lane hardening…
GLM_OK: rewrote app/src/main/java/ai/genwhy/nobonk/ml/SensorMonitor.kt (8834 chars)
2026-09-02 05:34:59 | PASS 198 · SensorMonitor.kt — generated; running tests…
2026-09-02 05:35:00 | PASS 198 · SensorMonitor.kt — no change
2026-09-02 05:35:10 | PASS 198 · DetectionEvent.kt — coding-lane hardening…
GLM_OK: rewrote app/src/main/java/ai/genwhy/nobonk/data/DetectionEvent.kt (9364 chars)
2026-09-02 05:45:47 | PASS 198 · DetectionEvent.kt — generated; running tests…
2026-09-02 05:45:48 | PASS 198 · DetectionEvent.kt — no change
2026-09-02 05:45:58 | PASS 198 · AlertPolicy.kt — coding-lane hardening…
GLM_OK: rewrote app/src/main/java/ai/genwhy/nobonk/ml/AlertPolicy.kt (10816 chars)
2026-09-02 05:52:19 | PASS 198 · AlertPolicy.kt — generated; running tests…
2026-09-02 05:52:19 | PASS 198 · AlertPolicy.kt — no change
2026-09-02 05:52:29 | PASS 198 · AnalyticsEngine.kt — coding-lane hardening…
GLM_OK: rewrote app/src/main/java/ai/genwhy/nobonk/analytics/AnalyticsEngine.kt (10620 chars)
2026-09-02 06:02:15 | PASS 198 · AnalyticsEngine.kt — generated; running tests…
2026-09-02 06:02:16 | PASS 198 · AnalyticsEngine.kt — no change
2026-09-02 06:02:26 | PASS 199 · Nms.kt — coding-lane hardening…
GLM_OK: rewrote app/src/main/java/ai/genwhy/nobonk/ml/Nms.kt (5107 chars)
2026-09-02 06:11:19 | PASS 199 · Nms.kt — generated; running tests…
2026-09-02 06:11:20 | PASS 199 · Nms.kt — no change
2026-09-02 06:11:30 | PASS 199 · LowLight.kt — coding-lane hardening…
GLM_OK: rewrote app/src/main/java/ai/genwhy/nobonk/ml/LowLight.kt (5393 chars)
2026-09-02 06:15:02 | PASS 199 · LowLight.kt — generated; running tests…
2026-09-02 06:15:03 | PASS 199 · LowLight.kt — no change
2026-09-02 06:15:13 | PASS 199 · Letterbox.kt — coding-lane hardening…
GLM_OK: rewrote app/src/main/java/ai/genwhy/nobonk/ml/Letterbox.kt (5874 chars)
2026-09-02 06:21:48 | PASS 199 · Letterbox.kt — generated; running tests…
2026-09-02 06:21:49 | PASS 199 · Letterbox.kt — TESTS GREEN, committed
2026-09-02 06:21:51 |   pushed to origin
2026-09-02 06:22:01 | PASS 199 · Detection.kt — coding-lane hardening…
GLM_OK: rewrote app/src/main/java/ai/genwhy/nobonk/model/Detection.kt (6872 chars)
2026-09-02 06:32:06 | PASS 199 · Detection.kt — generated; running tests…
2026-09-02 06:32:07 | PASS 199 · Detection.kt — no change
2026-09-02 06:32:17 | PASS 199 · NormBox.kt — coding-lane hardening…
GLM_OK: rewrote app/src/main/java/ai/genwhy/nobonk/model/NormBox.kt (6056 chars)
2026-09-02 06:43:22 | PASS 199 · NormBox.kt — generated; running tests…
2026-09-02 06:43:23 | PASS 199 · NormBox.kt — no change
2026-09-02 06:43:33 | PASS 199 · SensorMonitor.kt — coding-lane hardening…
GLM_OK: rewrote app/src/main/java/ai/genwhy/nobonk/ml/SensorMonitor.kt (8834 chars)
2026-09-02 06:54:32 | PASS 199 · SensorMonitor.kt — generated; running tests…
2026-09-02 06:54:33 | PASS 199 · SensorMonitor.kt — no change
2026-09-02 06:54:43 | PASS 199 · DetectionEvent.kt — coding-lane hardening…
GLM_OK: rewrote app/src/main/java/ai/genwhy/nobonk/data/DetectionEvent.kt (9364 chars)
2026-09-02 07:07:34 | PASS 199 · DetectionEvent.kt — generated; running tests…
2026-09-02 07:07:35 | PASS 199 · DetectionEvent.kt — no change
2026-09-02 07:07:45 | PASS 199 · AlertPolicy.kt — coding-lane hardening…
GLM_OK: rewrote app/src/main/java/ai/genwhy/nobonk/ml/AlertPolicy.kt (10816 chars)
2026-09-02 07:16:26 | PASS 199 · AlertPolicy.kt — generated; running tests…
2026-09-02 07:16:26 | PASS 199 · AlertPolicy.kt — no change
2026-09-02 07:16:36 | PASS 199 · AnalyticsEngine.kt — coding-lane hardening…
GLM_OK: rewrote app/src/main/java/ai/genwhy/nobonk/analytics/AnalyticsEngine.kt (10620 chars)
2026-09-02 07:24:17 | PASS 199 · AnalyticsEngine.kt — generated; running tests…
2026-09-02 07:24:18 | PASS 199 · AnalyticsEngine.kt — no change
2026-09-02 07:24:28 | PASS 200 · Nms.kt — coding-lane hardening…
GLM_OK: rewrote app/src/main/java/ai/genwhy/nobonk/ml/Nms.kt (5107 chars)
2026-09-02 07:33:49 | PASS 200 · Nms.kt — generated; running tests…
2026-09-02 07:33:50 | PASS 200 · Nms.kt — no change
2026-09-02 07:34:00 | PASS 200 · LowLight.kt — coding-lane hardening…
GLM_OK: rewrote app/src/main/java/ai/genwhy/nobonk/ml/LowLight.kt (5393 chars)
2026-09-02 07:40:31 | PASS 200 · LowLight.kt — generated; running tests…
2026-09-02 07:40:32 | PASS 200 · LowLight.kt — no change
2026-09-02 07:40:42 | PASS 200 · Letterbox.kt — coding-lane hardening…
GLM_OK: rewrote app/src/main/java/ai/genwhy/nobonk/ml/Letterbox.kt (5874 chars)
2026-09-02 07:47:01 | PASS 200 · Letterbox.kt — generated; running tests…
2026-09-02 07:47:02 | PASS 200 · Letterbox.kt — no change
2026-09-02 07:47:12 | PASS 200 · Detection.kt — coding-lane hardening…
GLM_OK: rewrote app/src/main/java/ai/genwhy/nobonk/model/Detection.kt (6872 chars)
2026-09-02 07:58:46 | PASS 200 · Detection.kt — generated; running tests…
2026-09-02 07:58:47 | PASS 200 · Detection.kt — no change
2026-09-02 07:58:57 | PASS 200 · NormBox.kt — coding-lane hardening…
GLM_OK: rewrote app/src/main/java/ai/genwhy/nobonk/model/NormBox.kt (6010 chars)
2026-09-02 08:06:27 | PASS 200 · NormBox.kt — generated; running tests…
2026-09-02 08:06:28 | PASS 200 · NormBox.kt — TESTS GREEN, committed
2026-09-02 08:06:30 |   pushed to origin
2026-09-02 08:06:40 | PASS 200 · SensorMonitor.kt — coding-lane hardening…
GLM_OK: rewrote app/src/main/java/ai/genwhy/nobonk/ml/SensorMonitor.kt (8834 chars)
2026-09-02 08:12:58 | PASS 200 · SensorMonitor.kt — generated; running tests…
2026-09-02 08:12:59 | PASS 200 · SensorMonitor.kt — no change
2026-09-02 08:13:09 | PASS 200 · DetectionEvent.kt — coding-lane hardening…
GLM_OK: rewrote app/src/main/java/ai/genwhy/nobonk/data/DetectionEvent.kt (9364 chars)
2026-09-02 08:21:16 | PASS 200 · DetectionEvent.kt — generated; running tests…
2026-09-02 08:21:17 | PASS 200 · DetectionEvent.kt — no change
2026-09-02 08:21:27 | PASS 200 · AlertPolicy.kt — coding-lane hardening…
GLM_OK: rewrote app/src/main/java/ai/genwhy/nobonk/ml/AlertPolicy.kt (10816 chars)
2026-09-02 08:30:56 | PASS 200 · AlertPolicy.kt — generated; running tests…
2026-09-02 08:30:56 | PASS 200 · AlertPolicy.kt — no change
2026-09-02 08:31:06 | PASS 200 · AnalyticsEngine.kt — coding-lane hardening…
GLM_OK: rewrote app/src/main/java/ai/genwhy/nobonk/analytics/AnalyticsEngine.kt (10620 chars)
2026-09-02 08:40:22 | PASS 200 · AnalyticsEngine.kt — generated; running tests…
2026-09-02 08:40:23 | PASS 200 · AnalyticsEngine.kt — no change
2026-09-02 08:40:33 | PASS 201 · Nms.kt — coding-lane hardening…
GLM_OK: rewrote app/src/main/java/ai/genwhy/nobonk/ml/Nms.kt (5107 chars)
2026-09-02 08:51:52 | PASS 201 · Nms.kt — generated; running tests…
2026-09-02 08:51:53 | PASS 201 · Nms.kt — no change
2026-09-02 08:52:03 | PASS 201 · LowLight.kt — coding-lane hardening…
GLM_OK: rewrote app/src/main/java/ai/genwhy/nobonk/ml/LowLight.kt (5393 chars)
2026-09-02 09:04:55 | PASS 201 · LowLight.kt — generated; running tests…
2026-09-02 09:04:56 | PASS 201 · LowLight.kt — no change
2026-09-02 09:05:06 | PASS 201 · Letterbox.kt — coding-lane hardening…
GLM_OK: rewrote app/src/main/java/ai/genwhy/nobonk/ml/Letterbox.kt (5874 chars)
2026-09-02 09:09:45 | PASS 201 · Letterbox.kt — generated; running tests…
2026-09-02 09:09:46 | PASS 201 · Letterbox.kt — no change
2026-09-02 09:09:56 | PASS 201 · Detection.kt — coding-lane hardening…
GLM_OK: rewrote app/src/main/java/ai/genwhy/nobonk/model/Detection.kt (6872 chars)
2026-09-02 09:20:43 | PASS 201 · Detection.kt — generated; running tests…
2026-09-02 09:20:44 | PASS 201 · Detection.kt — no change
2026-09-02 09:20:54 | PASS 201 · NormBox.kt — coding-lane hardening…
GLM_OK: rewrote app/src/main/java/ai/genwhy/nobonk/model/NormBox.kt (6010 chars)
2026-09-02 09:27:08 | PASS 201 · NormBox.kt — generated; running tests…
2026-09-02 09:27:09 | PASS 201 · NormBox.kt — no change
2026-09-02 09:27:19 | PASS 201 · SensorMonitor.kt — coding-lane hardening…
GLM_OK: rewrote app/src/main/java/ai/genwhy/nobonk/ml/SensorMonitor.kt (8834 chars)
2026-09-02 09:34:38 | PASS 201 · SensorMonitor.kt — generated; running tests…
2026-09-02 09:34:39 | PASS 201 · SensorMonitor.kt — no change
2026-09-02 09:34:49 | PASS 201 · DetectionEvent.kt — coding-lane hardening…
GLM_OK: rewrote app/src/main/java/ai/genwhy/nobonk/data/DetectionEvent.kt (9364 chars)
2026-09-02 09:41:30 | PASS 201 · DetectionEvent.kt — generated; running tests…
2026-09-02 09:41:31 | PASS 201 · DetectionEvent.kt — no change
2026-09-02 09:41:41 | PASS 201 · AlertPolicy.kt — coding-lane hardening…
GLM_OK: rewrote app/src/main/java/ai/genwhy/nobonk/ml/AlertPolicy.kt (10816 chars)
2026-09-02 09:50:46 | PASS 201 · AlertPolicy.kt — generated; running tests…
2026-09-02 09:50:47 | PASS 201 · AlertPolicy.kt — no change
2026-09-02 09:50:57 | PASS 201 · AnalyticsEngine.kt — coding-lane hardening…
GLM_OK: rewrote app/src/main/java/ai/genwhy/nobonk/analytics/AnalyticsEngine.kt (10620 chars)
2026-09-02 10:01:12 | PASS 201 · AnalyticsEngine.kt — generated; running tests…
2026-09-02 10:01:12 | PASS 201 · AnalyticsEngine.kt — no change
2026-09-02 10:01:22 | PASS 202 · Nms.kt — coding-lane hardening…
GLM_OK: rewrote app/src/main/java/ai/genwhy/nobonk/ml/Nms.kt (5107 chars)
2026-09-02 10:10:40 | PASS 202 · Nms.kt — generated; running tests…
2026-09-02 10:10:41 | PASS 202 · Nms.kt — no change
2026-09-02 10:10:51 | PASS 202 · LowLight.kt — coding-lane hardening…
GLM_OK: rewrote app/src/main/java/ai/genwhy/nobonk/ml/LowLight.kt (5393 chars)
2026-09-02 10:14:01 | PASS 202 · LowLight.kt — generated; running tests…
2026-09-02 10:14:01 | PASS 202 · LowLight.kt — no change
2026-09-02 10:14:11 | PASS 202 · Letterbox.kt — coding-lane hardening…
GLM_OK: rewrote app/src/main/java/ai/genwhy/nobonk/ml/Letterbox.kt (5874 chars)
2026-09-02 10:22:24 | PASS 202 · Letterbox.kt — generated; running tests…
2026-09-02 10:22:25 | PASS 202 · Letterbox.kt — no change
2026-09-02 10:22:35 | PASS 202 · Detection.kt — coding-lane hardening…
GLM_OK: rewrote app/src/main/java/ai/genwhy/nobonk/model/Detection.kt (6872 chars)
2026-09-02 10:32:08 | PASS 202 · Detection.kt — generated; running tests…
2026-09-02 10:32:08 | PASS 202 · Detection.kt — no change
2026-09-02 10:32:18 | PASS 202 · NormBox.kt — coding-lane hardening…
GLM_OK: rewrote app/src/main/java/ai/genwhy/nobonk/model/NormBox.kt (6010 chars)
2026-09-02 10:43:00 | PASS 202 · NormBox.kt — generated; running tests…
2026-09-02 10:43:00 | PASS 202 · NormBox.kt — no change
2026-09-02 10:43:10 | PASS 202 · SensorMonitor.kt — coding-lane hardening…
GLM_OK: rewrote app/src/main/java/ai/genwhy/nobonk/ml/SensorMonitor.kt (8834 chars)
2026-09-02 10:55:07 | PASS 202 · SensorMonitor.kt — generated; running tests…
2026-09-02 10:55:08 | PASS 202 · SensorMonitor.kt — no change
2026-09-02 10:55:18 | PASS 202 · DetectionEvent.kt — coding-lane hardening…
GLM_OK: rewrote app/src/main/java/ai/genwhy/nobonk/data/DetectionEvent.kt (9364 chars)
2026-09-02 11:04:14 | PASS 202 · DetectionEvent.kt — generated; running tests…
2026-09-02 11:04:15 | PASS 202 · DetectionEvent.kt — no change
2026-09-02 11:04:25 | PASS 202 · AlertPolicy.kt — coding-lane hardening…
GLM_OK: rewrote app/src/main/java/ai/genwhy/nobonk/ml/AlertPolicy.kt (10816 chars)
2026-09-02 11:12:39 | PASS 202 · AlertPolicy.kt — generated; running tests…
2026-09-02 11:12:40 | PASS 202 · AlertPolicy.kt — no change
2026-09-02 11:12:50 | PASS 202 · AnalyticsEngine.kt — coding-lane hardening…
GLM_OK: rewrote app/src/main/java/ai/genwhy/nobonk/analytics/AnalyticsEngine.kt (10620 chars)
2026-09-02 11:20:14 | PASS 202 · AnalyticsEngine.kt — generated; running tests…
2026-09-02 11:20:15 | PASS 202 · AnalyticsEngine.kt — no change
2026-09-02 11:20:25 | PASS 203 · Nms.kt — coding-lane hardening…
GLM_OK: rewrote app/src/main/java/ai/genwhy/nobonk/ml/Nms.kt (5107 chars)
2026-09-02 11:27:15 | PASS 203 · Nms.kt — generated; running tests…
2026-09-02 11:27:16 | PASS 203 · Nms.kt — no change
2026-09-02 11:27:26 | PASS 203 · LowLight.kt — coding-lane hardening…
GLM_OK: rewrote app/src/main/java/ai/genwhy/nobonk/ml/LowLight.kt (5393 chars)
2026-09-02 11:35:40 | PASS 203 · LowLight.kt — generated; running tests…
2026-09-02 11:35:41 | PASS 203 · LowLight.kt — no change
2026-09-02 11:35:51 | PASS 203 · Letterbox.kt — coding-lane hardening…
GLM_OK: rewrote app/src/main/java/ai/genwhy/nobonk/ml/Letterbox.kt (5874 chars)
2026-09-02 11:46:06 | PASS 203 · Letterbox.kt — generated; running tests…
2026-09-02 11:46:07 | PASS 203 · Letterbox.kt — no change
2026-09-02 11:46:17 | PASS 203 · Detection.kt — coding-lane hardening…
GLM_OK: rewrote app/src/main/java/ai/genwhy/nobonk/model/Detection.kt (6872 chars)
2026-09-02 11:51:00 | PASS 203 · Detection.kt — generated; running tests…
2026-09-02 11:51:00 | PASS 203 · Detection.kt — no change
2026-09-02 11:51:10 | PASS 203 · NormBox.kt — coding-lane hardening…
GLM_OK: rewrote app/src/main/java/ai/genwhy/nobonk/model/NormBox.kt (6010 chars)
2026-09-02 11:57:42 | PASS 203 · NormBox.kt — generated; running tests…
2026-09-02 11:57:43 | PASS 203 · NormBox.kt — no change
2026-09-02 11:57:53 | PASS 203 · SensorMonitor.kt — coding-lane hardening…
GLM_OK: rewrote app/src/main/java/ai/genwhy/nobonk/ml/SensorMonitor.kt (8834 chars)
2026-09-02 12:06:35 | PASS 203 · SensorMonitor.kt — generated; running tests…
2026-09-02 12:06:36 | PASS 203 · SensorMonitor.kt — no change
2026-09-02 12:06:46 | PASS 203 · DetectionEvent.kt — coding-lane hardening…
GLM_OK: rewrote app/src/main/java/ai/genwhy/nobonk/data/DetectionEvent.kt (9364 chars)
2026-09-02 12:17:04 | PASS 203 · DetectionEvent.kt — generated; running tests…
2026-09-02 12:17:05 | PASS 203 · DetectionEvent.kt — no change
2026-09-02 12:17:15 | PASS 203 · AlertPolicy.kt — coding-lane hardening…
GLM_OK: rewrote app/src/main/java/ai/genwhy/nobonk/ml/AlertPolicy.kt (10816 chars)
2026-09-02 12:23:06 | PASS 203 · AlertPolicy.kt — generated; running tests…
2026-09-02 12:23:07 | PASS 203 · AlertPolicy.kt — no change
2026-09-02 12:23:17 | PASS 203 · AnalyticsEngine.kt — coding-lane hardening…
GLM_OK: rewrote app/src/main/java/ai/genwhy/nobonk/analytics/AnalyticsEngine.kt (10620 chars)
2026-09-02 12:29:17 | PASS 203 · AnalyticsEngine.kt — generated; running tests…
2026-09-02 12:29:18 | PASS 203 · AnalyticsEngine.kt — no change
2026-09-02 12:29:28 | PASS 204 · Nms.kt — coding-lane hardening…
GLM_OK: rewrote app/src/main/java/ai/genwhy/nobonk/ml/Nms.kt (5107 chars)
2026-09-02 12:36:13 | PASS 204 · Nms.kt — generated; running tests…
2026-09-02 12:36:14 | PASS 204 · Nms.kt — no change
2026-09-02 12:36:24 | PASS 204 · LowLight.kt — coding-lane hardening…
GLM_OK: rewrote app/src/main/java/ai/genwhy/nobonk/ml/LowLight.kt (5393 chars)
2026-09-02 12:45:44 | PASS 204 · LowLight.kt — generated; running tests…
2026-09-02 12:45:45 | PASS 204 · LowLight.kt — no change
2026-09-02 12:45:55 | PASS 204 · Letterbox.kt — coding-lane hardening…
GLM_OK: rewrote app/src/main/java/ai/genwhy/nobonk/ml/Letterbox.kt (5874 chars)
2026-09-02 12:50:59 | PASS 204 · Letterbox.kt — generated; running tests…
2026-09-02 12:50:59 | PASS 204 · Letterbox.kt — no change
2026-09-02 12:51:09 | PASS 204 · Detection.kt — coding-lane hardening…
GLM_OK: rewrote app/src/main/java/ai/genwhy/nobonk/model/Detection.kt (6872 chars)
2026-09-02 12:54:45 | PASS 204 · Detection.kt — generated; running tests…
2026-09-02 12:54:46 | PASS 204 · Detection.kt — no change
2026-09-02 12:54:56 | PASS 204 · NormBox.kt — coding-lane hardening…
GLM_OK: rewrote app/src/main/java/ai/genwhy/nobonk/model/NormBox.kt (6010 chars)
2026-09-02 13:03:30 | PASS 204 · NormBox.kt — generated; running tests…
2026-09-02 13:03:31 | PASS 204 · NormBox.kt — no change
2026-09-02 13:03:41 | PASS 204 · SensorMonitor.kt — coding-lane hardening…
GLM_OK: rewrote app/src/main/java/ai/genwhy/nobonk/ml/SensorMonitor.kt (8834 chars)
2026-09-02 13:09:20 | PASS 204 · SensorMonitor.kt — generated; running tests…
2026-09-02 13:09:21 | PASS 204 · SensorMonitor.kt — no change
2026-09-02 13:09:31 | PASS 204 · DetectionEvent.kt — coding-lane hardening…
GLM_OK: rewrote app/src/main/java/ai/genwhy/nobonk/data/DetectionEvent.kt (9364 chars)
2026-09-02 13:19:10 | PASS 204 · DetectionEvent.kt — generated; running tests…
2026-09-02 13:19:11 | PASS 204 · DetectionEvent.kt — no change
2026-09-02 13:19:21 | PASS 204 · AlertPolicy.kt — coding-lane hardening…
GLM_OK: rewrote app/src/main/java/ai/genwhy/nobonk/ml/AlertPolicy.kt (10816 chars)
2026-09-02 13:31:25 | PASS 204 · AlertPolicy.kt — generated; running tests…
2026-09-02 13:31:26 | PASS 204 · AlertPolicy.kt — no change
2026-09-02 13:31:36 | PASS 204 · AnalyticsEngine.kt — coding-lane hardening…
GLM_OK: rewrote app/src/main/java/ai/genwhy/nobonk/analytics/AnalyticsEngine.kt (10620 chars)
2026-09-02 13:37:10 | PASS 204 · AnalyticsEngine.kt — generated; running tests…
2026-09-02 13:37:11 | PASS 204 · AnalyticsEngine.kt — no change
2026-09-02 13:37:21 | PASS 205 · Nms.kt — coding-lane hardening…
GLM_OK: rewrote app/src/main/java/ai/genwhy/nobonk/ml/Nms.kt (5107 chars)
2026-09-02 13:47:29 | PASS 205 · Nms.kt — generated; running tests…
2026-09-02 13:47:30 | PASS 205 · Nms.kt — no change
2026-09-02 13:47:40 | PASS 205 · LowLight.kt — coding-lane hardening…
GLM_OK: rewrote app/src/main/java/ai/genwhy/nobonk/ml/LowLight.kt (5393 chars)
2026-09-02 13:51:41 | PASS 205 · LowLight.kt — generated; running tests…
2026-09-02 13:51:42 | PASS 205 · LowLight.kt — no change
2026-09-02 13:51:52 | PASS 205 · Letterbox.kt — coding-lane hardening…
GLM_OK: rewrote app/src/main/java/ai/genwhy/nobonk/ml/Letterbox.kt (5874 chars)
2026-09-02 13:58:57 | PASS 205 · Letterbox.kt — generated; running tests…
2026-09-02 13:58:57 | PASS 205 · Letterbox.kt — no change
2026-09-02 13:59:07 | PASS 205 · Detection.kt — coding-lane hardening…
GLM_OK: rewrote app/src/main/java/ai/genwhy/nobonk/model/Detection.kt (6872 chars)
2026-09-02 14:06:27 | PASS 205 · Detection.kt — generated; running tests…
2026-09-02 14:06:28 | PASS 205 · Detection.kt — no change
2026-09-02 14:06:38 | PASS 205 · NormBox.kt — coding-lane hardening…
GLM_OK: rewrote app/src/main/java/ai/genwhy/nobonk/model/NormBox.kt (6010 chars)
2026-09-02 14:12:58 | PASS 205 · NormBox.kt — generated; running tests…
2026-09-02 14:12:58 | PASS 205 · NormBox.kt — no change
2026-09-02 14:13:08 | PASS 205 · SensorMonitor.kt — coding-lane hardening…
GLM_OK: rewrote app/src/main/java/ai/genwhy/nobonk/ml/SensorMonitor.kt (8834 chars)
2026-09-02 14:23:54 | PASS 205 · SensorMonitor.kt — generated; running tests…
2026-09-02 14:23:55 | PASS 205 · SensorMonitor.kt — no change
2026-09-02 14:24:05 | PASS 205 · DetectionEvent.kt — coding-lane hardening…
GLM_OK: rewrote app/src/main/java/ai/genwhy/nobonk/data/DetectionEvent.kt (9364 chars)
2026-09-02 14:32:35 | PASS 205 · DetectionEvent.kt — generated; running tests…
2026-09-02 14:32:36 | PASS 205 · DetectionEvent.kt — no change
2026-09-02 14:32:46 | PASS 205 · AlertPolicy.kt — coding-lane hardening…
GLM_OK: rewrote app/src/main/java/ai/genwhy/nobonk/ml/AlertPolicy.kt (10816 chars)
2026-09-02 14:43:20 | PASS 205 · AlertPolicy.kt — generated; running tests…
2026-09-02 14:43:20 | PASS 205 · AlertPolicy.kt — no change
2026-09-02 14:43:30 | PASS 205 · AnalyticsEngine.kt — coding-lane hardening…
GLM_OK: rewrote app/src/main/java/ai/genwhy/nobonk/analytics/AnalyticsEngine.kt (10620 chars)
2026-09-02 14:52:46 | PASS 205 · AnalyticsEngine.kt — generated; running tests…
2026-09-02 14:52:47 | PASS 205 · AnalyticsEngine.kt — no change
2026-09-02 14:52:57 | PASS 206 · Nms.kt — coding-lane hardening…
GLM_OK: rewrote app/src/main/java/ai/genwhy/nobonk/ml/Nms.kt (5107 chars)
2026-09-02 14:59:17 | PASS 206 · Nms.kt — generated; running tests…
2026-09-02 14:59:18 | PASS 206 · Nms.kt — no change
2026-09-02 14:59:28 | PASS 206 · LowLight.kt — coding-lane hardening…
GLM_OK: rewrote app/src/main/java/ai/genwhy/nobonk/ml/LowLight.kt (5393 chars)
2026-09-02 15:06:39 | PASS 206 · LowLight.kt — generated; running tests…
2026-09-02 15:06:40 | PASS 206 · LowLight.kt — no change
2026-09-02 15:06:50 | PASS 206 · Letterbox.kt — coding-lane hardening…
GLM_OK: rewrote app/src/main/java/ai/genwhy/nobonk/ml/Letterbox.kt (5874 chars)
2026-09-02 15:15:40 | PASS 206 · Letterbox.kt — generated; running tests…
2026-09-02 15:15:41 | PASS 206 · Letterbox.kt — no change
2026-09-02 15:15:51 | PASS 206 · Detection.kt — coding-lane hardening…
GLM_OK: rewrote app/src/main/java/ai/genwhy/nobonk/model/Detection.kt (6872 chars)
2026-09-02 15:27:10 | PASS 206 · Detection.kt — generated; running tests…
2026-09-02 15:27:11 | PASS 206 · Detection.kt — no change
2026-09-02 15:27:21 | PASS 206 · NormBox.kt — coding-lane hardening…
GLM_OK: rewrote app/src/main/java/ai/genwhy/nobonk/model/NormBox.kt (6010 chars)
2026-09-02 15:39:17 | PASS 206 · NormBox.kt — generated; running tests…
2026-09-02 15:39:18 | PASS 206 · NormBox.kt — no change
2026-09-02 15:39:28 | PASS 206 · SensorMonitor.kt — coding-lane hardening…
GLM_OK: rewrote app/src/main/java/ai/genwhy/nobonk/ml/SensorMonitor.kt (8834 chars)
2026-09-02 15:50:29 | PASS 206 · SensorMonitor.kt — generated; running tests…
2026-09-02 15:50:30 | PASS 206 · SensorMonitor.kt — no change
2026-09-02 15:50:40 | PASS 206 · DetectionEvent.kt — coding-lane hardening…
GLM_OK: rewrote app/src/main/java/ai/genwhy/nobonk/data/DetectionEvent.kt (9364 chars)
2026-09-02 16:01:35 | PASS 206 · DetectionEvent.kt — generated; running tests…
2026-09-02 16:01:36 | PASS 206 · DetectionEvent.kt — no change
2026-09-02 16:01:46 | PASS 206 · AlertPolicy.kt — coding-lane hardening…
GLM_OK: rewrote app/src/main/java/ai/genwhy/nobonk/ml/AlertPolicy.kt (10816 chars)
2026-09-02 16:11:27 | PASS 206 · AlertPolicy.kt — generated; running tests…
2026-09-02 16:11:28 | PASS 206 · AlertPolicy.kt — no change
2026-09-02 16:11:38 | PASS 206 · AnalyticsEngine.kt — coding-lane hardening…
GLM_OK: rewrote app/src/main/java/ai/genwhy/nobonk/analytics/AnalyticsEngine.kt (10620 chars)
2026-09-02 16:18:17 | PASS 206 · AnalyticsEngine.kt — generated; running tests…
2026-09-02 16:18:17 | PASS 206 · AnalyticsEngine.kt — no change
2026-09-02 16:18:27 | PASS 207 · Nms.kt — coding-lane hardening…
GLM_OK: rewrote app/src/main/java/ai/genwhy/nobonk/ml/Nms.kt (5211 chars)
2026-09-02 16:26:12 | PASS 207 · Nms.kt — generated; running tests…
2026-09-02 16:26:14 | PASS 207 · Nms.kt — TESTS GREEN, committed
2026-09-02 16:26:16 |   pushed to origin
2026-09-02 16:26:26 | PASS 207 · LowLight.kt — coding-lane hardening…
GLM_OK: rewrote app/src/main/java/ai/genwhy/nobonk/ml/LowLight.kt (5393 chars)
2026-09-02 16:36:54 | PASS 207 · LowLight.kt — generated; running tests…
2026-09-02 16:36:55 | PASS 207 · LowLight.kt — no change
2026-09-02 16:37:05 | PASS 207 · Letterbox.kt — coding-lane hardening…
GLM_OK: rewrote app/src/main/java/ai/genwhy/nobonk/ml/Letterbox.kt (5874 chars)
2026-09-02 16:46:53 | PASS 207 · Letterbox.kt — generated; running tests…
2026-09-02 16:46:54 | PASS 207 · Letterbox.kt — no change
2026-09-02 16:47:04 | PASS 207 · Detection.kt — coding-lane hardening…
GLM_OK: rewrote app/src/main/java/ai/genwhy/nobonk/model/Detection.kt (6872 chars)
2026-09-02 16:54:21 | PASS 207 · Detection.kt — generated; running tests…
2026-09-02 16:54:22 | PASS 207 · Detection.kt — no change
2026-09-02 16:54:32 | PASS 207 · NormBox.kt — coding-lane hardening…
GLM_OK: rewrote app/src/main/java/ai/genwhy/nobonk/model/NormBox.kt (6010 chars)
2026-09-02 17:03:15 | PASS 207 · NormBox.kt — generated; running tests…
2026-09-02 17:03:15 | PASS 207 · NormBox.kt — no change
2026-09-02 17:03:25 | PASS 207 · SensorMonitor.kt — coding-lane hardening…
GLM_OK: rewrote app/src/main/java/ai/genwhy/nobonk/ml/SensorMonitor.kt (8834 chars)
2026-09-02 17:10:58 | PASS 207 · SensorMonitor.kt — generated; running tests…
2026-09-02 17:10:59 | PASS 207 · SensorMonitor.kt — no change
2026-09-02 17:11:09 | PASS 207 · DetectionEvent.kt — coding-lane hardening…
GLM_OK: rewrote app/src/main/java/ai/genwhy/nobonk/data/DetectionEvent.kt (9364 chars)
2026-09-02 17:21:48 | PASS 207 · DetectionEvent.kt — generated; running tests…
2026-09-02 17:21:49 | PASS 207 · DetectionEvent.kt — no change
2026-09-02 17:21:59 | PASS 207 · AlertPolicy.kt — coding-lane hardening…
GLM_OK: rewrote app/src/main/java/ai/genwhy/nobonk/ml/AlertPolicy.kt (10816 chars)
2026-09-02 17:30:59 | PASS 207 · AlertPolicy.kt — generated; running tests…
2026-09-02 17:31:00 | PASS 207 · AlertPolicy.kt — no change
2026-09-02 17:31:10 | PASS 207 · AnalyticsEngine.kt — coding-lane hardening…
GLM_OK: rewrote app/src/main/java/ai/genwhy/nobonk/analytics/AnalyticsEngine.kt (10620 chars)
2026-09-02 17:37:27 | PASS 207 · AnalyticsEngine.kt — generated; running tests…
2026-09-02 17:37:28 | PASS 207 · AnalyticsEngine.kt — no change
2026-09-02 17:37:38 | PASS 208 · Nms.kt — coding-lane hardening…
GLM_OK: rewrote app/src/main/java/ai/genwhy/nobonk/ml/Nms.kt (5211 chars)
2026-09-02 17:49:57 | PASS 208 · Nms.kt — generated; running tests…
2026-09-02 17:49:58 | PASS 208 · Nms.kt — no change
2026-09-02 17:50:08 | PASS 208 · LowLight.kt — coding-lane hardening…
GLM_OK: rewrote app/src/main/java/ai/genwhy/nobonk/ml/LowLight.kt (5393 chars)
2026-09-02 17:59:15 | PASS 208 · LowLight.kt — generated; running tests…
2026-09-02 17:59:16 | PASS 208 · LowLight.kt — no change
2026-09-02 17:59:26 | PASS 208 · Letterbox.kt — coding-lane hardening…
GLM_OK: rewrote app/src/main/java/ai/genwhy/nobonk/ml/Letterbox.kt (5874 chars)
2026-09-02 18:06:24 | PASS 208 · Letterbox.kt — generated; running tests…
2026-09-02 18:06:25 | PASS 208 · Letterbox.kt — no change
2026-09-02 18:06:35 | PASS 208 · Detection.kt — coding-lane hardening…
GLM_OK: rewrote app/src/main/java/ai/genwhy/nobonk/model/Detection.kt (6872 chars)
2026-09-02 18:14:02 | PASS 208 · Detection.kt — generated; running tests…
2026-09-02 18:14:03 | PASS 208 · Detection.kt — no change
2026-09-02 18:14:13 | PASS 208 · NormBox.kt — coding-lane hardening…
GLM_OK: rewrote app/src/main/java/ai/genwhy/nobonk/model/NormBox.kt (6010 chars)
2026-09-02 18:23:49 | PASS 208 · NormBox.kt — generated; running tests…
2026-09-02 18:23:50 | PASS 208 · NormBox.kt — no change
2026-09-02 18:24:00 | PASS 208 · SensorMonitor.kt — coding-lane hardening…
GLM_OK: rewrote app/src/main/java/ai/genwhy/nobonk/ml/SensorMonitor.kt (8834 chars)
2026-09-02 18:33:00 | PASS 208 · SensorMonitor.kt — generated; running tests…
2026-09-02 18:33:01 | PASS 208 · SensorMonitor.kt — no change
2026-09-02 18:33:11 | PASS 208 · DetectionEvent.kt — coding-lane hardening…
GLM_OK: rewrote app/src/main/java/ai/genwhy/nobonk/data/DetectionEvent.kt (9364 chars)
2026-09-02 18:40:11 | PASS 208 · DetectionEvent.kt — generated; running tests…
2026-09-02 18:40:12 | PASS 208 · DetectionEvent.kt — no change
2026-09-02 18:40:22 | PASS 208 · AlertPolicy.kt — coding-lane hardening…
GLM_OK: rewrote app/src/main/java/ai/genwhy/nobonk/ml/AlertPolicy.kt (10816 chars)
2026-09-02 18:54:40 | PASS 208 · AlertPolicy.kt — generated; running tests…
2026-09-02 18:54:41 | PASS 208 · AlertPolicy.kt — no change
2026-09-02 18:54:51 | PASS 208 · AnalyticsEngine.kt — coding-lane hardening…
GLM_OK: rewrote app/src/main/java/ai/genwhy/nobonk/analytics/AnalyticsEngine.kt (10620 chars)
2026-09-02 19:08:33 | PASS 208 · AnalyticsEngine.kt — generated; running tests…
2026-09-02 19:08:33 | PASS 208 · AnalyticsEngine.kt — no change
2026-09-02 19:08:43 | PASS 209 · Nms.kt — coding-lane hardening…
GLM_OK: rewrote app/src/main/java/ai/genwhy/nobonk/ml/Nms.kt (5211 chars)
2026-09-02 19:17:04 | PASS 209 · Nms.kt — generated; running tests…
2026-09-02 19:17:04 | PASS 209 · Nms.kt — no change
2026-09-02 19:17:14 | PASS 209 · LowLight.kt — coding-lane hardening…
GLM_OK: rewrote app/src/main/java/ai/genwhy/nobonk/ml/LowLight.kt (5393 chars)
2026-09-02 19:25:49 | PASS 209 · LowLight.kt — generated; running tests…
2026-09-02 19:25:50 | PASS 209 · LowLight.kt — no change
2026-09-02 19:26:00 | PASS 209 · Letterbox.kt — coding-lane hardening…
GLM_OK: rewrote app/src/main/java/ai/genwhy/nobonk/ml/Letterbox.kt (5874 chars)
2026-09-02 19:33:19 | PASS 209 · Letterbox.kt — generated; running tests…
2026-09-02 19:33:20 | PASS 209 · Letterbox.kt — no change
2026-09-02 19:33:30 | PASS 209 · Detection.kt — coding-lane hardening…
GLM_OK: rewrote app/src/main/java/ai/genwhy/nobonk/model/Detection.kt (6872 chars)
2026-09-02 19:39:12 | PASS 209 · Detection.kt — generated; running tests…
2026-09-02 19:39:13 | PASS 209 · Detection.kt — no change
2026-09-02 19:39:23 | PASS 209 · NormBox.kt — coding-lane hardening…
GLM_OK: rewrote app/src/main/java/ai/genwhy/nobonk/model/NormBox.kt (6010 chars)
2026-09-02 19:50:36 | PASS 209 · NormBox.kt — generated; running tests…
2026-09-02 19:50:37 | PASS 209 · NormBox.kt — no change
2026-09-02 19:50:47 | PASS 209 · SensorMonitor.kt — coding-lane hardening…
GLM_OK: rewrote app/src/main/java/ai/genwhy/nobonk/ml/SensorMonitor.kt (8858 chars)
2026-09-02 20:04:40 | PASS 209 · SensorMonitor.kt — generated; running tests…
e: file:///home/onikita/projects/nobonk/app/src/main/java/ai/genwhy/nobonk/ml/SensorMonitor.kt:9:20 Unresolved reference 'toDegrees'.
e: file:///home/onikita/projects/nobonk/app/src/main/java/ai/genwhy/nobonk/ml/SensorMonitor.kt:182:9 Unresolved reference 'toDegrees'.

FAILURE: Build failed with an exception.

* What went wrong:
Execution failed for task ':app:compileDebugKotlin'.
> A failure occurred while executing org.jetbrains.kotlin.compilerRunner.GradleCompilerRunnerWithWorkers$GradleKotlinCompilerWorkAction
   > Compilation error. See log for more details

* Try:
> Run with --stacktrace option to get the stack trace.
> Run with --info or --debug option to get more log output.
> Run with --scan to generate a Build Scan (powered by Develocity).
> Get more help at https://help.gradle.org.

BUILD FAILED in 787ms
2026-09-02 20:04:41 | PASS 209 · SensorMonitor.kt — TESTS FAILED, reverted
2026-09-02 20:04:51 | PASS 209 · DetectionEvent.kt — coding-lane hardening…
GLM_OK: rewrote app/src/main/java/ai/genwhy/nobonk/data/DetectionEvent.kt (9368 chars)
2026-09-02 20:13:50 | PASS 209 · DetectionEvent.kt — generated; running tests…
2026-09-02 20:13:51 | PASS 209 · DetectionEvent.kt — TESTS GREEN, committed
2026-09-02 20:13:52 |   pushed to origin
2026-09-02 20:14:02 | PASS 209 · AlertPolicy.kt — coding-lane hardening…
GLM_OK: rewrote app/src/main/java/ai/genwhy/nobonk/ml/AlertPolicy.kt (10816 chars)
2026-09-02 20:21:55 | PASS 209 · AlertPolicy.kt — generated; running tests…
2026-09-02 20:21:56 | PASS 209 · AlertPolicy.kt — no change
2026-09-02 20:22:06 | PASS 209 · AnalyticsEngine.kt — coding-lane hardening…
GLM_OK: rewrote app/src/main/java/ai/genwhy/nobonk/analytics/AnalyticsEngine.kt (10620 chars)
2026-09-02 20:28:22 | PASS 209 · AnalyticsEngine.kt — generated; running tests…
2026-09-02 20:28:23 | PASS 209 · AnalyticsEngine.kt — no change
2026-09-02 20:28:33 | PASS 210 · Nms.kt — coding-lane hardening…
GLM_OK: rewrote app/src/main/java/ai/genwhy/nobonk/ml/Nms.kt (5211 chars)
2026-09-02 20:39:02 | PASS 210 · Nms.kt — generated; running tests…
2026-09-02 20:39:03 | PASS 210 · Nms.kt — no change
2026-09-02 20:39:13 | PASS 210 · LowLight.kt — coding-lane hardening…
GLM_OK: rewrote app/src/main/java/ai/genwhy/nobonk/ml/LowLight.kt (5393 chars)
2026-09-02 20:47:26 | PASS 210 · LowLight.kt — generated; running tests…
2026-09-02 20:47:27 | PASS 210 · LowLight.kt — no change
2026-09-02 20:47:37 | PASS 210 · Letterbox.kt — coding-lane hardening…
GLM_OK: rewrote app/src/main/java/ai/genwhy/nobonk/ml/Letterbox.kt (5874 chars)
2026-09-02 20:55:22 | PASS 210 · Letterbox.kt — generated; running tests…
2026-09-02 20:55:23 | PASS 210 · Letterbox.kt — no change
2026-09-02 20:55:33 | PASS 210 · Detection.kt — coding-lane hardening…
GLM_OK: rewrote app/src/main/java/ai/genwhy/nobonk/model/Detection.kt (6872 chars)
2026-09-02 21:03:45 | PASS 210 · Detection.kt — generated; running tests…
2026-09-02 21:03:45 | PASS 210 · Detection.kt — no change
2026-09-02 21:03:55 | PASS 210 · NormBox.kt — coding-lane hardening…
GLM_OK: rewrote app/src/main/java/ai/genwhy/nobonk/model/NormBox.kt (6010 chars)
2026-09-02 21:16:55 | PASS 210 · NormBox.kt — generated; running tests…
2026-09-02 21:16:55 | PASS 210 · NormBox.kt — no change
2026-09-02 21:17:05 | PASS 210 · SensorMonitor.kt — coding-lane hardening…
GLM_OK: rewrote app/src/main/java/ai/genwhy/nobonk/ml/SensorMonitor.kt (8834 chars)
2026-09-02 21:29:22 | PASS 210 · SensorMonitor.kt — generated; running tests…
2026-09-02 21:29:23 | PASS 210 · SensorMonitor.kt — no change
2026-09-02 21:29:33 | PASS 210 · DetectionEvent.kt — coding-lane hardening…
GLM_OK: rewrote app/src/main/java/ai/genwhy/nobonk/data/DetectionEvent.kt (9368 chars)
2026-09-02 21:37:07 | PASS 210 · DetectionEvent.kt — generated; running tests…
2026-09-02 21:37:08 | PASS 210 · DetectionEvent.kt — no change
2026-09-02 21:37:18 | PASS 210 · AlertPolicy.kt — coding-lane hardening…
GLM_OK: rewrote app/src/main/java/ai/genwhy/nobonk/ml/AlertPolicy.kt (10816 chars)
2026-09-02 21:47:02 | PASS 210 · AlertPolicy.kt — generated; running tests…
2026-09-02 21:47:03 | PASS 210 · AlertPolicy.kt — no change
2026-09-02 21:47:13 | PASS 210 · AnalyticsEngine.kt — coding-lane hardening…
GLM_OK: rewrote app/src/main/java/ai/genwhy/nobonk/analytics/AnalyticsEngine.kt (10620 chars)
2026-09-02 21:58:02 | PASS 210 · AnalyticsEngine.kt — generated; running tests…
2026-09-02 21:58:03 | PASS 210 · AnalyticsEngine.kt — no change
2026-09-02 21:58:13 | PASS 211 · Nms.kt — coding-lane hardening…
GLM_OK: rewrote app/src/main/java/ai/genwhy/nobonk/ml/Nms.kt (5211 chars)
2026-09-02 22:13:02 | PASS 211 · Nms.kt — generated; running tests…
2026-09-02 22:13:03 | PASS 211 · Nms.kt — no change
2026-09-02 22:13:13 | PASS 211 · LowLight.kt — coding-lane hardening…
GLM_OK: rewrote app/src/main/java/ai/genwhy/nobonk/ml/LowLight.kt (5393 chars)
2026-09-02 22:21:38 | PASS 211 · LowLight.kt — generated; running tests…
2026-09-02 22:21:39 | PASS 211 · LowLight.kt — no change
2026-09-02 22:21:49 | PASS 211 · Letterbox.kt — coding-lane hardening…
GLM_OK: rewrote app/src/main/java/ai/genwhy/nobonk/ml/Letterbox.kt (5874 chars)
2026-09-02 22:32:20 | PASS 211 · Letterbox.kt — generated; running tests…
2026-09-02 22:32:21 | PASS 211 · Letterbox.kt — no change
2026-09-02 22:32:31 | PASS 211 · Detection.kt — coding-lane hardening…
GLM_OK: rewrote app/src/main/java/ai/genwhy/nobonk/model/Detection.kt (6872 chars)
2026-09-02 22:44:34 | PASS 211 · Detection.kt — generated; running tests…
2026-09-02 22:44:35 | PASS 211 · Detection.kt — no change
2026-09-02 22:44:45 | PASS 211 · NormBox.kt — coding-lane hardening…
GLM_OK: rewrote app/src/main/java/ai/genwhy/nobonk/model/NormBox.kt (6010 chars)
2026-09-02 22:52:08 | PASS 211 · NormBox.kt — generated; running tests…
2026-09-02 22:52:08 | PASS 211 · NormBox.kt — no change
2026-09-02 22:52:18 | PASS 211 · SensorMonitor.kt — coding-lane hardening…
GLM_OK: rewrote app/src/main/java/ai/genwhy/nobonk/ml/SensorMonitor.kt (8834 chars)
2026-09-02 22:58:37 | PASS 211 · SensorMonitor.kt — generated; running tests…
2026-09-02 22:58:38 | PASS 211 · SensorMonitor.kt — no change
2026-09-02 22:58:48 | PASS 211 · DetectionEvent.kt — coding-lane hardening…
GLM_OK: rewrote app/src/main/java/ai/genwhy/nobonk/data/DetectionEvent.kt (9368 chars)
2026-09-02 23:10:46 | PASS 211 · DetectionEvent.kt — generated; running tests…
2026-09-02 23:10:47 | PASS 211 · DetectionEvent.kt — no change
2026-09-02 23:10:57 | PASS 211 · AlertPolicy.kt — coding-lane hardening…
GLM_OK: rewrote app/src/main/java/ai/genwhy/nobonk/ml/AlertPolicy.kt (10816 chars)
2026-09-02 23:23:46 | PASS 211 · AlertPolicy.kt — generated; running tests…
2026-09-02 23:23:47 | PASS 211 · AlertPolicy.kt — no change
2026-09-02 23:23:57 | PASS 211 · AnalyticsEngine.kt — coding-lane hardening…
GLM_OK: rewrote app/src/main/java/ai/genwhy/nobonk/analytics/AnalyticsEngine.kt (10620 chars)
2026-09-02 23:37:24 | PASS 211 · AnalyticsEngine.kt — generated; running tests…
2026-09-02 23:37:25 | PASS 211 · AnalyticsEngine.kt — no change
2026-09-02 23:37:35 | PASS 212 · Nms.kt — coding-lane hardening…
GLM_OK: rewrote app/src/main/java/ai/genwhy/nobonk/ml/Nms.kt (5211 chars)
2026-09-02 23:48:11 | PASS 212 · Nms.kt — generated; running tests…
2026-09-02 23:48:11 | PASS 212 · Nms.kt — no change
2026-09-02 23:48:21 | PASS 212 · LowLight.kt — coding-lane hardening…
GLM_OK: rewrote app/src/main/java/ai/genwhy/nobonk/ml/LowLight.kt (5393 chars)
2026-09-02 23:52:39 | PASS 212 · LowLight.kt — generated; running tests…
2026-09-02 23:52:40 | PASS 212 · LowLight.kt — no change
2026-09-02 23:52:50 | PASS 212 · Letterbox.kt — coding-lane hardening…
GLM_OK: rewrote app/src/main/java/ai/genwhy/nobonk/ml/Letterbox.kt (5874 chars)
2026-09-03 00:02:37 | PASS 212 · Letterbox.kt — generated; running tests…
2026-09-03 00:02:38 | PASS 212 · Letterbox.kt — no change
2026-09-03 00:02:48 | PASS 212 · Detection.kt — coding-lane hardening…
GLM_OK: rewrote app/src/main/java/ai/genwhy/nobonk/model/Detection.kt (6872 chars)
2026-09-03 00:11:21 | PASS 212 · Detection.kt — generated; running tests…
2026-09-03 00:11:22 | PASS 212 · Detection.kt — no change
2026-09-03 00:11:32 | PASS 212 · NormBox.kt — coding-lane hardening…
GLM_OK: rewrote app/src/main/java/ai/genwhy/nobonk/model/NormBox.kt (6010 chars)
2026-09-03 00:20:29 | PASS 212 · NormBox.kt — generated; running tests…
2026-09-03 00:20:30 | PASS 212 · NormBox.kt — no change
2026-09-03 00:20:40 | PASS 212 · SensorMonitor.kt — coding-lane hardening…
GLM_OK: rewrote app/src/main/java/ai/genwhy/nobonk/ml/SensorMonitor.kt (8834 chars)
2026-09-03 00:29:35 | PASS 212 · SensorMonitor.kt — generated; running tests…
2026-09-03 00:29:36 | PASS 212 · SensorMonitor.kt — no change
2026-09-03 00:29:46 | PASS 212 · DetectionEvent.kt — coding-lane hardening…
GLM_OK: rewrote app/src/main/java/ai/genwhy/nobonk/data/DetectionEvent.kt (9368 chars)
2026-09-03 00:39:36 | PASS 212 · DetectionEvent.kt — generated; running tests…
2026-09-03 00:39:37 | PASS 212 · DetectionEvent.kt — no change
2026-09-03 00:39:47 | PASS 212 · AlertPolicy.kt — coding-lane hardening…
GLM_OK: rewrote app/src/main/java/ai/genwhy/nobonk/ml/AlertPolicy.kt (10816 chars)
2026-09-03 00:48:28 | PASS 212 · AlertPolicy.kt — generated; running tests…
2026-09-03 00:48:29 | PASS 212 · AlertPolicy.kt — no change
2026-09-03 00:48:39 | PASS 212 · AnalyticsEngine.kt — coding-lane hardening…
GLM_OK: rewrote app/src/main/java/ai/genwhy/nobonk/analytics/AnalyticsEngine.kt (10620 chars)
2026-09-03 00:59:12 | PASS 212 · AnalyticsEngine.kt — generated; running tests…
2026-09-03 00:59:12 | PASS 212 · AnalyticsEngine.kt — no change
2026-09-03 00:59:22 | PASS 213 · Nms.kt — coding-lane hardening…
GLM_OK: rewrote app/src/main/java/ai/genwhy/nobonk/ml/Nms.kt (5211 chars)
2026-09-03 01:06:36 | PASS 213 · Nms.kt — generated; running tests…
2026-09-03 01:06:37 | PASS 213 · Nms.kt — no change
2026-09-03 01:06:47 | PASS 213 · LowLight.kt — coding-lane hardening…
GLM_OK: rewrote app/src/main/java/ai/genwhy/nobonk/ml/LowLight.kt (5393 chars)
2026-09-03 01:14:18 | PASS 213 · LowLight.kt — generated; running tests…
2026-09-03 01:14:18 | PASS 213 · LowLight.kt — no change
2026-09-03 01:14:28 | PASS 213 · Letterbox.kt — coding-lane hardening…
GLM_OK: rewrote app/src/main/java/ai/genwhy/nobonk/ml/Letterbox.kt (5874 chars)
2026-09-03 01:22:46 | PASS 213 · Letterbox.kt — generated; running tests…
2026-09-03 01:22:47 | PASS 213 · Letterbox.kt — no change
2026-09-03 01:22:57 | PASS 213 · Detection.kt — coding-lane hardening…
GLM_OK: rewrote app/src/main/java/ai/genwhy/nobonk/model/Detection.kt (6872 chars)
2026-09-03 01:34:27 | PASS 213 · Detection.kt — generated; running tests…
2026-09-03 01:34:27 | PASS 213 · Detection.kt — no change
2026-09-03 01:34:37 | PASS 213 · NormBox.kt — coding-lane hardening…
GLM_OK: rewrote app/src/main/java/ai/genwhy/nobonk/model/NormBox.kt (6010 chars)
2026-09-03 01:42:35 | PASS 213 · NormBox.kt — generated; running tests…
2026-09-03 01:42:36 | PASS 213 · NormBox.kt — no change
2026-09-03 01:42:46 | PASS 213 · SensorMonitor.kt — coding-lane hardening…
GLM_OK: rewrote app/src/main/java/ai/genwhy/nobonk/ml/SensorMonitor.kt (8834 chars)
2026-09-03 01:50:43 | PASS 213 · SensorMonitor.kt — generated; running tests…
2026-09-03 01:50:43 | PASS 213 · SensorMonitor.kt — no change
2026-09-03 01:50:53 | PASS 213 · DetectionEvent.kt — coding-lane hardening…
GLM_OK: rewrote app/src/main/java/ai/genwhy/nobonk/data/DetectionEvent.kt (9368 chars)
2026-09-03 01:55:47 | PASS 213 · DetectionEvent.kt — generated; running tests…
2026-09-03 01:55:48 | PASS 213 · DetectionEvent.kt — no change
2026-09-03 01:55:58 | PASS 213 · AlertPolicy.kt — coding-lane hardening…
GLM_OK: rewrote app/src/main/java/ai/genwhy/nobonk/ml/AlertPolicy.kt (10816 chars)
2026-09-03 02:05:09 | PASS 213 · AlertPolicy.kt — generated; running tests…
2026-09-03 02:05:10 | PASS 213 · AlertPolicy.kt — no change
2026-09-03 02:05:20 | PASS 213 · AnalyticsEngine.kt — coding-lane hardening…
GLM_OK: rewrote app/src/main/java/ai/genwhy/nobonk/analytics/AnalyticsEngine.kt (10620 chars)
2026-09-03 02:14:29 | PASS 213 · AnalyticsEngine.kt — generated; running tests…
2026-09-03 02:14:30 | PASS 213 · AnalyticsEngine.kt — no change
2026-09-03 02:14:40 | PASS 214 · Nms.kt — coding-lane hardening…
GLM_OK: rewrote app/src/main/java/ai/genwhy/nobonk/ml/Nms.kt (5211 chars)
2026-09-03 02:24:34 | PASS 214 · Nms.kt — generated; running tests…
2026-09-03 02:24:35 | PASS 214 · Nms.kt — no change
2026-09-03 02:24:45 | PASS 214 · LowLight.kt — coding-lane hardening…
GLM_OK: rewrote app/src/main/java/ai/genwhy/nobonk/ml/LowLight.kt (5393 chars)
2026-09-03 02:31:55 | PASS 214 · LowLight.kt — generated; running tests…
2026-09-03 02:31:56 | PASS 214 · LowLight.kt — no change
2026-09-03 02:32:06 | PASS 214 · Letterbox.kt — coding-lane hardening…
GLM_OK: rewrote app/src/main/java/ai/genwhy/nobonk/ml/Letterbox.kt (5874 chars)
2026-09-03 02:42:28 | PASS 214 · Letterbox.kt — generated; running tests…
2026-09-03 02:42:29 | PASS 214 · Letterbox.kt — no change
2026-09-03 02:42:39 | PASS 214 · Detection.kt — coding-lane hardening…
GLM_OK: rewrote app/src/main/java/ai/genwhy/nobonk/model/Detection.kt (6872 chars)
2026-09-03 02:48:14 | PASS 214 · Detection.kt — generated; running tests…
2026-09-03 02:48:15 | PASS 214 · Detection.kt — no change
2026-09-03 02:48:25 | PASS 214 · NormBox.kt — coding-lane hardening…
GLM_OK: rewrote app/src/main/java/ai/genwhy/nobonk/model/NormBox.kt (6010 chars)
2026-09-03 02:57:50 | PASS 214 · NormBox.kt — generated; running tests…
2026-09-03 02:57:51 | PASS 214 · NormBox.kt — no change
2026-09-03 02:58:01 | PASS 214 · SensorMonitor.kt — coding-lane hardening…
GLM_OK: rewrote app/src/main/java/ai/genwhy/nobonk/ml/SensorMonitor.kt (8834 chars)
2026-09-03 03:06:28 | PASS 214 · SensorMonitor.kt — generated; running tests…
2026-09-03 03:06:29 | PASS 214 · SensorMonitor.kt — no change
2026-09-03 03:06:39 | PASS 214 · DetectionEvent.kt — coding-lane hardening…
GLM_OK: rewrote app/src/main/java/ai/genwhy/nobonk/data/DetectionEvent.kt (9368 chars)
2026-09-03 03:15:12 | PASS 214 · DetectionEvent.kt — generated; running tests…
2026-09-03 03:15:13 | PASS 214 · DetectionEvent.kt — no change
2026-09-03 03:15:23 | PASS 214 · AlertPolicy.kt — coding-lane hardening…
GLM_OK: rewrote app/src/main/java/ai/genwhy/nobonk/ml/AlertPolicy.kt (10816 chars)
2026-09-03 03:24:03 | PASS 214 · AlertPolicy.kt — generated; running tests…
2026-09-03 03:24:04 | PASS 214 · AlertPolicy.kt — no change
2026-09-03 03:24:14 | PASS 214 · AnalyticsEngine.kt — coding-lane hardening…
GLM_OK: rewrote app/src/main/java/ai/genwhy/nobonk/analytics/AnalyticsEngine.kt (10620 chars)
2026-09-03 03:35:27 | PASS 214 · AnalyticsEngine.kt — generated; running tests…
2026-09-03 03:35:28 | PASS 214 · AnalyticsEngine.kt — no change
2026-09-03 03:35:38 | PASS 215 · Nms.kt — coding-lane hardening…
GLM_OK: rewrote app/src/main/java/ai/genwhy/nobonk/ml/Nms.kt (5211 chars)
2026-09-03 03:43:48 | PASS 215 · Nms.kt — generated; running tests…
2026-09-03 03:43:48 | PASS 215 · Nms.kt — no change
2026-09-03 03:43:58 | PASS 215 · LowLight.kt — coding-lane hardening…
GLM_OK: rewrote app/src/main/java/ai/genwhy/nobonk/ml/LowLight.kt (5393 chars)
2026-09-03 03:50:46 | PASS 215 · LowLight.kt — generated; running tests…
2026-09-03 03:50:47 | PASS 215 · LowLight.kt — no change
2026-09-03 03:50:57 | PASS 215 · Letterbox.kt — coding-lane hardening…
GLM_OK: rewrote app/src/main/java/ai/genwhy/nobonk/ml/Letterbox.kt (5874 chars)
2026-09-03 03:58:48 | PASS 215 · Letterbox.kt — generated; running tests…
2026-09-03 03:58:49 | PASS 215 · Letterbox.kt — no change
2026-09-03 03:58:59 | PASS 215 · Detection.kt — coding-lane hardening…
GLM_OK: rewrote app/src/main/java/ai/genwhy/nobonk/model/Detection.kt (6872 chars)
2026-09-03 04:04:57 | PASS 215 · Detection.kt — generated; running tests…
2026-09-03 04:04:58 | PASS 215 · Detection.kt — no change
2026-09-03 04:05:08 | PASS 215 · NormBox.kt — coding-lane hardening…
GLM_OK: rewrote app/src/main/java/ai/genwhy/nobonk/model/NormBox.kt (6010 chars)
2026-09-03 04:17:59 | PASS 215 · NormBox.kt — generated; running tests…
2026-09-03 04:18:00 | PASS 215 · NormBox.kt — no change
2026-09-03 04:18:10 | PASS 215 · SensorMonitor.kt — coding-lane hardening…
GLM_OK: rewrote app/src/main/java/ai/genwhy/nobonk/ml/SensorMonitor.kt (8834 chars)
2026-09-03 04:28:01 | PASS 215 · SensorMonitor.kt — generated; running tests…
2026-09-03 04:28:02 | PASS 215 · SensorMonitor.kt — no change
2026-09-03 04:28:12 | PASS 215 · DetectionEvent.kt — coding-lane hardening…
GLM_OK: rewrote app/src/main/java/ai/genwhy/nobonk/data/DetectionEvent.kt (9368 chars)
2026-09-03 04:34:29 | PASS 215 · DetectionEvent.kt — generated; running tests…
2026-09-03 04:34:30 | PASS 215 · DetectionEvent.kt — no change
2026-09-03 04:34:40 | PASS 215 · AlertPolicy.kt — coding-lane hardening…
GLM_OK: rewrote app/src/main/java/ai/genwhy/nobonk/ml/AlertPolicy.kt (10816 chars)
2026-09-03 04:41:39 | PASS 215 · AlertPolicy.kt — generated; running tests…
2026-09-03 04:41:40 | PASS 215 · AlertPolicy.kt — no change
2026-09-03 04:41:50 | PASS 215 · AnalyticsEngine.kt — coding-lane hardening…
GLM_OK: rewrote app/src/main/java/ai/genwhy/nobonk/analytics/AnalyticsEngine.kt (10620 chars)
2026-09-03 04:47:49 | PASS 215 · AnalyticsEngine.kt — generated; running tests…
2026-09-03 04:47:50 | PASS 215 · AnalyticsEngine.kt — no change
2026-09-03 04:48:00 | PASS 216 · Nms.kt — coding-lane hardening…
GLM_OK: rewrote app/src/main/java/ai/genwhy/nobonk/ml/Nms.kt (5211 chars)
2026-09-03 04:54:47 | PASS 216 · Nms.kt — generated; running tests…
2026-09-03 04:54:48 | PASS 216 · Nms.kt — no change
2026-09-03 04:54:58 | PASS 216 · LowLight.kt — coding-lane hardening…
GLM_OK: rewrote app/src/main/java/ai/genwhy/nobonk/ml/LowLight.kt (5393 chars)
2026-09-03 05:02:46 | PASS 216 · LowLight.kt — generated; running tests…
2026-09-03 05:02:46 | PASS 216 · LowLight.kt — no change
2026-09-03 05:02:56 | PASS 216 · Letterbox.kt — coding-lane hardening…
GLM_OK: rewrote app/src/main/java/ai/genwhy/nobonk/ml/Letterbox.kt (5874 chars)
2026-09-03 05:13:54 | PASS 216 · Letterbox.kt — generated; running tests…
2026-09-03 05:13:55 | PASS 216 · Letterbox.kt — no change
2026-09-03 05:14:05 | PASS 216 · Detection.kt — coding-lane hardening…
GLM_OK: rewrote app/src/main/java/ai/genwhy/nobonk/model/Detection.kt (6872 chars)
2026-09-03 05:27:32 | PASS 216 · Detection.kt — generated; running tests…
2026-09-03 05:27:32 | PASS 216 · Detection.kt — no change
2026-09-03 05:27:42 | PASS 216 · NormBox.kt — coding-lane hardening…
GLM_OK: rewrote app/src/main/java/ai/genwhy/nobonk/model/NormBox.kt (6010 chars)
2026-09-03 05:38:45 | PASS 216 · NormBox.kt — generated; running tests…
2026-09-03 05:38:46 | PASS 216 · NormBox.kt — no change
2026-09-03 05:38:56 | PASS 216 · SensorMonitor.kt — coding-lane hardening…
GLM_OK: rewrote app/src/main/java/ai/genwhy/nobonk/ml/SensorMonitor.kt (8834 chars)
2026-09-03 05:48:52 | PASS 216 · SensorMonitor.kt — generated; running tests…
2026-09-03 05:48:53 | PASS 216 · SensorMonitor.kt — no change
2026-09-03 05:49:03 | PASS 216 · DetectionEvent.kt — coding-lane hardening…
GLM_OK: rewrote app/src/main/java/ai/genwhy/nobonk/data/DetectionEvent.kt (9368 chars)
2026-09-03 05:59:52 | PASS 216 · DetectionEvent.kt — generated; running tests…
2026-09-03 05:59:52 | PASS 216 · DetectionEvent.kt — no change
2026-09-03 06:00:03 | PASS 216 · AlertPolicy.kt — coding-lane hardening…
GLM_OK: rewrote app/src/main/java/ai/genwhy/nobonk/ml/AlertPolicy.kt (10816 chars)
2026-09-03 06:12:57 | PASS 216 · AlertPolicy.kt — generated; running tests…
2026-09-03 06:12:58 | PASS 216 · AlertPolicy.kt — no change
2026-09-03 06:13:08 | PASS 216 · AnalyticsEngine.kt — coding-lane hardening…
GLM_OK: rewrote app/src/main/java/ai/genwhy/nobonk/analytics/AnalyticsEngine.kt (10620 chars)
2026-09-03 06:28:13 | PASS 216 · AnalyticsEngine.kt — generated; running tests…
2026-09-03 06:28:13 | PASS 216 · AnalyticsEngine.kt — no change
2026-09-03 06:28:23 | PASS 217 · Nms.kt — coding-lane hardening…
GLM_OK: rewrote app/src/main/java/ai/genwhy/nobonk/ml/Nms.kt (5211 chars)
2026-09-03 06:40:41 | PASS 217 · Nms.kt — generated; running tests…
2026-09-03 06:40:41 | PASS 217 · Nms.kt — no change
2026-09-03 06:40:51 | PASS 217 · LowLight.kt — coding-lane hardening…
GLM_OK: rewrote app/src/main/java/ai/genwhy/nobonk/ml/LowLight.kt (5393 chars)
2026-09-03 06:56:06 | PASS 217 · LowLight.kt — generated; running tests…
2026-09-03 06:56:07 | PASS 217 · LowLight.kt — no change
2026-09-03 06:56:17 | PASS 217 · Letterbox.kt — coding-lane hardening…
GLM_OK: rewrote app/src/main/java/ai/genwhy/nobonk/ml/Letterbox.kt (5874 chars)
2026-09-03 07:06:36 | PASS 217 · Letterbox.kt — generated; running tests…
2026-09-03 07:06:36 | PASS 217 · Letterbox.kt — no change
2026-09-03 07:06:46 | PASS 217 · Detection.kt — coding-lane hardening…
GLM_OK: rewrote app/src/main/java/ai/genwhy/nobonk/model/Detection.kt (6872 chars)
2026-09-03 07:16:07 | PASS 217 · Detection.kt — generated; running tests…
2026-09-03 07:16:07 | PASS 217 · Detection.kt — no change
2026-09-03 07:16:17 | PASS 217 · NormBox.kt — coding-lane hardening…
GLM_OK: rewrote app/src/main/java/ai/genwhy/nobonk/model/NormBox.kt (6010 chars)
2026-09-03 07:23:21 | PASS 217 · NormBox.kt — generated; running tests…
2026-09-03 07:23:22 | PASS 217 · NormBox.kt — no change
2026-09-03 07:23:32 | PASS 217 · SensorMonitor.kt — coding-lane hardening…
GLM_OK: rewrote app/src/main/java/ai/genwhy/nobonk/ml/SensorMonitor.kt (8834 chars)
2026-09-03 07:32:54 | PASS 217 · SensorMonitor.kt — generated; running tests…
2026-09-03 07:32:55 | PASS 217 · SensorMonitor.kt — no change
2026-09-03 07:33:05 | PASS 217 · DetectionEvent.kt — coding-lane hardening…
GLM_OK: rewrote app/src/main/java/ai/genwhy/nobonk/data/DetectionEvent.kt (9368 chars)
2026-09-03 07:44:34 | PASS 217 · DetectionEvent.kt — generated; running tests…
2026-09-03 07:44:35 | PASS 217 · DetectionEvent.kt — no change
2026-09-03 07:44:45 | PASS 217 · AlertPolicy.kt — coding-lane hardening…
GLM_OK: rewrote app/src/main/java/ai/genwhy/nobonk/ml/AlertPolicy.kt (10816 chars)
2026-09-03 07:56:35 | PASS 217 · AlertPolicy.kt — generated; running tests…
2026-09-03 07:56:36 | PASS 217 · AlertPolicy.kt — no change
2026-09-03 07:56:46 | PASS 217 · AnalyticsEngine.kt — coding-lane hardening…
GLM_OK: rewrote app/src/main/java/ai/genwhy/nobonk/analytics/AnalyticsEngine.kt (10620 chars)
2026-09-03 08:07:21 | PASS 217 · AnalyticsEngine.kt — generated; running tests…
2026-09-03 08:07:21 | PASS 217 · AnalyticsEngine.kt — no change
2026-09-03 08:07:31 | PASS 218 · Nms.kt — coding-lane hardening…
GLM_OK: rewrote app/src/main/java/ai/genwhy/nobonk/ml/Nms.kt (5211 chars)
2026-09-03 08:15:04 | PASS 218 · Nms.kt — generated; running tests…
2026-09-03 08:15:05 | PASS 218 · Nms.kt — no change
2026-09-03 08:15:15 | PASS 218 · LowLight.kt — coding-lane hardening…
GLM_OK: rewrote app/src/main/java/ai/genwhy/nobonk/ml/LowLight.kt (5393 chars)
2026-09-03 08:27:54 | PASS 218 · LowLight.kt — generated; running tests…
2026-09-03 08:27:55 | PASS 218 · LowLight.kt — no change
2026-09-03 08:28:05 | PASS 218 · Letterbox.kt — coding-lane hardening…
GLM_OK: rewrote app/src/main/java/ai/genwhy/nobonk/ml/Letterbox.kt (5874 chars)
2026-09-03 08:36:39 | PASS 218 · Letterbox.kt — generated; running tests…
2026-09-03 08:36:40 | PASS 218 · Letterbox.kt — no change
2026-09-03 08:36:50 | PASS 218 · Detection.kt — coding-lane hardening…
GLM_OK: rewrote app/src/main/java/ai/genwhy/nobonk/model/Detection.kt (6872 chars)
2026-09-03 08:46:11 | PASS 218 · Detection.kt — generated; running tests…
2026-09-03 08:46:12 | PASS 218 · Detection.kt — no change
2026-09-03 08:46:22 | PASS 218 · NormBox.kt — coding-lane hardening…
GLM_OK: rewrote app/src/main/java/ai/genwhy/nobonk/model/NormBox.kt (6010 chars)
2026-09-03 08:57:51 | PASS 218 · NormBox.kt — generated; running tests…
2026-09-03 08:57:52 | PASS 218 · NormBox.kt — no change
2026-09-03 08:58:02 | PASS 218 · SensorMonitor.kt — coding-lane hardening…
GLM_OK: rewrote app/src/main/java/ai/genwhy/nobonk/ml/SensorMonitor.kt (8834 chars)
2026-09-03 09:09:47 | PASS 218 · SensorMonitor.kt — generated; running tests…
2026-09-03 09:09:48 | PASS 218 · SensorMonitor.kt — no change
2026-09-03 09:09:58 | PASS 218 · DetectionEvent.kt — coding-lane hardening…
GLM_OK: rewrote app/src/main/java/ai/genwhy/nobonk/data/DetectionEvent.kt (9368 chars)
2026-09-03 09:20:49 | PASS 218 · DetectionEvent.kt — generated; running tests…
2026-09-03 09:20:50 | PASS 218 · DetectionEvent.kt — no change
2026-09-03 09:21:00 | PASS 218 · AlertPolicy.kt — coding-lane hardening…
GLM_OK: rewrote app/src/main/java/ai/genwhy/nobonk/ml/AlertPolicy.kt (10816 chars)
2026-09-03 09:32:25 | PASS 218 · AlertPolicy.kt — generated; running tests…
2026-09-03 09:32:26 | PASS 218 · AlertPolicy.kt — no change
2026-09-03 09:32:36 | PASS 218 · AnalyticsEngine.kt — coding-lane hardening…
GLM_OK: rewrote app/src/main/java/ai/genwhy/nobonk/analytics/AnalyticsEngine.kt (10620 chars)
2026-09-03 09:45:27 | PASS 218 · AnalyticsEngine.kt — generated; running tests…
2026-09-03 09:45:28 | PASS 218 · AnalyticsEngine.kt — no change
2026-09-03 09:45:38 | PASS 219 · Nms.kt — coding-lane hardening…
GLM_OK: rewrote app/src/main/java/ai/genwhy/nobonk/ml/Nms.kt (5211 chars)
2026-09-03 09:58:50 | PASS 219 · Nms.kt — generated; running tests…
2026-09-03 09:58:50 | PASS 219 · Nms.kt — no change
2026-09-03 09:59:00 | PASS 219 · LowLight.kt — coding-lane hardening…
GLM_OK: rewrote app/src/main/java/ai/genwhy/nobonk/ml/LowLight.kt (5393 chars)
2026-09-03 10:07:37 | PASS 219 · LowLight.kt — generated; running tests…
2026-09-03 10:07:38 | PASS 219 · LowLight.kt — no change
2026-09-03 10:07:48 | PASS 219 · Letterbox.kt — coding-lane hardening…
GLM_OK: rewrote app/src/main/java/ai/genwhy/nobonk/ml/Letterbox.kt (5874 chars)
2026-09-03 10:17:34 | PASS 219 · Letterbox.kt — generated; running tests…
2026-09-03 10:17:35 | PASS 219 · Letterbox.kt — no change
2026-09-03 10:17:45 | PASS 219 · Detection.kt — coding-lane hardening…
GLM_OK: rewrote app/src/main/java/ai/genwhy/nobonk/model/Detection.kt (6872 chars)
2026-09-03 10:23:33 | PASS 219 · Detection.kt — generated; running tests…
2026-09-03 10:23:34 | PASS 219 · Detection.kt — no change
2026-09-03 10:23:44 | PASS 219 · NormBox.kt — coding-lane hardening…
GLM_OK: rewrote app/src/main/java/ai/genwhy/nobonk/model/NormBox.kt (6010 chars)
2026-09-03 10:33:07 | PASS 219 · NormBox.kt — generated; running tests…
2026-09-03 10:33:08 | PASS 219 · NormBox.kt — no change
2026-09-03 10:33:18 | PASS 219 · SensorMonitor.kt — coding-lane hardening…
GLM_OK: rewrote app/src/main/java/ai/genwhy/nobonk/ml/SensorMonitor.kt (8834 chars)
2026-09-03 10:39:56 | PASS 219 · SensorMonitor.kt — generated; running tests…
2026-09-03 10:39:57 | PASS 219 · SensorMonitor.kt — no change
2026-09-03 10:40:07 | PASS 219 · DetectionEvent.kt — coding-lane hardening…
GLM_OK: rewrote app/src/main/java/ai/genwhy/nobonk/data/DetectionEvent.kt (9368 chars)
2026-09-03 10:46:04 | PASS 219 · DetectionEvent.kt — generated; running tests…
2026-09-03 10:46:05 | PASS 219 · DetectionEvent.kt — no change
2026-09-03 10:46:15 | PASS 219 · AlertPolicy.kt — coding-lane hardening…
GLM_OK: rewrote app/src/main/java/ai/genwhy/nobonk/ml/AlertPolicy.kt (10816 chars)
2026-09-03 10:56:51 | PASS 219 · AlertPolicy.kt — generated; running tests…
2026-09-03 10:56:52 | PASS 219 · AlertPolicy.kt — no change
2026-09-03 10:57:02 | PASS 219 · AnalyticsEngine.kt — coding-lane hardening…
GLM_OK: rewrote app/src/main/java/ai/genwhy/nobonk/analytics/AnalyticsEngine.kt (10620 chars)
2026-09-03 11:11:04 | PASS 219 · AnalyticsEngine.kt — generated; running tests…
2026-09-03 11:11:05 | PASS 219 · AnalyticsEngine.kt — no change
2026-09-03 11:11:15 | PASS 220 · Nms.kt — coding-lane hardening…
GLM_OK: rewrote app/src/main/java/ai/genwhy/nobonk/ml/Nms.kt (5211 chars)
2026-09-03 11:24:37 | PASS 220 · Nms.kt — generated; running tests…
2026-09-03 11:24:37 | PASS 220 · Nms.kt — no change
2026-09-03 11:24:47 | PASS 220 · LowLight.kt — coding-lane hardening…
GLM_OK: rewrote app/src/main/java/ai/genwhy/nobonk/ml/LowLight.kt (5393 chars)
2026-09-03 11:32:20 | PASS 220 · LowLight.kt — generated; running tests…
2026-09-03 11:32:20 | PASS 220 · LowLight.kt — no change
2026-09-03 11:32:30 | PASS 220 · Letterbox.kt — coding-lane hardening…
GLM_OK: rewrote app/src/main/java/ai/genwhy/nobonk/ml/Letterbox.kt (5874 chars)
2026-09-03 11:42:07 | PASS 220 · Letterbox.kt — generated; running tests…
2026-09-03 11:42:08 | PASS 220 · Letterbox.kt — no change
2026-09-03 11:42:18 | PASS 220 · Detection.kt — coding-lane hardening…
GLM_OK: rewrote app/src/main/java/ai/genwhy/nobonk/model/Detection.kt (6872 chars)
2026-09-03 11:46:00 | PASS 220 · Detection.kt — generated; running tests…
2026-09-03 11:46:01 | PASS 220 · Detection.kt — no change
2026-09-03 11:46:11 | PASS 220 · NormBox.kt — coding-lane hardening…
GLM_OK: rewrote app/src/main/java/ai/genwhy/nobonk/model/NormBox.kt (6088 chars)
2026-09-03 11:55:23 | PASS 220 · NormBox.kt — generated; running tests…
2026-09-03 11:55:24 | PASS 220 · NormBox.kt — TESTS GREEN, committed
2026-09-03 11:55:26 |   pushed to origin
2026-09-03 11:55:36 | PASS 220 · SensorMonitor.kt — coding-lane hardening…
GLM_OK: rewrote app/src/main/java/ai/genwhy/nobonk/ml/SensorMonitor.kt (8834 chars)
2026-09-03 12:07:02 | PASS 220 · SensorMonitor.kt — generated; running tests…
2026-09-03 12:07:03 | PASS 220 · SensorMonitor.kt — no change
2026-09-03 12:07:13 | PASS 220 · DetectionEvent.kt — coding-lane hardening…
GLM_OK: rewrote app/src/main/java/ai/genwhy/nobonk/data/DetectionEvent.kt (9368 chars)
2026-09-03 12:17:40 | PASS 220 · DetectionEvent.kt — generated; running tests…
2026-09-03 12:17:41 | PASS 220 · DetectionEvent.kt — no change
2026-09-03 12:17:51 | PASS 220 · AlertPolicy.kt — coding-lane hardening…
GLM_OK: rewrote app/src/main/java/ai/genwhy/nobonk/ml/AlertPolicy.kt (10816 chars)
2026-09-03 12:27:33 | PASS 220 · AlertPolicy.kt — generated; running tests…
2026-09-03 12:27:34 | PASS 220 · AlertPolicy.kt — no change
2026-09-03 12:27:44 | PASS 220 · AnalyticsEngine.kt — coding-lane hardening…
GLM_OK: rewrote app/src/main/java/ai/genwhy/nobonk/analytics/AnalyticsEngine.kt (10620 chars)
2026-09-03 12:35:35 | PASS 220 · AnalyticsEngine.kt — generated; running tests…
2026-09-03 12:35:36 | PASS 220 · AnalyticsEngine.kt — no change
2026-09-03 12:35:46 | PASS 221 · Nms.kt — coding-lane hardening…
GLM_OK: rewrote app/src/main/java/ai/genwhy/nobonk/ml/Nms.kt (5211 chars)
2026-09-03 12:40:40 | PASS 221 · Nms.kt — generated; running tests…
2026-09-03 12:40:41 | PASS 221 · Nms.kt — no change
2026-09-03 12:40:51 | PASS 221 · LowLight.kt — coding-lane hardening…
GLM_OK: rewrote app/src/main/java/ai/genwhy/nobonk/ml/LowLight.kt (5393 chars)
2026-09-03 12:51:38 | PASS 221 · LowLight.kt — generated; running tests…
2026-09-03 12:51:39 | PASS 221 · LowLight.kt — no change
2026-09-03 12:51:49 | PASS 221 · Letterbox.kt — coding-lane hardening…
GLM_OK: rewrote app/src/main/java/ai/genwhy/nobonk/ml/Letterbox.kt (5874 chars)
2026-09-03 13:01:07 | PASS 221 · Letterbox.kt — generated; running tests…
2026-09-03 13:01:08 | PASS 221 · Letterbox.kt — no change
2026-09-03 13:01:18 | PASS 221 · Detection.kt — coding-lane hardening…
GLM_OK: rewrote app/src/main/java/ai/genwhy/nobonk/model/Detection.kt (6872 chars)
2026-09-03 13:10:58 | PASS 221 · Detection.kt — generated; running tests…
2026-09-03 13:10:58 | PASS 221 · Detection.kt — no change
2026-09-03 13:11:08 | PASS 221 · NormBox.kt — coding-lane hardening…
GLM_OK: rewrote app/src/main/java/ai/genwhy/nobonk/model/NormBox.kt (6088 chars)
2026-09-03 13:18:40 | PASS 221 · NormBox.kt — generated; running tests…
2026-09-03 13:18:41 | PASS 221 · NormBox.kt — no change
2026-09-03 13:18:51 | PASS 221 · SensorMonitor.kt — coding-lane hardening…
GLM_OK: rewrote app/src/main/java/ai/genwhy/nobonk/ml/SensorMonitor.kt (8834 chars)
2026-09-03 13:27:32 | PASS 221 · SensorMonitor.kt — generated; running tests…
2026-09-03 13:27:32 | PASS 221 · SensorMonitor.kt — no change
2026-09-03 13:27:42 | PASS 221 · DetectionEvent.kt — coding-lane hardening…
GLM_OK: rewrote app/src/main/java/ai/genwhy/nobonk/data/DetectionEvent.kt (9368 chars)
2026-09-03 13:38:03 | PASS 221 · DetectionEvent.kt — generated; running tests…
2026-09-03 13:38:04 | PASS 221 · DetectionEvent.kt — no change
2026-09-03 13:38:14 | PASS 221 · AlertPolicy.kt — coding-lane hardening…
GLM_OK: rewrote app/src/main/java/ai/genwhy/nobonk/ml/AlertPolicy.kt (10816 chars)
2026-09-03 13:45:25 | PASS 221 · AlertPolicy.kt — generated; running tests…
2026-09-03 13:45:26 | PASS 221 · AlertPolicy.kt — no change
2026-09-03 13:45:36 | PASS 221 · AnalyticsEngine.kt — coding-lane hardening…
GLM_OK: rewrote app/src/main/java/ai/genwhy/nobonk/analytics/AnalyticsEngine.kt (10620 chars)
2026-09-03 13:52:55 | PASS 221 · AnalyticsEngine.kt — generated; running tests…
2026-09-03 13:52:56 | PASS 221 · AnalyticsEngine.kt — no change
2026-09-03 13:53:06 | PASS 222 · Nms.kt — coding-lane hardening…
GLM_OK: rewrote app/src/main/java/ai/genwhy/nobonk/ml/Nms.kt (5211 chars)
2026-09-03 14:02:43 | PASS 222 · Nms.kt — generated; running tests…
2026-09-03 14:02:44 | PASS 222 · Nms.kt — no change
2026-09-03 14:02:54 | PASS 222 · LowLight.kt — coding-lane hardening…
GLM_OK: rewrote app/src/main/java/ai/genwhy/nobonk/ml/LowLight.kt (5393 chars)
2026-09-03 14:12:22 | PASS 222 · LowLight.kt — generated; running tests…
2026-09-03 14:12:23 | PASS 222 · LowLight.kt — no change
2026-09-03 14:12:33 | PASS 222 · Letterbox.kt — coding-lane hardening…
GLM_OK: rewrote app/src/main/java/ai/genwhy/nobonk/ml/Letterbox.kt (5874 chars)
2026-09-03 14:23:20 | PASS 222 · Letterbox.kt — generated; running tests…
2026-09-03 14:23:21 | PASS 222 · Letterbox.kt — no change
2026-09-03 14:23:31 | PASS 222 · Detection.kt — coding-lane hardening…
GLM_OK: rewrote app/src/main/java/ai/genwhy/nobonk/model/Detection.kt (6872 chars)
2026-09-03 14:32:57 | PASS 222 · Detection.kt — generated; running tests…
2026-09-03 14:32:58 | PASS 222 · Detection.kt — no change
2026-09-03 14:33:08 | PASS 222 · NormBox.kt — coding-lane hardening…
GLM_OK: rewrote app/src/main/java/ai/genwhy/nobonk/model/NormBox.kt (6088 chars)
2026-09-03 14:42:06 | PASS 222 · NormBox.kt — generated; running tests…
2026-09-03 14:42:07 | PASS 222 · NormBox.kt — no change
2026-09-03 14:42:17 | PASS 222 · SensorMonitor.kt — coding-lane hardening…
GLM_OK: rewrote app/src/main/java/ai/genwhy/nobonk/ml/SensorMonitor.kt (8915 chars)
2026-09-03 14:48:18 | PASS 222 · SensorMonitor.kt — generated; running tests…
2026-09-03 14:48:20 | PASS 222 · SensorMonitor.kt — TESTS GREEN, committed
2026-09-03 14:48:22 |   pushed to origin
2026-09-03 14:48:32 | PASS 222 · DetectionEvent.kt — coding-lane hardening…
GLM_OK: rewrote app/src/main/java/ai/genwhy/nobonk/data/DetectionEvent.kt (9368 chars)
2026-09-03 14:57:02 | PASS 222 · DetectionEvent.kt — generated; running tests…
2026-09-03 14:57:03 | PASS 222 · DetectionEvent.kt — no change
2026-09-03 14:57:13 | PASS 222 · AlertPolicy.kt — coding-lane hardening…
GLM_OK: rewrote app/src/main/java/ai/genwhy/nobonk/ml/AlertPolicy.kt (10816 chars)
2026-09-03 15:08:11 | PASS 222 · AlertPolicy.kt — generated; running tests…
2026-09-03 15:08:12 | PASS 222 · AlertPolicy.kt — no change
2026-09-03 15:08:22 | PASS 222 · AnalyticsEngine.kt — coding-lane hardening…
GLM_OK: rewrote app/src/main/java/ai/genwhy/nobonk/analytics/AnalyticsEngine.kt (10620 chars)
2026-09-03 15:19:30 | PASS 222 · AnalyticsEngine.kt — generated; running tests…
2026-09-03 15:19:31 | PASS 222 · AnalyticsEngine.kt — no change
2026-09-03 15:19:41 | PASS 223 · Nms.kt — coding-lane hardening…
GLM_OK: rewrote app/src/main/java/ai/genwhy/nobonk/ml/Nms.kt (5211 chars)
2026-09-03 15:32:32 | PASS 223 · Nms.kt — generated; running tests…
2026-09-03 15:32:33 | PASS 223 · Nms.kt — no change
2026-09-03 15:32:43 | PASS 223 · LowLight.kt — coding-lane hardening…
GLM_OK: rewrote app/src/main/java/ai/genwhy/nobonk/ml/LowLight.kt (5393 chars)
2026-09-03 15:40:32 | PASS 223 · LowLight.kt — generated; running tests…
2026-09-03 15:40:32 | PASS 223 · LowLight.kt — no change
2026-09-03 15:40:42 | PASS 223 · Letterbox.kt — coding-lane hardening…
GLM_OK: rewrote app/src/main/java/ai/genwhy/nobonk/ml/Letterbox.kt (5874 chars)
2026-09-03 15:51:18 | PASS 223 · Letterbox.kt — generated; running tests…
2026-09-03 15:51:19 | PASS 223 · Letterbox.kt — no change
2026-09-03 15:51:29 | PASS 223 · Detection.kt — coding-lane hardening…
GLM_OK: rewrote app/src/main/java/ai/genwhy/nobonk/model/Detection.kt (6872 chars)
2026-09-03 15:58:08 | PASS 223 · Detection.kt — generated; running tests…
2026-09-03 15:58:08 | PASS 223 · Detection.kt — no change
2026-09-03 15:58:18 | PASS 223 · NormBox.kt — coding-lane hardening…
GLM_OK: rewrote app/src/main/java/ai/genwhy/nobonk/model/NormBox.kt (6088 chars)
2026-09-03 16:08:51 | PASS 223 · NormBox.kt — generated; running tests…
2026-09-03 16:08:52 | PASS 223 · NormBox.kt — no change
2026-09-03 16:09:02 | PASS 223 · SensorMonitor.kt — coding-lane hardening…
GLM_OK: rewrote app/src/main/java/ai/genwhy/nobonk/ml/SensorMonitor.kt (8915 chars)
2026-09-03 16:18:40 | PASS 223 · SensorMonitor.kt — generated; running tests…
2026-09-03 16:18:41 | PASS 223 · SensorMonitor.kt — no change
2026-09-03 16:18:51 | PASS 223 · DetectionEvent.kt — coding-lane hardening…
GLM_OK: rewrote app/src/main/java/ai/genwhy/nobonk/data/DetectionEvent.kt (9368 chars)
2026-09-03 16:29:45 | PASS 223 · DetectionEvent.kt — generated; running tests…
2026-09-03 16:29:46 | PASS 223 · DetectionEvent.kt — no change
2026-09-03 16:29:56 | PASS 223 · AlertPolicy.kt — coding-lane hardening…
GLM_OK: rewrote app/src/main/java/ai/genwhy/nobonk/ml/AlertPolicy.kt (10816 chars)
2026-09-03 16:42:58 | PASS 223 · AlertPolicy.kt — generated; running tests…
2026-09-03 16:42:58 | PASS 223 · AlertPolicy.kt — no change
2026-09-03 16:43:08 | PASS 223 · AnalyticsEngine.kt — coding-lane hardening…
GLM_OK: rewrote app/src/main/java/ai/genwhy/nobonk/analytics/AnalyticsEngine.kt (10620 chars)
2026-09-03 16:55:24 | PASS 223 · AnalyticsEngine.kt — generated; running tests…
2026-09-03 16:55:25 | PASS 223 · AnalyticsEngine.kt — no change
2026-09-03 16:55:35 | PASS 224 · Nms.kt — coding-lane hardening…
GLM_OK: rewrote app/src/main/java/ai/genwhy/nobonk/ml/Nms.kt (5211 chars)
2026-09-03 17:01:51 | PASS 224 · Nms.kt — generated; running tests…
2026-09-03 17:01:52 | PASS 224 · Nms.kt — no change
2026-09-03 17:02:02 | PASS 224 · LowLight.kt — coding-lane hardening…
GLM_OK: rewrote app/src/main/java/ai/genwhy/nobonk/ml/LowLight.kt (5393 chars)
2026-09-03 17:10:08 | PASS 224 · LowLight.kt — generated; running tests…
2026-09-03 17:10:09 | PASS 224 · LowLight.kt — no change
2026-09-03 17:10:19 | PASS 224 · Letterbox.kt — coding-lane hardening…
GLM_OK: rewrote app/src/main/java/ai/genwhy/nobonk/ml/Letterbox.kt (5874 chars)
2026-09-03 17:16:16 | PASS 224 · Letterbox.kt — generated; running tests…
2026-09-03 17:16:17 | PASS 224 · Letterbox.kt — no change
2026-09-03 17:16:27 | PASS 224 · Detection.kt — coding-lane hardening…
GLM_OK: rewrote app/src/main/java/ai/genwhy/nobonk/model/Detection.kt (6872 chars)
2026-09-03 17:31:13 | PASS 224 · Detection.kt — generated; running tests…
2026-09-03 17:31:14 | PASS 224 · Detection.kt — no change
2026-09-03 17:31:24 | PASS 224 · NormBox.kt — coding-lane hardening…
GLM_OK: rewrote app/src/main/java/ai/genwhy/nobonk/model/NormBox.kt (6088 chars)
2026-09-03 17:41:22 | PASS 224 · NormBox.kt — generated; running tests…
2026-09-03 17:41:23 | PASS 224 · NormBox.kt — no change
2026-09-03 17:41:33 | PASS 224 · SensorMonitor.kt — coding-lane hardening…
GLM_OK: rewrote app/src/main/java/ai/genwhy/nobonk/ml/SensorMonitor.kt (8939 chars)
2026-09-03 17:53:45 | PASS 224 · SensorMonitor.kt — generated; running tests…
e: file:///home/onikita/projects/nobonk/app/src/main/java/ai/genwhy/nobonk/ml/SensorMonitor.kt:9:20 Unresolved reference 'toDegrees'.
e: file:///home/onikita/projects/nobonk/app/src/main/java/ai/genwhy/nobonk/ml/SensorMonitor.kt:183:9 Unresolved reference 'toDegrees'.

FAILURE: Build failed with an exception.

* What went wrong:
Execution failed for task ':app:compileDebugKotlin'.
> A failure occurred while executing org.jetbrains.kotlin.compilerRunner.GradleCompilerRunnerWithWorkers$GradleKotlinCompilerWorkAction
   > Compilation error. See log for more details

* Try:
> Run with --stacktrace option to get the stack trace.
> Run with --info or --debug option to get more log output.
> Run with --scan to generate a Build Scan (powered by Develocity).
> Get more help at https://help.gradle.org.

BUILD FAILED in 686ms
2026-09-03 17:53:45 | PASS 224 · SensorMonitor.kt — TESTS FAILED, reverted
2026-09-03 17:53:55 | PASS 224 · DetectionEvent.kt — coding-lane hardening…
GLM_OK: rewrote app/src/main/java/ai/genwhy/nobonk/data/DetectionEvent.kt (9368 chars)
2026-09-03 18:01:14 | PASS 224 · DetectionEvent.kt — generated; running tests…
2026-09-03 18:01:15 | PASS 224 · DetectionEvent.kt — no change
2026-09-03 18:01:25 | PASS 224 · AlertPolicy.kt — coding-lane hardening…
GLM_OK: rewrote app/src/main/java/ai/genwhy/nobonk/ml/AlertPolicy.kt (10816 chars)
2026-09-03 18:10:57 | PASS 224 · AlertPolicy.kt — generated; running tests…
2026-09-03 18:10:58 | PASS 224 · AlertPolicy.kt — no change
2026-09-03 18:11:08 | PASS 224 · AnalyticsEngine.kt — coding-lane hardening…
GLM_OK: rewrote app/src/main/java/ai/genwhy/nobonk/analytics/AnalyticsEngine.kt (10620 chars)
2026-09-03 18:23:13 | PASS 224 · AnalyticsEngine.kt — generated; running tests…
2026-09-03 18:23:13 | PASS 224 · AnalyticsEngine.kt — no change
2026-09-03 18:23:24 | PASS 225 · Nms.kt — coding-lane hardening…
GLM_OK: rewrote app/src/main/java/ai/genwhy/nobonk/ml/Nms.kt (5211 chars)
2026-09-03 18:31:22 | PASS 225 · Nms.kt — generated; running tests…
2026-09-03 18:31:23 | PASS 225 · Nms.kt — no change
2026-09-03 18:31:33 | PASS 225 · LowLight.kt — coding-lane hardening…
GLM_OK: rewrote app/src/main/java/ai/genwhy/nobonk/ml/LowLight.kt (5393 chars)
2026-09-03 18:38:33 | PASS 225 · LowLight.kt — generated; running tests…
2026-09-03 18:38:34 | PASS 225 · LowLight.kt — no change
2026-09-03 18:38:44 | PASS 225 · Letterbox.kt — coding-lane hardening…
GLM_OK: rewrote app/src/main/java/ai/genwhy/nobonk/ml/Letterbox.kt (5874 chars)
2026-09-03 18:52:46 | PASS 225 · Letterbox.kt — generated; running tests…
2026-09-03 18:52:47 | PASS 225 · Letterbox.kt — no change
2026-09-03 18:52:57 | PASS 225 · Detection.kt — coding-lane hardening…
GLM_OK: rewrote app/src/main/java/ai/genwhy/nobonk/model/Detection.kt (6872 chars)
2026-09-03 19:00:46 | PASS 225 · Detection.kt — generated; running tests…
2026-09-03 19:00:46 | PASS 225 · Detection.kt — no change
2026-09-03 19:00:56 | PASS 225 · NormBox.kt — coding-lane hardening…
GLM_OK: rewrote app/src/main/java/ai/genwhy/nobonk/model/NormBox.kt (6088 chars)
2026-09-03 19:08:57 | PASS 225 · NormBox.kt — generated; running tests…
2026-09-03 19:08:58 | PASS 225 · NormBox.kt — no change
2026-09-03 19:09:08 | PASS 225 · SensorMonitor.kt — coding-lane hardening…
GLM_OK: rewrote app/src/main/java/ai/genwhy/nobonk/ml/SensorMonitor.kt (8915 chars)
2026-09-03 19:18:39 | PASS 225 · SensorMonitor.kt — generated; running tests…
2026-09-03 19:18:40 | PASS 225 · SensorMonitor.kt — no change
2026-09-03 19:18:50 | PASS 225 · DetectionEvent.kt — coding-lane hardening…
GLM_OK: rewrote app/src/main/java/ai/genwhy/nobonk/data/DetectionEvent.kt (9368 chars)
2026-09-03 19:30:27 | PASS 225 · DetectionEvent.kt — generated; running tests…
2026-09-03 19:30:28 | PASS 225 · DetectionEvent.kt — no change
2026-09-03 19:30:38 | PASS 225 · AlertPolicy.kt — coding-lane hardening…
GLM_OK: rewrote app/src/main/java/ai/genwhy/nobonk/ml/AlertPolicy.kt (10816 chars)
2026-09-03 19:42:53 | PASS 225 · AlertPolicy.kt — generated; running tests…
2026-09-03 19:42:54 | PASS 225 · AlertPolicy.kt — no change
2026-09-03 19:43:04 | PASS 225 · AnalyticsEngine.kt — coding-lane hardening…
GLM_OK: rewrote app/src/main/java/ai/genwhy/nobonk/analytics/AnalyticsEngine.kt (10620 chars)
2026-09-03 19:55:36 | PASS 225 · AnalyticsEngine.kt — generated; running tests…
2026-09-03 19:55:37 | PASS 225 · AnalyticsEngine.kt — no change
2026-09-03 19:55:47 | PASS 226 · Nms.kt — coding-lane hardening…
GLM_OK: rewrote app/src/main/java/ai/genwhy/nobonk/ml/Nms.kt (5211 chars)
2026-09-03 20:03:21 | PASS 226 · Nms.kt — generated; running tests…
2026-09-03 20:03:21 | PASS 226 · Nms.kt — no change
2026-09-03 20:03:31 | PASS 226 · LowLight.kt — coding-lane hardening…
GLM_OK: rewrote app/src/main/java/ai/genwhy/nobonk/ml/LowLight.kt (5393 chars)
2026-09-03 20:12:36 | PASS 226 · LowLight.kt — generated; running tests…
2026-09-03 20:12:37 | PASS 226 · LowLight.kt — no change
2026-09-03 20:12:47 | PASS 226 · Letterbox.kt — coding-lane hardening…
GLM_OK: rewrote app/src/main/java/ai/genwhy/nobonk/ml/Letterbox.kt (5874 chars)
2026-09-03 20:23:26 | PASS 226 · Letterbox.kt — generated; running tests…
2026-09-03 20:23:27 | PASS 226 · Letterbox.kt — no change
2026-09-03 20:23:37 | PASS 226 · Detection.kt — coding-lane hardening…
GLM_OK: rewrote app/src/main/java/ai/genwhy/nobonk/model/Detection.kt (6872 chars)
2026-09-03 20:34:39 | PASS 226 · Detection.kt — generated; running tests…
2026-09-03 20:34:40 | PASS 226 · Detection.kt — no change
2026-09-03 20:34:50 | PASS 226 · NormBox.kt — coding-lane hardening…
GLM_OK: rewrote app/src/main/java/ai/genwhy/nobonk/model/NormBox.kt (6088 chars)
2026-09-03 20:48:01 | PASS 226 · NormBox.kt — generated; running tests…
2026-09-03 20:48:01 | PASS 226 · NormBox.kt — no change
2026-09-03 20:48:12 | PASS 226 · SensorMonitor.kt — coding-lane hardening…
GLM_OK: rewrote app/src/main/java/ai/genwhy/nobonk/ml/SensorMonitor.kt (8915 chars)
2026-09-03 21:00:40 | PASS 226 · SensorMonitor.kt — generated; running tests…
2026-09-03 21:00:41 | PASS 226 · SensorMonitor.kt — no change
2026-09-03 21:00:51 | PASS 226 · DetectionEvent.kt — coding-lane hardening…
GLM_OK: rewrote app/src/main/java/ai/genwhy/nobonk/data/DetectionEvent.kt (9368 chars)
2026-09-03 21:12:23 | PASS 226 · DetectionEvent.kt — generated; running tests…
2026-09-03 21:12:24 | PASS 226 · DetectionEvent.kt — no change
2026-09-03 21:12:34 | PASS 226 · AlertPolicy.kt — coding-lane hardening…
GLM_OK: rewrote app/src/main/java/ai/genwhy/nobonk/ml/AlertPolicy.kt (10816 chars)
2026-09-03 21:23:43 | PASS 226 · AlertPolicy.kt — generated; running tests…
2026-09-03 21:23:44 | PASS 226 · AlertPolicy.kt — no change
2026-09-03 21:23:54 | PASS 226 · AnalyticsEngine.kt — coding-lane hardening…
GLM_OK: rewrote app/src/main/java/ai/genwhy/nobonk/analytics/AnalyticsEngine.kt (10620 chars)
2026-09-03 21:35:35 | PASS 226 · AnalyticsEngine.kt — generated; running tests…
2026-09-03 21:35:36 | PASS 226 · AnalyticsEngine.kt — no change
2026-09-03 21:35:46 | PASS 227 · Nms.kt — coding-lane hardening…
GLM_OK: rewrote app/src/main/java/ai/genwhy/nobonk/ml/Nms.kt (5211 chars)
2026-09-03 21:47:03 | PASS 227 · Nms.kt — generated; running tests…
2026-09-03 21:47:03 | PASS 227 · Nms.kt — no change
2026-09-03 21:47:13 | PASS 227 · LowLight.kt — coding-lane hardening…
GLM_OK: rewrote app/src/main/java/ai/genwhy/nobonk/ml/LowLight.kt (5393 chars)
2026-09-03 21:59:31 | PASS 227 · LowLight.kt — generated; running tests…
2026-09-03 21:59:32 | PASS 227 · LowLight.kt — no change
2026-09-03 21:59:42 | PASS 227 · Letterbox.kt — coding-lane hardening…
GLM_OK: rewrote app/src/main/java/ai/genwhy/nobonk/ml/Letterbox.kt (5874 chars)
2026-09-03 22:08:42 | PASS 227 · Letterbox.kt — generated; running tests…
2026-09-03 22:08:43 | PASS 227 · Letterbox.kt — no change
2026-09-03 22:08:53 | PASS 227 · Detection.kt — coding-lane hardening…
GLM_OK: rewrote app/src/main/java/ai/genwhy/nobonk/model/Detection.kt (6872 chars)
2026-09-03 22:17:14 | PASS 227 · Detection.kt — generated; running tests…
2026-09-03 22:17:15 | PASS 227 · Detection.kt — no change
2026-09-03 22:17:25 | PASS 227 · NormBox.kt — coding-lane hardening…
GLM_OK: rewrote app/src/main/java/ai/genwhy/nobonk/model/NormBox.kt (6088 chars)
2026-09-03 22:24:13 | PASS 227 · NormBox.kt — generated; running tests…
2026-09-03 22:24:13 | PASS 227 · NormBox.kt — no change
2026-09-03 22:24:23 | PASS 227 · SensorMonitor.kt — coding-lane hardening…
GLM_OK: rewrote app/src/main/java/ai/genwhy/nobonk/ml/SensorMonitor.kt (8915 chars)
2026-09-03 22:34:10 | PASS 227 · SensorMonitor.kt — generated; running tests…
2026-09-03 22:34:11 | PASS 227 · SensorMonitor.kt — no change
2026-09-03 22:34:21 | PASS 227 · DetectionEvent.kt — coding-lane hardening…
GLM_OK: rewrote app/src/main/java/ai/genwhy/nobonk/data/DetectionEvent.kt (9368 chars)
2026-09-03 22:45:27 | PASS 227 · DetectionEvent.kt — generated; running tests…
2026-09-03 22:45:28 | PASS 227 · DetectionEvent.kt — no change
2026-09-03 22:45:38 | PASS 227 · AlertPolicy.kt — coding-lane hardening…
GLM_OK: rewrote app/src/main/java/ai/genwhy/nobonk/ml/AlertPolicy.kt (10816 chars)
2026-09-03 23:00:02 | PASS 227 · AlertPolicy.kt — generated; running tests…
2026-09-03 23:00:03 | PASS 227 · AlertPolicy.kt — no change
2026-09-03 23:00:13 | PASS 227 · AnalyticsEngine.kt — coding-lane hardening…
GLM_OK: rewrote app/src/main/java/ai/genwhy/nobonk/analytics/AnalyticsEngine.kt (10620 chars)
2026-09-03 23:12:53 | PASS 227 · AnalyticsEngine.kt — generated; running tests…
2026-09-03 23:12:54 | PASS 227 · AnalyticsEngine.kt — no change
2026-09-03 23:13:04 | PASS 228 · Nms.kt — coding-lane hardening…
GLM_OK: rewrote app/src/main/java/ai/genwhy/nobonk/ml/Nms.kt (5211 chars)
2026-09-03 23:21:15 | PASS 228 · Nms.kt — generated; running tests…
2026-09-03 23:21:16 | PASS 228 · Nms.kt — no change
2026-09-03 23:21:26 | PASS 228 · LowLight.kt — coding-lane hardening…
GLM_OK: rewrote app/src/main/java/ai/genwhy/nobonk/ml/LowLight.kt (5393 chars)
2026-09-03 23:31:45 | PASS 228 · LowLight.kt — generated; running tests…
2026-09-03 23:31:46 | PASS 228 · LowLight.kt — no change
2026-09-03 23:31:56 | PASS 228 · Letterbox.kt — coding-lane hardening…
GLM_OK: rewrote app/src/main/java/ai/genwhy/nobonk/ml/Letterbox.kt (5874 chars)
2026-09-03 23:39:35 | PASS 228 · Letterbox.kt — generated; running tests…
2026-09-03 23:39:36 | PASS 228 · Letterbox.kt — no change
2026-09-03 23:39:46 | PASS 228 · Detection.kt — coding-lane hardening…
GLM_OK: rewrote app/src/main/java/ai/genwhy/nobonk/model/Detection.kt (6872 chars)
2026-09-03 23:47:02 | PASS 228 · Detection.kt — generated; running tests…
2026-09-03 23:47:03 | PASS 228 · Detection.kt — no change
2026-09-03 23:47:13 | PASS 228 · NormBox.kt — coding-lane hardening…
GLM_OK: rewrote app/src/main/java/ai/genwhy/nobonk/model/NormBox.kt (6088 chars)
2026-09-03 23:52:33 | PASS 228 · NormBox.kt — generated; running tests…
2026-09-03 23:52:33 | PASS 228 · NormBox.kt — no change
2026-09-03 23:52:43 | PASS 228 · SensorMonitor.kt — coding-lane hardening…
GLM_OK: rewrote app/src/main/java/ai/genwhy/nobonk/ml/SensorMonitor.kt (8915 chars)
2026-09-04 00:00:56 | PASS 228 · SensorMonitor.kt — generated; running tests…
2026-09-04 00:00:56 | PASS 228 · SensorMonitor.kt — no change
2026-09-04 00:01:06 | PASS 228 · DetectionEvent.kt — coding-lane hardening…
GLM_OK: rewrote app/src/main/java/ai/genwhy/nobonk/data/DetectionEvent.kt (9368 chars)
2026-09-04 00:12:08 | PASS 228 · DetectionEvent.kt — generated; running tests…
2026-09-04 00:12:08 | PASS 228 · DetectionEvent.kt — no change
2026-09-04 00:12:18 | PASS 228 · AlertPolicy.kt — coding-lane hardening…
GLM_OK: rewrote app/src/main/java/ai/genwhy/nobonk/ml/AlertPolicy.kt (10816 chars)
2026-09-04 00:26:53 | PASS 228 · AlertPolicy.kt — generated; running tests…
2026-09-04 00:26:54 | PASS 228 · AlertPolicy.kt — no change
2026-09-04 00:27:04 | PASS 228 · AnalyticsEngine.kt — coding-lane hardening…
GLM_OK: rewrote app/src/main/java/ai/genwhy/nobonk/analytics/AnalyticsEngine.kt (10620 chars)
2026-09-04 00:36:45 | PASS 228 · AnalyticsEngine.kt — generated; running tests…
2026-09-04 00:36:45 | PASS 228 · AnalyticsEngine.kt — no change
2026-09-04 00:36:55 | PASS 229 · Nms.kt — coding-lane hardening…
GLM_OK: rewrote app/src/main/java/ai/genwhy/nobonk/ml/Nms.kt (5211 chars)
2026-09-04 00:45:32 | PASS 229 · Nms.kt — generated; running tests…
2026-09-04 00:45:33 | PASS 229 · Nms.kt — no change
2026-09-04 00:45:43 | PASS 229 · LowLight.kt — coding-lane hardening…
GLM_OK: rewrote app/src/main/java/ai/genwhy/nobonk/ml/LowLight.kt (5393 chars)
2026-09-04 00:54:32 | PASS 229 · LowLight.kt — generated; running tests…
2026-09-04 00:54:33 | PASS 229 · LowLight.kt — no change
2026-09-04 00:54:43 | PASS 229 · Letterbox.kt — coding-lane hardening…
GLM_OK: rewrote app/src/main/java/ai/genwhy/nobonk/ml/Letterbox.kt (5874 chars)
2026-09-04 00:58:19 | PASS 229 · Letterbox.kt — generated; running tests…
2026-09-04 00:58:20 | PASS 229 · Letterbox.kt — no change
2026-09-04 00:58:30 | PASS 229 · Detection.kt — coding-lane hardening…
GLM_OK: rewrote app/src/main/java/ai/genwhy/nobonk/model/Detection.kt (6872 chars)
2026-09-04 01:08:29 | PASS 229 · Detection.kt — generated; running tests…
2026-09-04 01:08:30 | PASS 229 · Detection.kt — no change
2026-09-04 01:08:40 | PASS 229 · NormBox.kt — coding-lane hardening…
GLM_OK: rewrote app/src/main/java/ai/genwhy/nobonk/model/NormBox.kt (6088 chars)
2026-09-04 01:19:13 | PASS 229 · NormBox.kt — generated; running tests…
2026-09-04 01:19:14 | PASS 229 · NormBox.kt — no change
2026-09-04 01:19:24 | PASS 229 · SensorMonitor.kt — coding-lane hardening…
GLM_OK: rewrote app/src/main/java/ai/genwhy/nobonk/ml/SensorMonitor.kt (8915 chars)
2026-09-04 01:27:37 | PASS 229 · SensorMonitor.kt — generated; running tests…
2026-09-04 01:27:38 | PASS 229 · SensorMonitor.kt — no change
2026-09-04 01:27:48 | PASS 229 · DetectionEvent.kt — coding-lane hardening…
GLM_OK: rewrote app/src/main/java/ai/genwhy/nobonk/data/DetectionEvent.kt (9368 chars)
2026-09-04 01:40:08 | PASS 229 · DetectionEvent.kt — generated; running tests…
2026-09-04 01:40:09 | PASS 229 · DetectionEvent.kt — no change
2026-09-04 01:40:19 | PASS 229 · AlertPolicy.kt — coding-lane hardening…
GLM_OK: rewrote app/src/main/java/ai/genwhy/nobonk/ml/AlertPolicy.kt (10816 chars)
2026-09-04 01:51:56 | PASS 229 · AlertPolicy.kt — generated; running tests…
2026-09-04 01:51:57 | PASS 229 · AlertPolicy.kt — no change
2026-09-04 01:52:07 | PASS 229 · AnalyticsEngine.kt — coding-lane hardening…
GLM_OK: rewrote app/src/main/java/ai/genwhy/nobonk/analytics/AnalyticsEngine.kt (10620 chars)
2026-09-04 02:02:19 | PASS 229 · AnalyticsEngine.kt — generated; running tests…
2026-09-04 02:02:20 | PASS 229 · AnalyticsEngine.kt — no change
2026-09-04 02:02:30 | PASS 230 · Nms.kt — coding-lane hardening…
GLM_OK: rewrote app/src/main/java/ai/genwhy/nobonk/ml/Nms.kt (5211 chars)
2026-09-04 02:09:40 | PASS 230 · Nms.kt — generated; running tests…
2026-09-04 02:09:41 | PASS 230 · Nms.kt — no change
2026-09-04 02:09:51 | PASS 230 · LowLight.kt — coding-lane hardening…
GLM_OK: rewrote app/src/main/java/ai/genwhy/nobonk/ml/LowLight.kt (5393 chars)
2026-09-04 02:17:59 | PASS 230 · LowLight.kt — generated; running tests…
2026-09-04 02:18:00 | PASS 230 · LowLight.kt — no change
2026-09-04 02:18:10 | PASS 230 · Letterbox.kt — coding-lane hardening…
GLM_OK: rewrote app/src/main/java/ai/genwhy/nobonk/ml/Letterbox.kt (5874 chars)
2026-09-04 02:24:53 | PASS 230 · Letterbox.kt — generated; running tests…
2026-09-04 02:24:54 | PASS 230 · Letterbox.kt — no change
2026-09-04 02:25:04 | PASS 230 · Detection.kt — coding-lane hardening…
GLM_OK: rewrote app/src/main/java/ai/genwhy/nobonk/model/Detection.kt (6872 chars)
2026-09-04 02:37:52 | PASS 230 · Detection.kt — generated; running tests…
2026-09-04 02:37:53 | PASS 230 · Detection.kt — no change
2026-09-04 02:38:03 | PASS 230 · NormBox.kt — coding-lane hardening…
GLM_OK: rewrote app/src/main/java/ai/genwhy/nobonk/model/NormBox.kt (6088 chars)
2026-09-04 02:45:53 | PASS 230 · NormBox.kt — generated; running tests…
2026-09-04 02:45:54 | PASS 230 · NormBox.kt — no change
2026-09-04 02:46:04 | PASS 230 · SensorMonitor.kt — coding-lane hardening…
GLM_OK: rewrote app/src/main/java/ai/genwhy/nobonk/ml/SensorMonitor.kt (8915 chars)
2026-09-04 02:56:01 | PASS 230 · SensorMonitor.kt — generated; running tests…
2026-09-04 02:56:02 | PASS 230 · SensorMonitor.kt — no change
2026-09-04 02:56:12 | PASS 230 · DetectionEvent.kt — coding-lane hardening…
GLM_OK: rewrote app/src/main/java/ai/genwhy/nobonk/data/DetectionEvent.kt (9368 chars)
2026-09-04 03:07:55 | PASS 230 · DetectionEvent.kt — generated; running tests…
2026-09-04 03:07:56 | PASS 230 · DetectionEvent.kt — no change
2026-09-04 03:08:06 | PASS 230 · AlertPolicy.kt — coding-lane hardening…
GLM_OK: rewrote app/src/main/java/ai/genwhy/nobonk/ml/AlertPolicy.kt (10816 chars)
2026-09-04 03:19:10 | PASS 230 · AlertPolicy.kt — generated; running tests…
2026-09-04 03:19:11 | PASS 230 · AlertPolicy.kt — no change
2026-09-04 03:19:21 | PASS 230 · AnalyticsEngine.kt — coding-lane hardening…
GLM_OK: rewrote app/src/main/java/ai/genwhy/nobonk/analytics/AnalyticsEngine.kt (10620 chars)
2026-09-04 03:32:37 | PASS 230 · AnalyticsEngine.kt — generated; running tests…
2026-09-04 03:32:38 | PASS 230 · AnalyticsEngine.kt — no change
2026-09-04 03:32:48 | PASS 231 · Nms.kt — coding-lane hardening…
GLM_OK: rewrote app/src/main/java/ai/genwhy/nobonk/ml/Nms.kt (5211 chars)
2026-09-04 03:39:58 | PASS 231 · Nms.kt — generated; running tests…
2026-09-04 03:39:59 | PASS 231 · Nms.kt — no change
2026-09-04 03:40:09 | PASS 231 · LowLight.kt — coding-lane hardening…
GLM_OK: rewrote app/src/main/java/ai/genwhy/nobonk/ml/LowLight.kt (5393 chars)
2026-09-04 03:52:05 | PASS 231 · LowLight.kt — generated; running tests…
2026-09-04 03:52:06 | PASS 231 · LowLight.kt — no change
2026-09-04 03:52:16 | PASS 231 · Letterbox.kt — coding-lane hardening…
GLM_OK: rewrote app/src/main/java/ai/genwhy/nobonk/ml/Letterbox.kt (5874 chars)
2026-09-04 03:58:32 | PASS 231 · Letterbox.kt — generated; running tests…
2026-09-04 03:58:33 | PASS 231 · Letterbox.kt — no change
2026-09-04 03:58:43 | PASS 231 · Detection.kt — coding-lane hardening…
GLM_OK: rewrote app/src/main/java/ai/genwhy/nobonk/model/Detection.kt (6872 chars)
2026-09-04 04:07:53 | PASS 231 · Detection.kt — generated; running tests…
2026-09-04 04:07:54 | PASS 231 · Detection.kt — no change
2026-09-04 04:08:04 | PASS 231 · NormBox.kt — coding-lane hardening…
GLM_OK: rewrote app/src/main/java/ai/genwhy/nobonk/model/NormBox.kt (6088 chars)
2026-09-04 04:13:35 | PASS 231 · NormBox.kt — generated; running tests…
2026-09-04 04:13:36 | PASS 231 · NormBox.kt — no change
2026-09-04 04:13:46 | PASS 231 · SensorMonitor.kt — coding-lane hardening…
GLM_OK: rewrote app/src/main/java/ai/genwhy/nobonk/ml/SensorMonitor.kt (8915 chars)
2026-09-04 04:21:42 | PASS 231 · SensorMonitor.kt — generated; running tests…
2026-09-04 04:21:43 | PASS 231 · SensorMonitor.kt — no change
2026-09-04 04:21:53 | PASS 231 · DetectionEvent.kt — coding-lane hardening…
GLM_OK: rewrote app/src/main/java/ai/genwhy/nobonk/data/DetectionEvent.kt (9368 chars)
2026-09-04 04:31:57 | PASS 231 · DetectionEvent.kt — generated; running tests…
2026-09-04 04:31:58 | PASS 231 · DetectionEvent.kt — no change
2026-09-04 04:32:08 | PASS 231 · AlertPolicy.kt — coding-lane hardening…
GLM_OK: rewrote app/src/main/java/ai/genwhy/nobonk/ml/AlertPolicy.kt (10816 chars)
2026-09-04 04:43:11 | PASS 231 · AlertPolicy.kt — generated; running tests…
2026-09-04 04:43:12 | PASS 231 · AlertPolicy.kt — no change
2026-09-04 04:43:22 | PASS 231 · AnalyticsEngine.kt — coding-lane hardening…
GLM_OK: rewrote app/src/main/java/ai/genwhy/nobonk/analytics/AnalyticsEngine.kt (10620 chars)
2026-09-04 04:51:29 | PASS 231 · AnalyticsEngine.kt — generated; running tests…
2026-09-04 04:51:30 | PASS 231 · AnalyticsEngine.kt — no change
2026-09-04 04:51:40 | PASS 232 · Nms.kt — coding-lane hardening…
GLM_OK: rewrote app/src/main/java/ai/genwhy/nobonk/ml/Nms.kt (5211 chars)
2026-09-04 05:03:12 | PASS 232 · Nms.kt — generated; running tests…
2026-09-04 05:03:13 | PASS 232 · Nms.kt — no change
2026-09-04 05:03:23 | PASS 232 · LowLight.kt — coding-lane hardening…
GLM_OK: rewrote app/src/main/java/ai/genwhy/nobonk/ml/LowLight.kt (5393 chars)
2026-09-04 05:13:35 | PASS 232 · LowLight.kt — generated; running tests…
2026-09-04 05:13:35 | PASS 232 · LowLight.kt — no change
2026-09-04 05:13:45 | PASS 232 · Letterbox.kt — coding-lane hardening…
GLM_OK: rewrote app/src/main/java/ai/genwhy/nobonk/ml/Letterbox.kt (5874 chars)
2026-09-04 05:25:01 | PASS 232 · Letterbox.kt — generated; running tests…
2026-09-04 05:25:02 | PASS 232 · Letterbox.kt — no change
2026-09-04 05:25:12 | PASS 232 · Detection.kt — coding-lane hardening…
GLM_OK: rewrote app/src/main/java/ai/genwhy/nobonk/model/Detection.kt (6872 chars)
2026-09-04 05:35:18 | PASS 232 · Detection.kt — generated; running tests…
2026-09-04 05:35:19 | PASS 232 · Detection.kt — no change
2026-09-04 05:35:29 | PASS 232 · NormBox.kt — coding-lane hardening…
GLM_OK: rewrote app/src/main/java/ai/genwhy/nobonk/model/NormBox.kt (6088 chars)
2026-09-04 05:44:12 | PASS 232 · NormBox.kt — generated; running tests…
2026-09-04 05:44:12 | PASS 232 · NormBox.kt — no change
2026-09-04 05:44:22 | PASS 232 · SensorMonitor.kt — coding-lane hardening…
GLM_OK: rewrote app/src/main/java/ai/genwhy/nobonk/ml/SensorMonitor.kt (8939 chars)
2026-09-04 05:55:46 | PASS 232 · SensorMonitor.kt — generated; running tests…
e: file:///home/onikita/projects/nobonk/app/src/main/java/ai/genwhy/nobonk/ml/SensorMonitor.kt:9:20 Unresolved reference 'toDegrees'.
e: file:///home/onikita/projects/nobonk/app/src/main/java/ai/genwhy/nobonk/ml/SensorMonitor.kt:183:9 Unresolved reference 'toDegrees'.

FAILURE: Build failed with an exception.

* What went wrong:
Execution failed for task ':app:compileDebugKotlin'.
> A failure occurred while executing org.jetbrains.kotlin.compilerRunner.GradleCompilerRunnerWithWorkers$GradleKotlinCompilerWorkAction
   > Compilation error. See log for more details

* Try:
> Run with --stacktrace option to get the stack trace.
> Run with --info or --debug option to get more log output.
> Run with --scan to generate a Build Scan (powered by Develocity).
> Get more help at https://help.gradle.org.

BUILD FAILED in 680ms
2026-09-04 05:55:47 | PASS 232 · SensorMonitor.kt — TESTS FAILED, reverted
2026-09-04 05:55:57 | PASS 232 · DetectionEvent.kt — coding-lane hardening…
GLM_OK: rewrote app/src/main/java/ai/genwhy/nobonk/data/DetectionEvent.kt (9368 chars)
2026-09-04 06:07:20 | PASS 232 · DetectionEvent.kt — generated; running tests…
2026-09-04 06:07:21 | PASS 232 · DetectionEvent.kt — no change
2026-09-04 06:07:31 | PASS 232 · AlertPolicy.kt — coding-lane hardening…
GLM_OK: rewrote app/src/main/java/ai/genwhy/nobonk/ml/AlertPolicy.kt (10816 chars)
2026-09-04 06:18:58 | PASS 232 · AlertPolicy.kt — generated; running tests…
2026-09-04 06:18:59 | PASS 232 · AlertPolicy.kt — no change
2026-09-04 06:19:09 | PASS 232 · AnalyticsEngine.kt — coding-lane hardening…
GLM_OK: rewrote app/src/main/java/ai/genwhy/nobonk/analytics/AnalyticsEngine.kt (10620 chars)
2026-09-04 06:28:48 | PASS 232 · AnalyticsEngine.kt — generated; running tests…
2026-09-04 06:28:49 | PASS 232 · AnalyticsEngine.kt — no change
2026-09-04 06:28:59 | PASS 233 · Nms.kt — coding-lane hardening…
GLM_OK: rewrote app/src/main/java/ai/genwhy/nobonk/ml/Nms.kt (5211 chars)
2026-09-04 06:37:20 | PASS 233 · Nms.kt — generated; running tests…
2026-09-04 06:37:21 | PASS 233 · Nms.kt — no change
2026-09-04 06:37:31 | PASS 233 · LowLight.kt — coding-lane hardening…
GLM_OK: rewrote app/src/main/java/ai/genwhy/nobonk/ml/LowLight.kt (5393 chars)
2026-09-04 06:48:32 | PASS 233 · LowLight.kt — generated; running tests…
2026-09-04 06:48:33 | PASS 233 · LowLight.kt — no change
2026-09-04 06:48:43 | PASS 233 · Letterbox.kt — coding-lane hardening…
GLM_OK: rewrote app/src/main/java/ai/genwhy/nobonk/ml/Letterbox.kt (5874 chars)
2026-09-04 07:01:19 | PASS 233 · Letterbox.kt — generated; running tests…
2026-09-04 07:01:20 | PASS 233 · Letterbox.kt — no change
2026-09-04 07:01:30 | PASS 233 · Detection.kt — coding-lane hardening…
GLM_OK: rewrote app/src/main/java/ai/genwhy/nobonk/model/Detection.kt (6872 chars)
2026-09-04 07:09:54 | PASS 233 · Detection.kt — generated; running tests…
2026-09-04 07:09:55 | PASS 233 · Detection.kt — no change
2026-09-04 07:10:05 | PASS 233 · NormBox.kt — coding-lane hardening…
GLM_OK: rewrote app/src/main/java/ai/genwhy/nobonk/model/NormBox.kt (6088 chars)
2026-09-04 07:19:23 | PASS 233 · NormBox.kt — generated; running tests…
2026-09-04 07:19:24 | PASS 233 · NormBox.kt — no change
2026-09-04 07:19:34 | PASS 233 · SensorMonitor.kt — coding-lane hardening…
GLM_OK: rewrote app/src/main/java/ai/genwhy/nobonk/ml/SensorMonitor.kt (8915 chars)
2026-09-04 07:26:09 | PASS 233 · SensorMonitor.kt — generated; running tests…
2026-09-04 07:26:10 | PASS 233 · SensorMonitor.kt — no change
2026-09-04 07:26:20 | PASS 233 · DetectionEvent.kt — coding-lane hardening…
GLM_OK: rewrote app/src/main/java/ai/genwhy/nobonk/data/DetectionEvent.kt (9368 chars)
2026-09-04 07:38:32 | PASS 233 · DetectionEvent.kt — generated; running tests…
2026-09-04 07:38:32 | PASS 233 · DetectionEvent.kt — no change
2026-09-04 07:38:42 | PASS 233 · AlertPolicy.kt — coding-lane hardening…
GLM_OK: rewrote app/src/main/java/ai/genwhy/nobonk/ml/AlertPolicy.kt (10816 chars)
2026-09-04 07:44:59 | PASS 233 · AlertPolicy.kt — generated; running tests…
2026-09-04 07:45:00 | PASS 233 · AlertPolicy.kt — no change
2026-09-04 07:45:10 | PASS 233 · AnalyticsEngine.kt — coding-lane hardening…
GLM_OK: rewrote app/src/main/java/ai/genwhy/nobonk/analytics/AnalyticsEngine.kt (10620 chars)
2026-09-04 07:55:50 | PASS 233 · AnalyticsEngine.kt — generated; running tests…
2026-09-04 07:55:51 | PASS 233 · AnalyticsEngine.kt — no change
2026-09-04 07:56:01 | PASS 234 · Nms.kt — coding-lane hardening…
GLM_OK: rewrote app/src/main/java/ai/genwhy/nobonk/ml/Nms.kt (5211 chars)
2026-09-04 08:05:25 | PASS 234 · Nms.kt — generated; running tests…
2026-09-04 08:05:26 | PASS 234 · Nms.kt — no change
2026-09-04 08:05:36 | PASS 234 · LowLight.kt — coding-lane hardening…
GLM_OK: rewrote app/src/main/java/ai/genwhy/nobonk/ml/LowLight.kt (5393 chars)
2026-09-04 08:12:51 | PASS 234 · LowLight.kt — generated; running tests…
2026-09-04 08:12:51 | PASS 234 · LowLight.kt — no change
2026-09-04 08:13:01 | PASS 234 · Letterbox.kt — coding-lane hardening…
GLM_OK: rewrote app/src/main/java/ai/genwhy/nobonk/ml/Letterbox.kt (5874 chars)
2026-09-04 08:21:57 | PASS 234 · Letterbox.kt — generated; running tests…
2026-09-04 08:21:58 | PASS 234 · Letterbox.kt — no change
2026-09-04 08:22:08 | PASS 234 · Detection.kt — coding-lane hardening…
GLM_OK: rewrote app/src/main/java/ai/genwhy/nobonk/model/Detection.kt (6872 chars)
2026-09-04 08:32:37 | PASS 234 · Detection.kt — generated; running tests…
2026-09-04 08:32:38 | PASS 234 · Detection.kt — no change
2026-09-04 08:32:48 | PASS 234 · NormBox.kt — coding-lane hardening…
GLM_OK: rewrote app/src/main/java/ai/genwhy/nobonk/model/NormBox.kt (6088 chars)
2026-09-04 08:44:02 | PASS 234 · NormBox.kt — generated; running tests…
2026-09-04 08:44:03 | PASS 234 · NormBox.kt — no change
2026-09-04 08:44:13 | PASS 234 · SensorMonitor.kt — coding-lane hardening…
GLM_OK: rewrote app/src/main/java/ai/genwhy/nobonk/ml/SensorMonitor.kt (8915 chars)
2026-09-04 08:55:10 | PASS 234 · SensorMonitor.kt — generated; running tests…
2026-09-04 08:55:11 | PASS 234 · SensorMonitor.kt — no change
2026-09-04 08:55:21 | PASS 234 · DetectionEvent.kt — coding-lane hardening…
GLM_OK: rewrote app/src/main/java/ai/genwhy/nobonk/data/DetectionEvent.kt (9368 chars)
2026-09-04 09:07:40 | PASS 234 · DetectionEvent.kt — generated; running tests…
2026-09-04 09:07:40 | PASS 234 · DetectionEvent.kt — no change
2026-09-04 09:07:50 | PASS 234 · AlertPolicy.kt — coding-lane hardening…
GLM_OK: rewrote app/src/main/java/ai/genwhy/nobonk/ml/AlertPolicy.kt (10816 chars)
2026-09-04 09:21:14 | PASS 234 · AlertPolicy.kt — generated; running tests…
2026-09-04 09:21:14 | PASS 234 · AlertPolicy.kt — no change
2026-09-04 09:21:24 | PASS 234 · AnalyticsEngine.kt — coding-lane hardening…
GLM_OK: rewrote app/src/main/java/ai/genwhy/nobonk/analytics/AnalyticsEngine.kt (10620 chars)
2026-09-04 09:30:51 | PASS 234 · AnalyticsEngine.kt — generated; running tests…
2026-09-04 09:30:52 | PASS 234 · AnalyticsEngine.kt — no change
2026-09-04 09:31:02 | PASS 235 · Nms.kt — coding-lane hardening…
GLM_OK: rewrote app/src/main/java/ai/genwhy/nobonk/ml/Nms.kt (5211 chars)
2026-09-04 09:38:42 | PASS 235 · Nms.kt — generated; running tests…
2026-09-04 09:38:43 | PASS 235 · Nms.kt — no change
2026-09-04 09:38:53 | PASS 235 · LowLight.kt — coding-lane hardening…
GLM_OK: rewrote app/src/main/java/ai/genwhy/nobonk/ml/LowLight.kt (5393 chars)
2026-09-04 09:48:38 | PASS 235 · LowLight.kt — generated; running tests…
2026-09-04 09:48:39 | PASS 235 · LowLight.kt — no change
2026-09-04 09:48:49 | PASS 235 · Letterbox.kt — coding-lane hardening…
GLM_OK: rewrote app/src/main/java/ai/genwhy/nobonk/ml/Letterbox.kt (5874 chars)
2026-09-04 09:59:05 | PASS 235 · Letterbox.kt — generated; running tests…
2026-09-04 09:59:06 | PASS 235 · Letterbox.kt — no change
2026-09-04 09:59:16 | PASS 235 · Detection.kt — coding-lane hardening…
GLM_OK: rewrote app/src/main/java/ai/genwhy/nobonk/model/Detection.kt (6872 chars)
2026-09-04 10:08:13 | PASS 235 · Detection.kt — generated; running tests…
2026-09-04 10:08:14 | PASS 235 · Detection.kt — no change
2026-09-04 10:08:24 | PASS 235 · NormBox.kt — coding-lane hardening…
GLM_OK: rewrote app/src/main/java/ai/genwhy/nobonk/model/NormBox.kt (6088 chars)
2026-09-04 10:16:50 | PASS 235 · NormBox.kt — generated; running tests…
2026-09-04 10:16:51 | PASS 235 · NormBox.kt — no change
2026-09-04 10:17:01 | PASS 235 · SensorMonitor.kt — coding-lane hardening…
GLM_OK: rewrote app/src/main/java/ai/genwhy/nobonk/ml/SensorMonitor.kt (8915 chars)
2026-09-04 10:26:52 | PASS 235 · SensorMonitor.kt — generated; running tests…
2026-09-04 10:26:53 | PASS 235 · SensorMonitor.kt — no change
2026-09-04 10:27:03 | PASS 235 · DetectionEvent.kt — coding-lane hardening…
GLM_OK: rewrote app/src/main/java/ai/genwhy/nobonk/data/DetectionEvent.kt (9368 chars)
2026-09-04 10:37:11 | PASS 235 · DetectionEvent.kt — generated; running tests…
2026-09-04 10:37:12 | PASS 235 · DetectionEvent.kt — no change
2026-09-04 10:37:22 | PASS 235 · AlertPolicy.kt — coding-lane hardening…
GLM_OK: rewrote app/src/main/java/ai/genwhy/nobonk/ml/AlertPolicy.kt (10816 chars)
2026-09-04 10:44:02 | PASS 235 · AlertPolicy.kt — generated; running tests…
2026-09-04 10:44:03 | PASS 235 · AlertPolicy.kt — no change
2026-09-04 10:44:13 | PASS 235 · AnalyticsEngine.kt — coding-lane hardening…
GLM_OK: rewrote app/src/main/java/ai/genwhy/nobonk/analytics/AnalyticsEngine.kt (10620 chars)
2026-09-04 10:54:36 | PASS 235 · AnalyticsEngine.kt — generated; running tests…
2026-09-04 10:54:37 | PASS 235 · AnalyticsEngine.kt — no change
2026-09-04 10:54:47 | PASS 236 · Nms.kt — coding-lane hardening…
GLM_OK: rewrote app/src/main/java/ai/genwhy/nobonk/ml/Nms.kt (5211 chars)
2026-09-04 11:05:36 | PASS 236 · Nms.kt — generated; running tests…
2026-09-04 11:05:37 | PASS 236 · Nms.kt — no change
2026-09-04 11:05:47 | PASS 236 · LowLight.kt — coding-lane hardening…
GLM_OK: rewrote app/src/main/java/ai/genwhy/nobonk/ml/LowLight.kt (5393 chars)
2026-09-04 11:13:54 | PASS 236 · LowLight.kt — generated; running tests…
2026-09-04 11:13:55 | PASS 236 · LowLight.kt — no change
2026-09-04 11:14:05 | PASS 236 · Letterbox.kt — coding-lane hardening…
GLM_OK: rewrote app/src/main/java/ai/genwhy/nobonk/ml/Letterbox.kt (5874 chars)
2026-09-04 11:23:07 | PASS 236 · Letterbox.kt — generated; running tests…
2026-09-04 11:23:08 | PASS 236 · Letterbox.kt — no change
2026-09-04 11:23:18 | PASS 236 · Detection.kt — coding-lane hardening…
GLM_OK: rewrote app/src/main/java/ai/genwhy/nobonk/model/Detection.kt (6872 chars)
2026-09-04 11:28:35 | PASS 236 · Detection.kt — generated; running tests…
2026-09-04 11:28:36 | PASS 236 · Detection.kt — no change
2026-09-04 11:28:46 | PASS 236 · NormBox.kt — coding-lane hardening…
GLM_OK: rewrote app/src/main/java/ai/genwhy/nobonk/model/NormBox.kt (6088 chars)
2026-09-04 11:38:39 | PASS 236 · NormBox.kt — generated; running tests…
2026-09-04 11:38:39 | PASS 236 · NormBox.kt — no change
2026-09-04 11:38:49 | PASS 236 · SensorMonitor.kt — coding-lane hardening…
GLM_OK: rewrote app/src/main/java/ai/genwhy/nobonk/ml/SensorMonitor.kt (8892 chars)
2026-09-04 11:47:45 | PASS 236 · SensorMonitor.kt — generated; running tests…
2026-09-04 11:47:47 | PASS 236 · SensorMonitor.kt — TESTS GREEN, committed
2026-09-04 11:47:48 |   pushed to origin
2026-09-04 11:47:58 | PASS 236 · DetectionEvent.kt — coding-lane hardening…
GLM_OK: rewrote app/src/main/java/ai/genwhy/nobonk/data/DetectionEvent.kt (9368 chars)
2026-09-04 11:55:59 | PASS 236 · DetectionEvent.kt — generated; running tests…
2026-09-04 11:56:01 | PASS 236 · DetectionEvent.kt — no change
2026-09-04 11:56:11 | PASS 236 · AlertPolicy.kt — coding-lane hardening…
GLM_OK: rewrote app/src/main/java/ai/genwhy/nobonk/ml/AlertPolicy.kt (10816 chars)
2026-09-04 12:08:27 | PASS 236 · AlertPolicy.kt — generated; running tests…
2026-09-04 12:08:28 | PASS 236 · AlertPolicy.kt — no change
2026-09-04 12:08:38 | PASS 236 · AnalyticsEngine.kt — coding-lane hardening…
GLM_OK: rewrote app/src/main/java/ai/genwhy/nobonk/analytics/AnalyticsEngine.kt (10620 chars)
2026-09-04 12:18:50 | PASS 236 · AnalyticsEngine.kt — generated; running tests…
2026-09-04 12:18:51 | PASS 236 · AnalyticsEngine.kt — no change
2026-09-04 12:19:01 | PASS 237 · Nms.kt — coding-lane hardening…
GLM_OK: rewrote app/src/main/java/ai/genwhy/nobonk/ml/Nms.kt (5211 chars)
2026-09-04 12:23:23 | PASS 237 · Nms.kt — generated; running tests…
2026-09-04 12:23:24 | PASS 237 · Nms.kt — no change
2026-09-04 12:23:34 | PASS 237 · LowLight.kt — coding-lane hardening…
GLM_OK: rewrote app/src/main/java/ai/genwhy/nobonk/ml/LowLight.kt (5393 chars)
2026-09-04 12:33:18 | PASS 237 · LowLight.kt — generated; running tests…
2026-09-04 12:33:19 | PASS 237 · LowLight.kt — no change
2026-09-04 12:33:29 | PASS 237 · Letterbox.kt — coding-lane hardening…
GLM_OK: rewrote app/src/main/java/ai/genwhy/nobonk/ml/Letterbox.kt (5874 chars)
2026-09-04 12:41:09 | PASS 237 · Letterbox.kt — generated; running tests…
2026-09-04 12:41:10 | PASS 237 · Letterbox.kt — no change
2026-09-04 12:41:20 | PASS 237 · Detection.kt — coding-lane hardening…
GLM_OK: rewrote app/src/main/java/ai/genwhy/nobonk/model/Detection.kt (6872 chars)
2026-09-04 12:53:12 | PASS 237 · Detection.kt — generated; running tests…
2026-09-04 12:53:12 | PASS 237 · Detection.kt — no change
2026-09-04 12:53:22 | PASS 237 · NormBox.kt — coding-lane hardening…
GLM_OK: rewrote app/src/main/java/ai/genwhy/nobonk/model/NormBox.kt (6088 chars)
2026-09-04 13:08:15 | PASS 237 · NormBox.kt — generated; running tests…
2026-09-04 13:08:15 | PASS 237 · NormBox.kt — no change
2026-09-04 13:08:25 | PASS 237 · SensorMonitor.kt — coding-lane hardening…
GLM_OK: rewrote app/src/main/java/ai/genwhy/nobonk/ml/SensorMonitor.kt (8872 chars)
2026-09-04 13:15:28 | PASS 237 · SensorMonitor.kt — generated; running tests…
2026-09-04 13:15:29 | PASS 237 · SensorMonitor.kt — TESTS GREEN, committed
2026-09-04 13:15:31 |   pushed to origin
2026-09-04 13:15:41 | PASS 237 · DetectionEvent.kt — coding-lane hardening…
GLM_OK: rewrote app/src/main/java/ai/genwhy/nobonk/data/DetectionEvent.kt (9368 chars)
2026-09-04 13:25:26 | PASS 237 · DetectionEvent.kt — generated; running tests…
2026-09-04 13:25:27 | PASS 237 · DetectionEvent.kt — no change
2026-09-04 13:25:37 | PASS 237 · AlertPolicy.kt — coding-lane hardening…
GLM_OK: rewrote app/src/main/java/ai/genwhy/nobonk/ml/AlertPolicy.kt (10816 chars)
2026-09-04 13:34:46 | PASS 237 · AlertPolicy.kt — generated; running tests…
2026-09-04 13:34:47 | PASS 237 · AlertPolicy.kt — no change
2026-09-04 13:34:57 | PASS 237 · AnalyticsEngine.kt — coding-lane hardening…
GLM_OK: rewrote app/src/main/java/ai/genwhy/nobonk/analytics/AnalyticsEngine.kt (10620 chars)
2026-09-04 13:46:28 | PASS 237 · AnalyticsEngine.kt — generated; running tests…
2026-09-04 13:46:29 | PASS 237 · AnalyticsEngine.kt — no change
2026-09-04 13:46:39 | PASS 238 · Nms.kt — coding-lane hardening…
GLM_OK: rewrote app/src/main/java/ai/genwhy/nobonk/ml/Nms.kt (5211 chars)
2026-09-04 13:55:56 | PASS 238 · Nms.kt — generated; running tests…
2026-09-04 13:55:57 | PASS 238 · Nms.kt — no change
2026-09-04 13:56:07 | PASS 238 · LowLight.kt — coding-lane hardening…
GLM_OK: rewrote app/src/main/java/ai/genwhy/nobonk/ml/LowLight.kt (5393 chars)
2026-09-04 14:04:59 | PASS 238 · LowLight.kt — generated; running tests…
2026-09-04 14:05:00 | PASS 238 · LowLight.kt — no change
2026-09-04 14:05:10 | PASS 238 · Letterbox.kt — coding-lane hardening…
GLM_OK: rewrote app/src/main/java/ai/genwhy/nobonk/ml/Letterbox.kt (5874 chars)
2026-09-04 14:19:46 | PASS 238 · Letterbox.kt — generated; running tests…
2026-09-04 14:19:47 | PASS 238 · Letterbox.kt — no change
2026-09-04 14:19:57 | PASS 238 · Detection.kt — coding-lane hardening…
GLM_OK: rewrote app/src/main/java/ai/genwhy/nobonk/model/Detection.kt (6872 chars)
2026-09-04 14:26:32 | PASS 238 · Detection.kt — generated; running tests…
2026-09-04 14:26:33 | PASS 238 · Detection.kt — no change
2026-09-04 14:26:43 | PASS 238 · NormBox.kt — coding-lane hardening…
GLM_OK: rewrote app/src/main/java/ai/genwhy/nobonk/model/NormBox.kt (6088 chars)
2026-09-04 14:37:39 | PASS 238 · NormBox.kt — generated; running tests…
2026-09-04 14:37:40 | PASS 238 · NormBox.kt — no change
2026-09-04 14:37:50 | PASS 238 · SensorMonitor.kt — coding-lane hardening…
GLM_OK: rewrote app/src/main/java/ai/genwhy/nobonk/ml/SensorMonitor.kt (8872 chars)
2026-09-04 14:47:05 | PASS 238 · SensorMonitor.kt — generated; running tests…
2026-09-04 14:47:06 | PASS 238 · SensorMonitor.kt — no change
2026-09-04 14:47:16 | PASS 238 · DetectionEvent.kt — coding-lane hardening…
GLM_OK: rewrote app/src/main/java/ai/genwhy/nobonk/data/DetectionEvent.kt (9368 chars)
2026-09-04 14:59:21 | PASS 238 · DetectionEvent.kt — generated; running tests…
2026-09-04 14:59:22 | PASS 238 · DetectionEvent.kt — no change
2026-09-04 14:59:32 | PASS 238 · AlertPolicy.kt — coding-lane hardening…
GLM_OK: rewrote app/src/main/java/ai/genwhy/nobonk/ml/AlertPolicy.kt (10816 chars)
2026-09-04 15:10:12 | PASS 238 · AlertPolicy.kt — generated; running tests…
2026-09-04 15:10:13 | PASS 238 · AlertPolicy.kt — no change
2026-09-04 15:10:23 | PASS 238 · AnalyticsEngine.kt — coding-lane hardening…
GLM_OK: rewrote app/src/main/java/ai/genwhy/nobonk/analytics/AnalyticsEngine.kt (10620 chars)
2026-09-04 15:20:38 | PASS 238 · AnalyticsEngine.kt — generated; running tests…
2026-09-04 15:20:39 | PASS 238 · AnalyticsEngine.kt — no change
2026-09-04 15:20:49 | PASS 239 · Nms.kt — coding-lane hardening…
GLM_OK: rewrote app/src/main/java/ai/genwhy/nobonk/ml/Nms.kt (5211 chars)
2026-09-04 15:30:53 | PASS 239 · Nms.kt — generated; running tests…
2026-09-04 15:30:54 | PASS 239 · Nms.kt — no change
2026-09-04 15:31:04 | PASS 239 · LowLight.kt — coding-lane hardening…
GLM_OK: rewrote app/src/main/java/ai/genwhy/nobonk/ml/LowLight.kt (5393 chars)
2026-09-04 15:45:50 | PASS 239 · LowLight.kt — generated; running tests…
2026-09-04 15:45:51 | PASS 239 · LowLight.kt — no change
2026-09-04 15:46:01 | PASS 239 · Letterbox.kt — coding-lane hardening…
GLM_OK: rewrote app/src/main/java/ai/genwhy/nobonk/ml/Letterbox.kt (5874 chars)
2026-09-04 15:59:45 | PASS 239 · Letterbox.kt — generated; running tests…
2026-09-04 15:59:46 | PASS 239 · Letterbox.kt — no change
2026-09-04 15:59:56 | PASS 239 · Detection.kt — coding-lane hardening…
GLM_OK: rewrote app/src/main/java/ai/genwhy/nobonk/model/Detection.kt (6872 chars)
2026-09-04 16:07:44 | PASS 239 · Detection.kt — generated; running tests…
2026-09-04 16:07:45 | PASS 239 · Detection.kt — no change
2026-09-04 16:07:55 | PASS 239 · NormBox.kt — coding-lane hardening…
GLM_OK: rewrote app/src/main/java/ai/genwhy/nobonk/model/NormBox.kt (6088 chars)
2026-09-04 16:15:55 | PASS 239 · NormBox.kt — generated; running tests…
2026-09-04 16:15:56 | PASS 239 · NormBox.kt — no change
2026-09-04 16:16:06 | PASS 239 · SensorMonitor.kt — coding-lane hardening…
GLM_OK: rewrote app/src/main/java/ai/genwhy/nobonk/ml/SensorMonitor.kt (8872 chars)
2026-09-04 16:29:07 | PASS 239 · SensorMonitor.kt — generated; running tests…
2026-09-04 16:29:08 | PASS 239 · SensorMonitor.kt — no change
2026-09-04 16:29:18 | PASS 239 · DetectionEvent.kt — coding-lane hardening…
GLM_OK: rewrote app/src/main/java/ai/genwhy/nobonk/data/DetectionEvent.kt (9368 chars)
2026-09-04 16:42:45 | PASS 239 · DetectionEvent.kt — generated; running tests…
2026-09-04 16:42:45 | PASS 239 · DetectionEvent.kt — no change
2026-09-04 16:42:55 | PASS 239 · AlertPolicy.kt — coding-lane hardening…
GLM_OK: rewrote app/src/main/java/ai/genwhy/nobonk/ml/AlertPolicy.kt (10816 chars)
2026-09-04 17:00:35 | PASS 239 · AlertPolicy.kt — generated; running tests…
2026-09-04 17:00:36 | PASS 239 · AlertPolicy.kt — no change
2026-09-04 17:00:46 | PASS 239 · AnalyticsEngine.kt — coding-lane hardening…
GLM_OK: rewrote app/src/main/java/ai/genwhy/nobonk/analytics/AnalyticsEngine.kt (10620 chars)
2026-09-04 17:11:44 | PASS 239 · AnalyticsEngine.kt — generated; running tests…
2026-09-04 17:11:45 | PASS 239 · AnalyticsEngine.kt — no change
2026-09-04 17:11:55 | PASS 240 · Nms.kt — coding-lane hardening…
GLM_OK: rewrote app/src/main/java/ai/genwhy/nobonk/ml/Nms.kt (5211 chars)
2026-09-04 17:18:24 | PASS 240 · Nms.kt — generated; running tests…
2026-09-04 17:18:25 | PASS 240 · Nms.kt — no change
2026-09-04 17:18:35 | PASS 240 · LowLight.kt — coding-lane hardening…
GLM_OK: rewrote app/src/main/java/ai/genwhy/nobonk/ml/LowLight.kt (5393 chars)
2026-09-04 17:26:27 | PASS 240 · LowLight.kt — generated; running tests…
2026-09-04 17:26:27 | PASS 240 · LowLight.kt — no change
2026-09-04 17:26:37 | PASS 240 · Letterbox.kt — coding-lane hardening…
GLM_OK: rewrote app/src/main/java/ai/genwhy/nobonk/ml/Letterbox.kt (5874 chars)
2026-09-04 17:39:30 | PASS 240 · Letterbox.kt — generated; running tests…
2026-09-04 17:39:31 | PASS 240 · Letterbox.kt — no change
2026-09-04 17:39:41 | PASS 240 · Detection.kt — coding-lane hardening…
GLM_OK: rewrote app/src/main/java/ai/genwhy/nobonk/model/Detection.kt (6872 chars)
2026-09-04 17:48:12 | PASS 240 · Detection.kt — generated; running tests…
2026-09-04 17:48:13 | PASS 240 · Detection.kt — no change
2026-09-04 17:48:23 | PASS 240 · NormBox.kt — coding-lane hardening…
GLM_OK: rewrote app/src/main/java/ai/genwhy/nobonk/model/NormBox.kt (6088 chars)
2026-09-04 18:05:48 | PASS 240 · NormBox.kt — generated; running tests…
2026-09-04 18:05:49 | PASS 240 · NormBox.kt — no change
2026-09-04 18:05:59 | PASS 240 · SensorMonitor.kt — coding-lane hardening…
GLM_OK: rewrote app/src/main/java/ai/genwhy/nobonk/ml/SensorMonitor.kt (9028 chars)
2026-09-04 18:15:42 | PASS 240 · SensorMonitor.kt — generated; running tests…
2026-09-04 18:15:43 | PASS 240 · SensorMonitor.kt — TESTS GREEN, committed
2026-09-04 18:15:45 |   pushed to origin
2026-09-04 18:15:55 | PASS 240 · DetectionEvent.kt — coding-lane hardening…
GLM_OK: rewrote app/src/main/java/ai/genwhy/nobonk/data/DetectionEvent.kt (9368 chars)
2026-09-04 18:24:59 | PASS 240 · DetectionEvent.kt — generated; running tests…
2026-09-04 18:25:00 | PASS 240 · DetectionEvent.kt — no change
2026-09-04 18:25:10 | PASS 240 · AlertPolicy.kt — coding-lane hardening…
GLM_OK: rewrote app/src/main/java/ai/genwhy/nobonk/ml/AlertPolicy.kt (10816 chars)
2026-09-04 18:31:53 | PASS 240 · AlertPolicy.kt — generated; running tests…
2026-09-04 18:31:54 | PASS 240 · AlertPolicy.kt — no change
2026-09-04 18:32:04 | PASS 240 · AnalyticsEngine.kt — coding-lane hardening…
GLM_OK: rewrote app/src/main/java/ai/genwhy/nobonk/analytics/AnalyticsEngine.kt (10620 chars)
2026-09-04 18:42:07 | PASS 240 · AnalyticsEngine.kt — generated; running tests…
2026-09-04 18:42:08 | PASS 240 · AnalyticsEngine.kt — no change
2026-09-04 18:42:18 | PASS 241 · Nms.kt — coding-lane hardening…
GLM_OK: rewrote app/src/main/java/ai/genwhy/nobonk/ml/Nms.kt (5211 chars)
2026-09-04 18:51:22 | PASS 241 · Nms.kt — generated; running tests…
2026-09-04 18:51:23 | PASS 241 · Nms.kt — no change
2026-09-04 18:51:33 | PASS 241 · LowLight.kt — coding-lane hardening…
GLM_OK: rewrote app/src/main/java/ai/genwhy/nobonk/ml/LowLight.kt (5393 chars)
2026-09-04 18:59:48 | PASS 241 · LowLight.kt — generated; running tests…
2026-09-04 18:59:48 | PASS 241 · LowLight.kt — no change
2026-09-04 18:59:58 | PASS 241 · Letterbox.kt — coding-lane hardening…
GLM_OK: rewrote app/src/main/java/ai/genwhy/nobonk/ml/Letterbox.kt (5874 chars)
2026-09-04 19:07:53 | PASS 241 · Letterbox.kt — generated; running tests…
2026-09-04 19:07:54 | PASS 241 · Letterbox.kt — no change
2026-09-04 19:08:04 | PASS 241 · Detection.kt — coding-lane hardening…
GLM_OK: rewrote app/src/main/java/ai/genwhy/nobonk/model/Detection.kt (6872 chars)
2026-09-04 19:16:50 | PASS 241 · Detection.kt — generated; running tests…
2026-09-04 19:16:51 | PASS 241 · Detection.kt — no change
2026-09-04 19:17:01 | PASS 241 · NormBox.kt — coding-lane hardening…
GLM_OK: rewrote app/src/main/java/ai/genwhy/nobonk/model/NormBox.kt (6088 chars)
2026-09-04 19:24:07 | PASS 241 · NormBox.kt — generated; running tests…
2026-09-04 19:24:07 | PASS 241 · NormBox.kt — no change
2026-09-04 19:24:17 | PASS 241 · SensorMonitor.kt — coding-lane hardening…
GLM_OK: rewrote app/src/main/java/ai/genwhy/nobonk/ml/SensorMonitor.kt (9109 chars)
2026-09-04 19:34:27 | PASS 241 · SensorMonitor.kt — generated; running tests…
2026-09-04 19:34:29 | PASS 241 · SensorMonitor.kt — TESTS GREEN, committed
2026-09-04 19:34:31 |   pushed to origin
2026-09-04 19:34:41 | PASS 241 · DetectionEvent.kt — coding-lane hardening…
GLM_OK: rewrote app/src/main/java/ai/genwhy/nobonk/data/DetectionEvent.kt (9368 chars)
2026-09-04 19:41:23 | PASS 241 · DetectionEvent.kt — generated; running tests…
2026-09-04 19:41:24 | PASS 241 · DetectionEvent.kt — no change
2026-09-04 19:41:34 | PASS 241 · AlertPolicy.kt — coding-lane hardening…
GLM_OK: rewrote app/src/main/java/ai/genwhy/nobonk/ml/AlertPolicy.kt (10816 chars)
2026-09-04 19:52:36 | PASS 241 · AlertPolicy.kt — generated; running tests…
2026-09-04 19:52:36 | PASS 241 · AlertPolicy.kt — no change
2026-09-04 19:52:46 | PASS 241 · AnalyticsEngine.kt — coding-lane hardening…
GLM_OK: rewrote app/src/main/java/ai/genwhy/nobonk/analytics/AnalyticsEngine.kt (10620 chars)
2026-09-04 20:06:12 | PASS 241 · AnalyticsEngine.kt — generated; running tests…
2026-09-04 20:06:13 | PASS 241 · AnalyticsEngine.kt — no change
2026-09-04 20:06:23 | PASS 242 · Nms.kt — coding-lane hardening…
GLM_OK: rewrote app/src/main/java/ai/genwhy/nobonk/ml/Nms.kt (5211 chars)
2026-09-04 20:16:44 | PASS 242 · Nms.kt — generated; running tests…
2026-09-04 20:16:45 | PASS 242 · Nms.kt — no change
2026-09-04 20:16:55 | PASS 242 · LowLight.kt — coding-lane hardening…
GLM_OK: rewrote app/src/main/java/ai/genwhy/nobonk/ml/LowLight.kt (5393 chars)
2026-09-04 20:23:51 | PASS 242 · LowLight.kt — generated; running tests…
2026-09-04 20:23:52 | PASS 242 · LowLight.kt — no change
2026-09-04 20:24:02 | PASS 242 · Letterbox.kt — coding-lane hardening…
GLM_OK: rewrote app/src/main/java/ai/genwhy/nobonk/ml/Letterbox.kt (5874 chars)
2026-09-04 20:29:10 | PASS 242 · Letterbox.kt — generated; running tests…
2026-09-04 20:29:11 | PASS 242 · Letterbox.kt — no change
2026-09-04 20:29:21 | PASS 242 · Detection.kt — coding-lane hardening…
GLM_OK: rewrote app/src/main/java/ai/genwhy/nobonk/model/Detection.kt (6872 chars)
2026-09-04 20:37:55 | PASS 242 · Detection.kt — generated; running tests…
2026-09-04 20:37:56 | PASS 242 · Detection.kt — no change
2026-09-04 20:38:06 | PASS 242 · NormBox.kt — coding-lane hardening…
GLM_OK: rewrote app/src/main/java/ai/genwhy/nobonk/model/NormBox.kt (6088 chars)
2026-09-04 20:49:00 | PASS 242 · NormBox.kt — generated; running tests…
2026-09-04 20:49:01 | PASS 242 · NormBox.kt — no change
2026-09-04 20:49:11 | PASS 242 · SensorMonitor.kt — coding-lane hardening…
GLM_OK: rewrote app/src/main/java/ai/genwhy/nobonk/ml/SensorMonitor.kt (9094 chars)
2026-09-04 20:57:22 | PASS 242 · SensorMonitor.kt — generated; running tests…
2026-09-04 20:57:23 | PASS 242 · SensorMonitor.kt — TESTS GREEN, committed
2026-09-04 20:57:25 |   pushed to origin
2026-09-04 20:57:35 | PASS 242 · DetectionEvent.kt — coding-lane hardening…
GLM_OK: rewrote app/src/main/java/ai/genwhy/nobonk/data/DetectionEvent.kt (9368 chars)
2026-09-04 21:05:29 | PASS 242 · DetectionEvent.kt — generated; running tests…
2026-09-04 21:05:30 | PASS 242 · DetectionEvent.kt — no change
2026-09-04 21:05:40 | PASS 242 · AlertPolicy.kt — coding-lane hardening…
GLM_OK: rewrote app/src/main/java/ai/genwhy/nobonk/ml/AlertPolicy.kt (10816 chars)
2026-09-04 21:13:30 | PASS 242 · AlertPolicy.kt — generated; running tests…
2026-09-04 21:13:31 | PASS 242 · AlertPolicy.kt — no change
2026-09-04 21:13:41 | PASS 242 · AnalyticsEngine.kt — coding-lane hardening…
GLM_OK: rewrote app/src/main/java/ai/genwhy/nobonk/analytics/AnalyticsEngine.kt (10620 chars)
2026-09-04 21:20:49 | PASS 242 · AnalyticsEngine.kt — generated; running tests…
2026-09-04 21:20:50 | PASS 242 · AnalyticsEngine.kt — no change
2026-09-04 21:21:00 | PASS 243 · Nms.kt — coding-lane hardening…
GLM_OK: rewrote app/src/main/java/ai/genwhy/nobonk/ml/Nms.kt (5211 chars)
2026-09-04 21:29:21 | PASS 243 · Nms.kt — generated; running tests…
2026-09-04 21:29:22 | PASS 243 · Nms.kt — no change
2026-09-04 21:29:32 | PASS 243 · LowLight.kt — coding-lane hardening…
GLM_OK: rewrote app/src/main/java/ai/genwhy/nobonk/ml/LowLight.kt (5393 chars)
2026-09-04 21:35:02 | PASS 243 · LowLight.kt — generated; running tests…
2026-09-04 21:35:03 | PASS 243 · LowLight.kt — no change
2026-09-04 21:35:13 | PASS 243 · Letterbox.kt — coding-lane hardening…
GLM_OK: rewrote app/src/main/java/ai/genwhy/nobonk/ml/Letterbox.kt (5874 chars)
2026-09-04 21:45:01 | PASS 243 · Letterbox.kt — generated; running tests…
2026-09-04 21:45:02 | PASS 243 · Letterbox.kt — no change
2026-09-04 21:45:12 | PASS 243 · Detection.kt — coding-lane hardening…
GLM_OK: rewrote app/src/main/java/ai/genwhy/nobonk/model/Detection.kt (6872 chars)
2026-09-04 21:56:09 | PASS 243 · Detection.kt — generated; running tests…
2026-09-04 21:56:09 | PASS 243 · Detection.kt — no change
2026-09-04 21:56:19 | PASS 243 · NormBox.kt — coding-lane hardening…
GLM_OK: rewrote app/src/main/java/ai/genwhy/nobonk/model/NormBox.kt (6088 chars)
2026-09-04 22:04:02 | PASS 243 · NormBox.kt — generated; running tests…
2026-09-04 22:04:03 | PASS 243 · NormBox.kt — no change
2026-09-04 22:04:13 | PASS 243 · SensorMonitor.kt — coding-lane hardening…
GLM_OK: rewrote app/src/main/java/ai/genwhy/nobonk/ml/SensorMonitor.kt (9094 chars)
2026-09-04 22:15:17 | PASS 243 · SensorMonitor.kt — generated; running tests…
2026-09-04 22:15:18 | PASS 243 · SensorMonitor.kt — no change
2026-09-04 22:15:28 | PASS 243 · DetectionEvent.kt — coding-lane hardening…
GLM_OK: rewrote app/src/main/java/ai/genwhy/nobonk/data/DetectionEvent.kt (9368 chars)
2026-09-04 22:23:03 | PASS 243 · DetectionEvent.kt — generated; running tests…
2026-09-04 22:23:04 | PASS 243 · DetectionEvent.kt — no change
2026-09-04 22:23:14 | PASS 243 · AlertPolicy.kt — coding-lane hardening…
GLM_OK: rewrote app/src/main/java/ai/genwhy/nobonk/ml/AlertPolicy.kt (10816 chars)
2026-09-04 22:29:11 | PASS 243 · AlertPolicy.kt — generated; running tests…
2026-09-04 22:29:11 | PASS 243 · AlertPolicy.kt — no change
2026-09-04 22:29:21 | PASS 243 · AnalyticsEngine.kt — coding-lane hardening…
GLM_OK: rewrote app/src/main/java/ai/genwhy/nobonk/analytics/AnalyticsEngine.kt (10620 chars)
2026-09-04 22:39:21 | PASS 243 · AnalyticsEngine.kt — generated; running tests…
2026-09-04 22:39:22 | PASS 243 · AnalyticsEngine.kt — no change
2026-09-04 22:39:32 | PASS 244 · Nms.kt — coding-lane hardening…
GLM_OK: rewrote app/src/main/java/ai/genwhy/nobonk/ml/Nms.kt (5211 chars)
2026-09-04 22:48:06 | PASS 244 · Nms.kt — generated; running tests…
2026-09-04 22:48:07 | PASS 244 · Nms.kt — no change
2026-09-04 22:48:17 | PASS 244 · LowLight.kt — coding-lane hardening…
GLM_OK: rewrote app/src/main/java/ai/genwhy/nobonk/ml/LowLight.kt (5393 chars)
2026-09-04 22:56:04 | PASS 244 · LowLight.kt — generated; running tests…
2026-09-04 22:56:05 | PASS 244 · LowLight.kt — no change
2026-09-04 22:56:15 | PASS 244 · Letterbox.kt — coding-lane hardening…
GLM_OK: rewrote app/src/main/java/ai/genwhy/nobonk/ml/Letterbox.kt (5874 chars)
2026-09-04 23:01:47 | PASS 244 · Letterbox.kt — generated; running tests…
2026-09-04 23:01:48 | PASS 244 · Letterbox.kt — no change
2026-09-04 23:01:58 | PASS 244 · Detection.kt — coding-lane hardening…
GLM_OK: rewrote app/src/main/java/ai/genwhy/nobonk/model/Detection.kt (6872 chars)
2026-09-04 23:12:00 | PASS 244 · Detection.kt — generated; running tests…
2026-09-04 23:12:01 | PASS 244 · Detection.kt — no change
2026-09-04 23:12:11 | PASS 244 · NormBox.kt — coding-lane hardening…
GLM_OK: rewrote app/src/main/java/ai/genwhy/nobonk/model/NormBox.kt (6088 chars)
2026-09-04 23:19:10 | PASS 244 · NormBox.kt — generated; running tests…
2026-09-04 23:19:11 | PASS 244 · NormBox.kt — no change
2026-09-04 23:19:21 | PASS 244 · SensorMonitor.kt — coding-lane hardening…
GLM_OK: rewrote app/src/main/java/ai/genwhy/nobonk/ml/SensorMonitor.kt (9094 chars)
2026-09-04 23:27:32 | PASS 244 · SensorMonitor.kt — generated; running tests…
2026-09-04 23:27:32 | PASS 244 · SensorMonitor.kt — no change
2026-09-04 23:27:42 | PASS 244 · DetectionEvent.kt — coding-lane hardening…
GLM_OK: rewrote app/src/main/java/ai/genwhy/nobonk/data/DetectionEvent.kt (9368 chars)
2026-09-04 23:35:00 | PASS 244 · DetectionEvent.kt — generated; running tests…
2026-09-04 23:35:01 | PASS 244 · DetectionEvent.kt — no change
2026-09-04 23:35:11 | PASS 244 · AlertPolicy.kt — coding-lane hardening…
GLM_OK: rewrote app/src/main/java/ai/genwhy/nobonk/ml/AlertPolicy.kt (10816 chars)
2026-09-04 23:47:54 | PASS 244 · AlertPolicy.kt — generated; running tests…
2026-09-04 23:47:55 | PASS 244 · AlertPolicy.kt — no change
2026-09-04 23:48:05 | PASS 244 · AnalyticsEngine.kt — coding-lane hardening…
GLM_OK: rewrote app/src/main/java/ai/genwhy/nobonk/analytics/AnalyticsEngine.kt (10620 chars)
2026-09-04 23:55:21 | PASS 244 · AnalyticsEngine.kt — generated; running tests…
2026-09-04 23:55:22 | PASS 244 · AnalyticsEngine.kt — no change
2026-09-04 23:55:32 | PASS 245 · Nms.kt — coding-lane hardening…
GLM_OK: rewrote app/src/main/java/ai/genwhy/nobonk/ml/Nms.kt (5211 chars)
2026-09-05 00:04:55 | PASS 245 · Nms.kt — generated; running tests…
2026-09-05 00:04:56 | PASS 245 · Nms.kt — no change
2026-09-05 00:05:06 | PASS 245 · LowLight.kt — coding-lane hardening…
GLM_OK: rewrote app/src/main/java/ai/genwhy/nobonk/ml/LowLight.kt (5393 chars)
2026-09-05 00:14:08 | PASS 245 · LowLight.kt — generated; running tests…
2026-09-05 00:14:08 | PASS 245 · LowLight.kt — no change
2026-09-05 00:14:19 | PASS 245 · Letterbox.kt — coding-lane hardening…
GLM_OK: rewrote app/src/main/java/ai/genwhy/nobonk/ml/Letterbox.kt (5874 chars)
2026-09-05 00:23:06 | PASS 245 · Letterbox.kt — generated; running tests…
2026-09-05 00:23:07 | PASS 245 · Letterbox.kt — no change
2026-09-05 00:23:17 | PASS 245 · Detection.kt — coding-lane hardening…
GLM_OK: rewrote app/src/main/java/ai/genwhy/nobonk/model/Detection.kt (6872 chars)
2026-09-05 00:33:45 | PASS 245 · Detection.kt — generated; running tests…
2026-09-05 00:33:46 | PASS 245 · Detection.kt — no change
2026-09-05 00:33:56 | PASS 245 · NormBox.kt — coding-lane hardening…
GLM_OK: rewrote app/src/main/java/ai/genwhy/nobonk/model/NormBox.kt (6088 chars)
2026-09-05 00:44:01 | PASS 245 · NormBox.kt — generated; running tests…
2026-09-05 00:44:01 | PASS 245 · NormBox.kt — no change
2026-09-05 00:44:11 | PASS 245 · SensorMonitor.kt — coding-lane hardening…
GLM_OK: rewrote app/src/main/java/ai/genwhy/nobonk/ml/SensorMonitor.kt (9094 chars)
2026-09-05 00:53:15 | PASS 245 · SensorMonitor.kt — generated; running tests…
2026-09-05 00:53:16 | PASS 245 · SensorMonitor.kt — no change
2026-09-05 00:53:26 | PASS 245 · DetectionEvent.kt — coding-lane hardening…
GLM_OK: rewrote app/src/main/java/ai/genwhy/nobonk/data/DetectionEvent.kt (9368 chars)
2026-09-05 00:58:57 | PASS 245 · DetectionEvent.kt — generated; running tests…
2026-09-05 00:58:58 | PASS 245 · DetectionEvent.kt — no change
2026-09-05 00:59:08 | PASS 245 · AlertPolicy.kt — coding-lane hardening…
GLM_OK: rewrote app/src/main/java/ai/genwhy/nobonk/ml/AlertPolicy.kt (10816 chars)
2026-09-05 01:07:09 | PASS 245 · AlertPolicy.kt — generated; running tests…
2026-09-05 01:07:10 | PASS 245 · AlertPolicy.kt — no change
2026-09-05 01:07:20 | PASS 245 · AnalyticsEngine.kt — coding-lane hardening…
GLM_OK: rewrote app/src/main/java/ai/genwhy/nobonk/analytics/AnalyticsEngine.kt (10620 chars)
2026-09-05 01:18:01 | PASS 245 · AnalyticsEngine.kt — generated; running tests…
2026-09-05 01:18:02 | PASS 245 · AnalyticsEngine.kt — no change
2026-09-05 01:18:12 | PASS 246 · Nms.kt — coding-lane hardening…
GLM_OK: rewrote app/src/main/java/ai/genwhy/nobonk/ml/Nms.kt (5211 chars)
2026-09-05 01:26:32 | PASS 246 · Nms.kt — generated; running tests…
2026-09-05 01:26:33 | PASS 246 · Nms.kt — no change
2026-09-05 01:26:43 | PASS 246 · LowLight.kt — coding-lane hardening…
GLM_OK: rewrote app/src/main/java/ai/genwhy/nobonk/ml/LowLight.kt (5393 chars)
2026-09-05 01:34:20 | PASS 246 · LowLight.kt — generated; running tests…
2026-09-05 01:34:21 | PASS 246 · LowLight.kt — no change
2026-09-05 01:34:31 | PASS 246 · Letterbox.kt — coding-lane hardening…
GLM_OK: rewrote app/src/main/java/ai/genwhy/nobonk/ml/Letterbox.kt (5874 chars)
2026-09-05 01:42:27 | PASS 246 · Letterbox.kt — generated; running tests…
2026-09-05 01:42:27 | PASS 246 · Letterbox.kt — no change
2026-09-05 01:42:37 | PASS 246 · Detection.kt — coding-lane hardening…
GLM_OK: rewrote app/src/main/java/ai/genwhy/nobonk/model/Detection.kt (6872 chars)
2026-09-05 01:53:57 | PASS 246 · Detection.kt — generated; running tests…
2026-09-05 01:54:07 | PASS 246 · Detection.kt — no change
2026-09-05 01:54:17 | PASS 246 · NormBox.kt — coding-lane hardening…
GLM_OK: rewrote app/src/main/java/ai/genwhy/nobonk/model/NormBox.kt (6088 chars)
2026-09-05 02:02:47 | PASS 246 · NormBox.kt — generated; running tests…
2026-09-05 02:02:48 | PASS 246 · NormBox.kt — no change
2026-09-05 02:02:58 | PASS 246 · SensorMonitor.kt — coding-lane hardening…
GLM_OK: rewrote app/src/main/java/ai/genwhy/nobonk/ml/SensorMonitor.kt (9094 chars)
2026-09-05 02:13:33 | PASS 246 · SensorMonitor.kt — generated; running tests…
2026-09-05 02:13:34 | PASS 246 · SensorMonitor.kt — no change
2026-09-05 02:13:44 | PASS 246 · DetectionEvent.kt — coding-lane hardening…
GLM_OK: rewrote app/src/main/java/ai/genwhy/nobonk/data/DetectionEvent.kt (9368 chars)
2026-09-05 02:23:28 | PASS 246 · DetectionEvent.kt — generated; running tests…
2026-09-05 02:23:30 | PASS 246 · DetectionEvent.kt — no change
2026-09-05 02:23:40 | PASS 246 · AlertPolicy.kt — coding-lane hardening…
GLM_OK: rewrote app/src/main/java/ai/genwhy/nobonk/ml/AlertPolicy.kt (10816 chars)
2026-09-05 02:30:20 | PASS 246 · AlertPolicy.kt — generated; running tests…
2026-09-05 02:30:21 | PASS 246 · AlertPolicy.kt — no change
2026-09-05 02:30:31 | PASS 246 · AnalyticsEngine.kt — coding-lane hardening…
GLM_OK: rewrote app/src/main/java/ai/genwhy/nobonk/analytics/AnalyticsEngine.kt (10620 chars)
2026-09-05 02:40:09 | PASS 246 · AnalyticsEngine.kt — generated; running tests…
2026-09-05 02:40:10 | PASS 246 · AnalyticsEngine.kt — no change
2026-09-05 02:40:20 | PASS 247 · Nms.kt — coding-lane hardening…
GLM_OK: rewrote app/src/main/java/ai/genwhy/nobonk/ml/Nms.kt (5211 chars)
2026-09-05 02:48:27 | PASS 247 · Nms.kt — generated; running tests…
2026-09-05 02:48:29 | PASS 247 · Nms.kt — no change
2026-09-05 02:48:39 | PASS 247 · LowLight.kt — coding-lane hardening…
GLM_OK: rewrote app/src/main/java/ai/genwhy/nobonk/ml/LowLight.kt (5393 chars)
2026-09-05 02:59:07 | PASS 247 · LowLight.kt — generated; running tests…
2026-09-05 02:59:09 | PASS 247 · LowLight.kt — no change
2026-09-05 02:59:19 | PASS 247 · Letterbox.kt — coding-lane hardening…
GLM_OK: rewrote app/src/main/java/ai/genwhy/nobonk/ml/Letterbox.kt (5874 chars)
2026-09-05 03:06:00 | PASS 247 · Letterbox.kt — generated; running tests…
2026-09-05 03:06:01 | PASS 247 · Letterbox.kt — no change
2026-09-05 03:06:11 | PASS 247 · Detection.kt — coding-lane hardening…
GLM_OK: rewrote app/src/main/java/ai/genwhy/nobonk/model/Detection.kt (6872 chars)
2026-09-05 03:10:28 | PASS 247 · Detection.kt — generated; running tests…
2026-09-05 03:10:29 | PASS 247 · Detection.kt — no change
2026-09-05 03:10:39 | PASS 247 · NormBox.kt — coding-lane hardening…
GLM_OK: rewrote app/src/main/java/ai/genwhy/nobonk/model/NormBox.kt (6088 chars)
2026-09-05 03:17:42 | PASS 247 · NormBox.kt — generated; running tests…
2026-09-05 03:17:43 | PASS 247 · NormBox.kt — no change
2026-09-05 03:17:53 | PASS 247 · SensorMonitor.kt — coding-lane hardening…
GLM_OK: rewrote app/src/main/java/ai/genwhy/nobonk/ml/SensorMonitor.kt (9094 chars)
2026-09-05 03:24:56 | PASS 247 · SensorMonitor.kt — generated; running tests…
2026-09-05 03:24:57 | PASS 247 · SensorMonitor.kt — no change
2026-09-05 03:25:07 | PASS 247 · DetectionEvent.kt — coding-lane hardening…
GLM_OK: rewrote app/src/main/java/ai/genwhy/nobonk/data/DetectionEvent.kt (9368 chars)
2026-09-05 03:31:01 | PASS 247 · DetectionEvent.kt — generated; running tests…
2026-09-05 03:31:02 | PASS 247 · DetectionEvent.kt — no change
2026-09-05 03:31:12 | PASS 247 · AlertPolicy.kt — coding-lane hardening…
GLM_OK: rewrote app/src/main/java/ai/genwhy/nobonk/ml/AlertPolicy.kt (10816 chars)
2026-09-05 03:44:26 | PASS 247 · AlertPolicy.kt — generated; running tests…
2026-09-05 03:44:27 | PASS 247 · AlertPolicy.kt — no change
2026-09-05 03:44:37 | PASS 247 · AnalyticsEngine.kt — coding-lane hardening…
GLM_OK: rewrote app/src/main/java/ai/genwhy/nobonk/analytics/AnalyticsEngine.kt (10620 chars)
2026-09-05 03:58:40 | PASS 247 · AnalyticsEngine.kt — generated; running tests…
2026-09-05 03:58:41 | PASS 247 · AnalyticsEngine.kt — no change
2026-09-05 03:58:51 | PASS 248 · Nms.kt — coding-lane hardening…
GLM_OK: rewrote app/src/main/java/ai/genwhy/nobonk/ml/Nms.kt (5211 chars)
2026-09-05 04:07:33 | PASS 248 · Nms.kt — generated; running tests…
2026-09-05 04:07:34 | PASS 248 · Nms.kt — no change
2026-09-05 04:07:44 | PASS 248 · LowLight.kt — coding-lane hardening…
GLM_OK: rewrote app/src/main/java/ai/genwhy/nobonk/ml/LowLight.kt (5393 chars)
2026-09-05 04:15:20 | PASS 248 · LowLight.kt — generated; running tests…
2026-09-05 04:15:21 | PASS 248 · LowLight.kt — no change
2026-09-05 04:15:31 | PASS 248 · Letterbox.kt — coding-lane hardening…
GLM_OK: rewrote app/src/main/java/ai/genwhy/nobonk/ml/Letterbox.kt (5874 chars)
2026-09-05 04:24:02 | PASS 248 · Letterbox.kt — generated; running tests…
2026-09-05 04:24:03 | PASS 248 · Letterbox.kt — no change
2026-09-05 04:24:13 | PASS 248 · Detection.kt — coding-lane hardening…
GLM_OK: rewrote app/src/main/java/ai/genwhy/nobonk/model/Detection.kt (6872 chars)
2026-09-05 04:36:00 | PASS 248 · Detection.kt — generated; running tests…
2026-09-05 04:36:01 | PASS 248 · Detection.kt — no change
2026-09-05 04:36:11 | PASS 248 · NormBox.kt — coding-lane hardening…
GLM_OK: rewrote app/src/main/java/ai/genwhy/nobonk/model/NormBox.kt (6088 chars)
2026-09-05 04:42:29 | PASS 248 · NormBox.kt — generated; running tests…
2026-09-05 04:42:30 | PASS 248 · NormBox.kt — no change
2026-09-05 04:42:40 | PASS 248 · SensorMonitor.kt — coding-lane hardening…
GLM_OK: rewrote app/src/main/java/ai/genwhy/nobonk/ml/SensorMonitor.kt (9094 chars)
2026-09-05 04:53:39 | PASS 248 · SensorMonitor.kt — generated; running tests…
2026-09-05 04:53:40 | PASS 248 · SensorMonitor.kt — no change
2026-09-05 04:53:50 | PASS 248 · DetectionEvent.kt — coding-lane hardening…
GLM_OK: rewrote app/src/main/java/ai/genwhy/nobonk/data/DetectionEvent.kt (9368 chars)
2026-09-05 05:06:21 | PASS 248 · DetectionEvent.kt — generated; running tests…
2026-09-05 05:06:22 | PASS 248 · DetectionEvent.kt — no change
2026-09-05 05:06:32 | PASS 248 · AlertPolicy.kt — coding-lane hardening…
GLM_OK: rewrote app/src/main/java/ai/genwhy/nobonk/ml/AlertPolicy.kt (10816 chars)
2026-09-05 05:16:16 | PASS 248 · AlertPolicy.kt — generated; running tests…
2026-09-05 05:16:17 | PASS 248 · AlertPolicy.kt — no change
2026-09-05 05:16:27 | PASS 248 · AnalyticsEngine.kt — coding-lane hardening…
GLM_OK: rewrote app/src/main/java/ai/genwhy/nobonk/analytics/AnalyticsEngine.kt (10620 chars)
2026-09-05 05:25:07 | PASS 248 · AnalyticsEngine.kt — generated; running tests…
2026-09-05 05:25:07 | PASS 248 · AnalyticsEngine.kt — no change
2026-09-05 05:25:17 | PASS 249 · Nms.kt — coding-lane hardening…
